{"type": "FeatureCollection", "features": [{"type": "Feature", "properties": {"COUNTYNAME": "臺東縣", "name": "臺東縣", "COUNTYSN": "10014001"}, "geometry": {"type": "MultiPolygon", "coordinates": [[[[121.60104, 22.01792], [121.60112, 22.01757], [121.60113, 22.01752], [121.60112, 22.01748], [121.60108, 22.01746], [121.60103, 22.01745], [121.60097, 22.01746], [121.60094, 22.01749], [121.60091, 22.01752], [121.60083, 22.01798], [121.60083, 22.01807], [121.60085, 22.0181], [121.60088, 22.01812], [121.60092, 22.01812], [121.60097, 22.0181], [121.601, 22.01806], [121.60102, 22.01799], [121.60104, 22.01792]]], [[[121.60118, 21.95359], [121.60122, 21.95359], [121.60127, 21.95358], [121.60169, 21.95329], [121.60172, 21.95326], [121.60174, 21.95322], [121.60174, 21.95319], [121.60173, 21.95308], [121.60171, 21.95304], [121.60168, 21.95299], [121.60158, 21.95289], [121.60149, 21.95278], [121.60145, 21.95276], [121.6014, 21.95275], [121.60136, 21.95276], [121.60102, 21.95296], [121.60099, 21.95299], [121.60098, 21.95304], [121.60098, 21.9531], [121.60115, 21.95356], [121.60118, 21.95359]]], [[[121.6147, 21.95052], [121.61488, 21.95038], [121.61489, 21.95036], [121.61489, 21.95033], [121.61486, 21.95027], [121.61484, 21.95026], [121.61482, 21.95026], [121.61479, 21.95026], [121.61463, 21.95037], [121.61461, 21.95039], [121.6146, 21.95041], [121.6146, 21.95045], [121.6146, 21.95048], [121.61461, 21.9505], [121.61464, 21.95053], [121.61467, 21.95053], [121.6147, 21.95052]]], [[[121.60863, 21.94437], [121.60327, 21.95209], [121.61372, 21.95422], [121.6145, 21.9461], [121.60863, 21.94437]]], [[[121.41892, 23.22488], [121.41899, 23.22487], [121.41903, 23.22485], [121.41906, 23.22482], [121.41907, 23.22481], [121.41907, 23.22479], [121.41905, 23.22477], [121.41902, 23.22477], [121.41898, 23.22478], [121.41889, 23.22483], [121.41887, 23.22485], [121.41886, 23.22487], [121.41889, 23.22488], [121.41892, 23.22488]]], [[[121.41827, 23.22418], [121.4183, 23.22419], [121.41834, 23.22418], [121.41836, 23.22416], [121.41837, 23.22414], [121.41838, 23.22413], [121.41837, 23.22411], [121.41836, 23.2241], [121.41831, 23.22411], [121.41829, 23.22411], [121.41824, 23.22409], [121.41822, 23.22409], [121.4182, 23.22411], [121.41819, 23.22413], [121.41819, 23.22415], [121.4182, 23.22417], [121.41824, 23.22418], [121.41827, 23.22418]]], [[[121.41789, 23.22382], [121.41793, 23.2238], [121.41795, 23.22376], [121.41796, 23.22372], [121.41792, 23.22346], [121.41792, 23.22343], [121.41789, 23.22341], [121.41785, 23.2234], [121.41782, 23.2234], [121.41779, 23.22343], [121.41777, 23.22346], [121.41776, 23.22349], [121.41776, 23.22352], [121.41783, 23.22379], [121.41786, 23.22381], [121.41789, 23.22382]]], [[[121.4174, 23.2235], [121.41741, 23.2235], [121.41743, 23.22349], [121.41755, 23.22337], [121.41756, 23.22335], [121.41755, 23.22334], [121.41733, 23.22316], [121.4173, 23.22315], [121.41728, 23.22316], [121.41727, 23.22317], [121.41724, 23.22327], [121.41725, 23.22329], [121.41726, 23.22331], [121.41739, 23.22349], [121.4174, 23.2235]]], [[[121.41527, 23.2205], [121.41529, 23.22049], [121.41531, 23.22047], [121.4153, 23.22045], [121.41529, 23.22043], [121.41526, 23.22043], [121.41524, 23.22044], [121.41524, 23.22046], [121.41525, 23.22049], [121.41527, 23.2205]]], [[[121.41559, 23.21968], [121.41561, 23.21969], [121.41564, 23.21969], [121.41576, 23.21965], [121.41578, 23.21963], [121.41579, 23.2196], [121.4158, 23.21949], [121.4158, 23.21944], [121.41579, 23.21942], [121.41545, 23.21916], [121.41536, 23.21915], [121.41533, 23.21915], [121.41531, 23.21916], [121.41519, 23.21926], [121.41518, 23.21928], [121.41519, 23.2193], [121.41533, 23.21949], [121.41544, 23.21959], [121.41546, 23.2196], [121.41549, 23.21961], [121.41553, 23.2196], [121.41555, 23.21962], [121.41559, 23.21968]]], [[[121.41419, 23.21761], [121.4142, 23.21756], [121.41419, 23.21752], [121.41413, 23.21746], [121.41407, 23.21746], [121.41404, 23.21749], [121.414, 23.21754], [121.41402, 23.21759], [121.41406, 23.21764], [121.41411, 23.21766], [121.41416, 23.21764], [121.41419, 23.21761]]], [[[121.41279, 23.21656], [121.41281, 23.21655], [121.41281, 23.21653], [121.41283, 23.21651], [121.41283, 23.21647], [121.41282, 23.21644], [121.41281, 23.21641], [121.41281, 23.21638], [121.41282, 23.21633], [121.41281, 23.21631], [121.41278, 23.21627], [121.41276, 23.21626], [121.41272, 23.21626], [121.41269, 23.21626], [121.41267, 23.21628], [121.41266, 23.21631], [121.41267, 23.21634], [121.41268, 23.21637], [121.41273, 23.21642], [121.41274, 23.21645], [121.41274, 23.2165], [121.41275, 23.21654], [121.41277, 23.21656], [121.41279, 23.21656]]], [[[121.41199, 23.21625], [121.41202, 23.21627], [121.41204, 23.21627], [121.41206, 23.21626], [121.41208, 23.21624], [121.41209, 23.21621], [121.41198, 23.21609], [121.41189, 23.21603], [121.41187, 23.21602], [121.41185, 23.21602], [121.41183, 23.21604], [121.41182, 23.21607], [121.41183, 23.2161], [121.41186, 23.21613], [121.41199, 23.21625]]], [[[121.41047, 23.21479], [121.41051, 23.21479], [121.41054, 23.21478], [121.41057, 23.21476], [121.41059, 23.21474], [121.41059, 23.21471], [121.41058, 23.2147], [121.41058, 23.21469], [121.41056, 23.21469], [121.41051, 23.2147], [121.41049, 23.2147], [121.41046, 23.2147], [121.41044, 23.21472], [121.41043, 23.21473], [121.41042, 23.21476], [121.41043, 23.21478], [121.41044, 23.21479], [121.41047, 23.21479]]], [[[121.41022, 23.21425], [121.41031, 23.21419], [121.41031, 23.21418], [121.4103, 23.21416], [121.41028, 23.21414], [121.41024, 23.21414], [121.41019, 23.21416], [121.41016, 23.21421], [121.41016, 23.21424], [121.41019, 23.21426], [121.41022, 23.21425]]], [[[121.40663, 23.18272], [121.40665, 23.18272], [121.40666, 23.18271], [121.40687, 23.18246], [121.40688, 23.18243], [121.40686, 23.18239], [121.40683, 23.18235], [121.40624, 23.18193], [121.40621, 23.18192], [121.4062, 23.18194], [121.4062, 23.18196], [121.40623, 23.18205], [121.40645, 23.18245], [121.40663, 23.18272]]], [[[121.40538, 23.18016], [121.4054, 23.18016], [121.40541, 23.18015], [121.40541, 23.18013], [121.40541, 23.18011], [121.40539, 23.18008], [121.40509, 23.17975], [121.40508, 23.17973], [121.40506, 23.17973], [121.40505, 23.17974], [121.40505, 23.17976], [121.40506, 23.17994], [121.40508, 23.17996], [121.40536, 23.18015], [121.40538, 23.18016]]], [[[121.40457, 23.17927], [121.40461, 23.17929], [121.40464, 23.17929], [121.40465, 23.17927], [121.40464, 23.17922], [121.40441, 23.17869], [121.40433, 23.17852], [121.40428, 23.17841], [121.40397, 23.17815], [121.40394, 23.17814], [121.40392, 23.17815], [121.40391, 23.17826], [121.404, 23.17841], [121.40418, 23.17877], [121.40439, 23.17905], [121.40457, 23.17927]]], [[[121.41835, 23.12741], [121.41832, 23.1274], [121.41818, 23.12743], [121.41744, 23.12755], [121.41741, 23.12756], [121.4174, 23.12759], [121.41741, 23.12771], [121.41744, 23.12776], [121.41748, 23.12778], [121.41753, 23.1278], [121.41758, 23.12779], [121.41786, 23.12777], [121.41829, 23.12769], [121.41841, 23.12765], [121.41843, 23.12762], [121.41843, 23.12758], [121.41843, 23.12755], [121.41837, 23.12742], [121.41835, 23.12741]]], [[[121.41822, 23.12681], [121.41826, 23.12681], [121.41829, 23.12679], [121.4183, 23.12677], [121.4183, 23.12673], [121.4183, 23.12671], [121.41828, 23.12668], [121.41825, 23.12667], [121.41818, 23.12667], [121.41814, 23.12666], [121.41811, 23.12664], [121.41809, 23.12664], [121.41808, 23.12665], [121.41808, 23.12668], [121.41809, 23.1267], [121.41815, 23.12677], [121.41819, 23.1268], [121.41822, 23.12681]]], [[[121.42568, 23.12614], [121.42572, 23.1261], [121.42579, 23.12605], [121.42589, 23.12603], [121.42591, 23.126], [121.42591, 23.12597], [121.42588, 23.12595], [121.42582, 23.12594], [121.42574, 23.12596], [121.42554, 23.12605], [121.42551, 23.12607], [121.42549, 23.12611], [121.42549, 23.12614], [121.42551, 23.12617], [121.42555, 23.12618], [121.42559, 23.12617], [121.42568, 23.12614]]], [[[121.4101, 23.12458], [121.41011, 23.12456], [121.41011, 23.12454], [121.41009, 23.12452], [121.41001, 23.12448], [121.40987, 23.12443], [121.40976, 23.12438], [121.40972, 23.12438], [121.40967, 23.12437], [121.40965, 23.12439], [121.40964, 23.12441], [121.40964, 23.12444], [121.40967, 23.12446], [121.40974, 23.12448], [121.4098, 23.1245], [121.40984, 23.12453], [121.40988, 23.12459], [121.40991, 23.12466], [121.40995, 23.12471], [121.40998, 23.12474], [121.41001, 23.12475], [121.41004, 23.12475], [121.41007, 23.12473], [121.41007, 23.1247], [121.41007, 23.12464], [121.41007, 23.12461], [121.4101, 23.12458]]], [[[121.41928, 23.12316], [121.41934, 23.12313], [121.41938, 23.12311], [121.4194, 23.12309], [121.4194, 23.12306], [121.41938, 23.12303], [121.41933, 23.12299], [121.41921, 23.12294], [121.41917, 23.12291], [121.41914, 23.12289], [121.41912, 23.12284], [121.41909, 23.12283], [121.41906, 23.12283], [121.41903, 23.12284], [121.41898, 23.12287], [121.41896, 23.12289], [121.41897, 23.12294], [121.41899, 23.12296], [121.41909, 23.12303], [121.41915, 23.12314], [121.41919, 23.12316], [121.41924, 23.12317], [121.41928, 23.12316]]], [[[121.41548, 23.12254], [121.41552, 23.12251], [121.41553, 23.12248], [121.41553, 23.12244], [121.4155, 23.12242], [121.41547, 23.12241], [121.41542, 23.12242], [121.41537, 23.12244], [121.41534, 23.12247], [121.41534, 23.1225], [121.41535, 23.12253], [121.41538, 23.12255], [121.41543, 23.12256], [121.41548, 23.12254]]], [[[121.41669, 23.12281], [121.41675, 23.12282], [121.41683, 23.12281], [121.41691, 23.12275], [121.417, 23.12269], [121.41703, 23.12265], [121.41703, 23.12262], [121.41697, 23.12184], [121.41696, 23.1218], [121.41691, 23.12179], [121.41687, 23.12179], [121.41681, 23.12181], [121.41677, 23.12183], [121.4167, 23.12184], [121.41667, 23.12185], [121.41665, 23.12188], [121.41659, 23.122], [121.41652, 23.12208], [121.41651, 23.12212], [121.41646, 23.12231], [121.41642, 23.12246], [121.41643, 23.1225], [121.41669, 23.12281]]], [[[121.39929, 23.11502], [121.39929, 23.11495], [121.39929, 23.11493], [121.39928, 23.11492], [121.39926, 23.11492], [121.39924, 23.11493], [121.39917, 23.115], [121.39917, 23.11502], [121.39917, 23.11504], [121.39919, 23.11504], [121.39924, 23.11503], [121.39928, 23.11502], [121.39929, 23.11502]]], [[[121.39489, 23.11425], [121.39491, 23.11427], [121.39492, 23.11428], [121.39494, 23.11428], [121.39495, 23.11427], [121.39496, 23.11425], [121.39495, 23.11422], [121.39493, 23.11415], [121.39479, 23.11399], [121.39471, 23.11393], [121.39469, 23.11393], [121.39467, 23.11393], [121.39466, 23.11394], [121.39466, 23.11396], [121.39467, 23.11398], [121.39469, 23.11399], [121.39475, 23.11404], [121.39487, 23.11417], [121.39488, 23.1142], [121.39489, 23.11425]]], [[[121.4013, 23.11354], [121.40133, 23.11354], [121.40134, 23.11351], [121.40135, 23.11349], [121.40135, 23.11345], [121.40134, 23.11341], [121.40133, 23.1134], [121.40131, 23.11339], [121.40129, 23.1134], [121.40127, 23.11341], [121.40122, 23.11345], [121.40121, 23.11347], [121.40121, 23.11349], [121.40123, 23.11351], [121.40127, 23.11353], [121.4013, 23.11354]]], [[[121.39393, 23.1118], [121.39395, 23.11182], [121.39397, 23.11182], [121.39398, 23.11179], [121.39398, 23.11176], [121.39378, 23.11137], [121.39376, 23.11135], [121.39373, 23.11135], [121.39371, 23.11136], [121.3937, 23.11138], [121.39393, 23.1118]]], [[[121.39423, 23.11126], [121.39423, 23.11124], [121.39423, 23.11117], [121.39423, 23.11115], [121.39421, 23.11114], [121.3942, 23.11113], [121.39418, 23.11113], [121.39417, 23.11115], [121.39416, 23.11122], [121.39417, 23.11123], [121.39419, 23.11125], [121.39421, 23.11126], [121.39423, 23.11126]]], [[[121.3935, 23.11064], [121.39354, 23.11059], [121.39355, 23.11049], [121.39357, 23.1102], [121.39353, 23.11015], [121.39331, 23.10979], [121.39326, 23.10979], [121.39325, 23.1099], [121.39346, 23.1106], [121.3935, 23.11064]]], [[[121.39186, 23.10808], [121.39189, 23.10809], [121.39194, 23.10807], [121.39201, 23.10804], [121.39202, 23.10802], [121.39203, 23.10798], [121.39201, 23.10796], [121.39198, 23.10795], [121.39152, 23.10782], [121.39148, 23.10781], [121.39145, 23.10782], [121.39142, 23.10783], [121.3914, 23.10785], [121.39139, 23.10788], [121.3914, 23.1079], [121.39145, 23.10794], [121.39151, 23.10798], [121.39158, 23.10801], [121.39186, 23.10808]]], [[[121.39066, 23.10808], [121.3907, 23.10805], [121.39077, 23.10798], [121.39078, 23.10795], [121.39077, 23.10791], [121.39076, 23.10787], [121.39063, 23.10768], [121.39053, 23.1074], [121.39046, 23.10706], [121.39045, 23.10704], [121.39043, 23.10703], [121.39041, 23.10703], [121.3904, 23.10705], [121.3903, 23.10746], [121.39032, 23.10751], [121.39054, 23.10798], [121.39058, 23.10805], [121.39063, 23.10808], [121.39066, 23.10808]]], [[[121.39083, 23.10708], [121.39085, 23.10707], [121.39086, 23.10706], [121.39087, 23.10703], [121.39087, 23.10699], [121.39086, 23.10697], [121.39085, 23.10695], [121.39083, 23.10694], [121.39081, 23.10695], [121.3908, 23.10696], [121.39079, 23.10698], [121.39079, 23.10704], [121.3908, 23.10706], [121.3908, 23.10708], [121.39082, 23.10708], [121.39083, 23.10708]]], [[[121.3897, 23.10621], [121.38974, 23.1062], [121.38974, 23.10618], [121.38974, 23.10617], [121.38973, 23.10616], [121.38966, 23.10616], [121.38961, 23.10617], [121.38958, 23.10619], [121.38956, 23.10621], [121.38955, 23.10626], [121.38956, 23.10629], [121.38957, 23.10632], [121.3896, 23.10633], [121.38962, 23.10632], [121.38963, 23.1063], [121.38964, 23.10627], [121.38967, 23.10623], [121.3897, 23.10621]]], [[[121.38842, 23.10399], [121.38848, 23.10398], [121.38851, 23.10393], [121.38845, 23.10359], [121.38841, 23.10352], [121.38838, 23.10351], [121.38832, 23.10352], [121.38826, 23.10373], [121.38826, 23.10377], [121.38831, 23.10393], [121.38834, 23.10398], [121.38837, 23.10398], [121.38842, 23.10399]]], [[[121.38683, 23.1023], [121.38687, 23.1023], [121.38689, 23.10228], [121.3869, 23.10226], [121.38689, 23.10224], [121.38688, 23.10222], [121.38684, 23.10222], [121.38681, 23.10223], [121.38678, 23.10224], [121.38675, 23.10228], [121.38675, 23.1023], [121.38676, 23.10232], [121.38678, 23.10233], [121.38679, 23.10233], [121.38683, 23.1023]]], [[[121.38719, 23.10176], [121.38722, 23.10174], [121.38747, 23.10149], [121.38752, 23.10134], [121.38752, 23.10125], [121.3875, 23.10119], [121.38724, 23.10093], [121.38619, 23.10004], [121.38616, 23.10003], [121.38541, 23.10003], [121.38537, 23.10004], [121.38535, 23.10006], [121.38532, 23.10018], [121.38543, 23.10064], [121.38557, 23.10088], [121.38562, 23.10096], [121.38624, 23.10166], [121.38635, 23.10169], [121.38716, 23.10176], [121.38719, 23.10176]]], [[[121.38543, 23.09946], [121.38547, 23.09945], [121.38559, 23.09932], [121.38612, 23.09851], [121.38615, 23.09833], [121.38601, 23.09782], [121.38526, 23.0975], [121.38506, 23.09743], [121.38503, 23.09743], [121.385, 23.09746], [121.38464, 23.09779], [121.38463, 23.09781], [121.38459, 23.0982], [121.38477, 23.09918], [121.38484, 23.09938], [121.38543, 23.09946]]], [[[121.3841, 23.09741], [121.38413, 23.09741], [121.38415, 23.09741], [121.38417, 23.09738], [121.3842, 23.09684], [121.38419, 23.09682], [121.38416, 23.0968], [121.38391, 23.09672], [121.38386, 23.09672], [121.38383, 23.09672], [121.3838, 23.09674], [121.38378, 23.09676], [121.38371, 23.09696], [121.3837, 23.09699], [121.38377, 23.09722], [121.38381, 23.09729], [121.38385, 23.09732], [121.3841, 23.09741]]], [[[121.38341, 23.09658], [121.38343, 23.09659], [121.38346, 23.09658], [121.38354, 23.09654], [121.3844, 23.09622], [121.38441, 23.0962], [121.38441, 23.09619], [121.38434, 23.09597], [121.38433, 23.09595], [121.38431, 23.09594], [121.38418, 23.09587], [121.38415, 23.09587], [121.3837, 23.09608], [121.38368, 23.0961], [121.38341, 23.09654], [121.3834, 23.09656], [121.38341, 23.09658]]], [[[121.38338, 23.09585], [121.38373, 23.09575], [121.38375, 23.09574], [121.38376, 23.09571], [121.38375, 23.09569], [121.38371, 23.09569], [121.38338, 23.09578], [121.38335, 23.09579], [121.38333, 23.09582], [121.38333, 23.09584], [121.38335, 23.09585], [121.38338, 23.09585]]], [[[121.38259, 23.09541], [121.38262, 23.09541], [121.38265, 23.0954], [121.38272, 23.09533], [121.38314, 23.0951], [121.38319, 23.09507], [121.38365, 23.09447], [121.38369, 23.0944], [121.38428, 23.09377], [121.38431, 23.09293], [121.3843, 23.09291], [121.38428, 23.0929], [121.3842, 23.09287], [121.38417, 23.09286], [121.38414, 23.0928], [121.38397, 23.09264], [121.38393, 23.09264], [121.38333, 23.09293], [121.3832, 23.09302], [121.38314, 23.09314], [121.383, 23.09364], [121.3826, 23.0947], [121.38259, 23.0948], [121.38257, 23.09486], [121.38254, 23.0951], [121.38257, 23.09538], [121.38259, 23.09541]]], [[[121.38467, 23.09222], [121.3847, 23.09222], [121.38471, 23.0922], [121.38472, 23.09218], [121.38472, 23.09215], [121.38471, 23.0921], [121.38465, 23.09197], [121.38463, 23.09195], [121.38394, 23.09172], [121.3839, 23.09171], [121.38386, 23.09174], [121.38383, 23.09177], [121.38382, 23.09181], [121.38385, 23.09184], [121.38467, 23.09222]]], [[[121.35856, 23.08637], [121.35859, 23.08637], [121.35928, 23.08624], [121.35931, 23.08621], [121.35931, 23.08617], [121.35891, 23.08587], [121.35888, 23.08585], [121.35834, 23.08568], [121.35831, 23.08568], [121.3581, 23.08589], [121.35808, 23.08592], [121.35808, 23.08597], [121.35825, 23.08619], [121.35856, 23.08637]]], [[[121.35875, 23.08315], [121.35879, 23.08313], [121.35904, 23.08265], [121.35881, 23.08209], [121.35844, 23.0814], [121.35839, 23.08131], [121.35833, 23.08126], [121.35826, 23.08124], [121.35818, 23.08125], [121.35812, 23.08128], [121.35808, 23.08135], [121.35806, 23.08141], [121.35807, 23.08254], [121.35808, 23.08261], [121.35811, 23.08265], [121.35871, 23.08314], [121.35875, 23.08315]]], [[[121.27452, 22.92275], [121.27462, 22.92281], [121.27465, 22.92282], [121.27467, 22.92281], [121.27468, 22.92279], [121.27469, 22.92277], [121.27468, 22.92274], [121.2746, 22.92251], [121.27454, 22.92236], [121.27444, 22.92222], [121.27439, 22.92218], [121.27435, 22.92215], [121.2743, 22.92207], [121.27408, 22.92188], [121.27394, 22.92177], [121.27382, 22.92172], [121.27366, 22.92161], [121.27293, 22.92064], [121.27287, 22.9205], [121.27274, 22.92019], [121.27264, 22.92007], [121.27246, 22.91988], [121.27241, 22.91979], [121.27235, 22.91965], [121.27226, 22.91915], [121.2722, 22.91913], [121.27214, 22.91914], [121.2721, 22.91917], [121.27208, 22.91921], [121.27208, 22.91929], [121.27228, 22.92014], [121.27249, 22.92054], [121.27272, 22.92081], [121.27334, 22.92162], [121.27452, 22.92275]]], [[[121.2629, 22.90726], [121.26056, 22.90381], [121.26056, 22.89879], [121.25841, 22.89737], [121.25994, 22.90319], [121.2629, 22.90726]]], [[[121.18751, 22.83182], [121.18754, 22.83181], [121.18756, 22.83178], [121.18757, 22.83174], [121.18756, 22.8317], [121.18754, 22.83168], [121.18751, 22.83167], [121.18749, 22.83169], [121.18747, 22.83172], [121.18747, 22.83179], [121.18749, 22.83182], [121.18751, 22.83182]]], [[[121.18791, 22.83109], [121.18795, 22.83105], [121.18796, 22.83103], [121.18795, 22.83099], [121.18792, 22.83097], [121.18791, 22.83094], [121.18791, 22.83091], [121.18795, 22.83085], [121.18796, 22.83082], [121.18795, 22.83079], [121.18792, 22.83078], [121.18789, 22.83079], [121.18787, 22.83081], [121.18778, 22.83101], [121.18779, 22.83106], [121.18782, 22.8311], [121.18786, 22.8311], [121.18791, 22.83109]]], [[[121.19146, 22.82939], [121.19404, 22.82853], [121.19198, 22.82807], [121.19146, 22.82939]]], [[[121.19753, 22.82719], [121.19757, 22.8272], [121.19798, 22.82712], [121.19799, 22.8271], [121.19798, 22.82706], [121.19795, 22.82703], [121.19789, 22.82703], [121.19764, 22.82702], [121.19756, 22.82704], [121.19751, 22.82707], [121.19749, 22.8271], [121.19748, 22.82714], [121.19749, 22.82717], [121.19753, 22.82719]]], [[[121.19584, 22.82744], [121.19701, 22.82503], [121.19167, 22.82639], [121.19584, 22.82744]]], [[[121.52054, 22.68479], [121.52039, 22.68589], [121.52212, 22.68531], [121.52054, 22.68479]]], [[[121.51188, 22.68049], [121.51005, 22.68082], [121.5102, 22.68222], [121.51165, 22.68263], [121.51188, 22.68049]]], [[[121.51361, 22.68023], [121.51337, 22.68025], [121.51326, 22.68035], [121.51305, 22.68031], [121.51293, 22.68034], [121.5129, 22.68039], [121.51308, 22.68075], [121.51313, 22.681], [121.51324, 22.68102], [121.51339, 22.6808], [121.51345, 22.68077], [121.51352, 22.68079], [121.5136, 22.68088], [121.51365, 22.68089], [121.51376, 22.68087], [121.51381, 22.68071], [121.51388, 22.6806], [121.51389, 22.68039], [121.51361, 22.68023]]], [[[121.49062, 22.68044], [121.49111, 22.68008], [121.4912, 22.68002], [121.49124, 22.67997], [121.49127, 22.67992], [121.49128, 22.67987], [121.49125, 22.67982], [121.49121, 22.67978], [121.49114, 22.67976], [121.49037, 22.67982], [121.4903, 22.67984], [121.49025, 22.67988], [121.49025, 22.67997], [121.49026, 22.68002], [121.49029, 22.68004], [121.49033, 22.68006], [121.49038, 22.68015], [121.49037, 22.68019], [121.49032, 22.68022], [121.49032, 22.68026], [121.49037, 22.68029], [121.49045, 22.68032], [121.49047, 22.68039], [121.49049, 22.68043], [121.49053, 22.68047], [121.49058, 22.68047], [121.49062, 22.68044]]], [[[121.51219, 22.67957], [121.51181, 22.67964], [121.51154, 22.67993], [121.51138, 22.68], [121.51136, 22.6801], [121.51142, 22.68015], [121.51148, 22.68015], [121.51151, 22.6803], [121.51164, 22.6803], [121.51177, 22.68022], [121.51185, 22.68023], [121.51193, 22.6803], [121.51203, 22.68031], [121.51214, 22.68029], [121.51223, 22.68023], [121.51228, 22.68015], [121.51228, 22.68009], [121.51221, 22.68001], [121.51222, 22.67997], [121.51229, 22.67995], [121.5124, 22.67985], [121.5124, 22.67977], [121.51237, 22.67969], [121.51219, 22.67957]]], [[[121.51108, 22.67932], [121.51093, 22.67934], [121.51081, 22.67948], [121.51061, 22.67952], [121.51047, 22.6796], [121.51046, 22.67965], [121.51052, 22.67978], [121.51066, 22.67987], [121.51069, 22.67993], [121.51066, 22.68015], [121.51068, 22.68022], [121.51075, 22.68025], [121.51084, 22.68026], [121.51101, 22.68012], [121.51117, 22.68012], [121.51127, 22.68008], [121.51131, 22.68003], [121.51128, 22.67978], [121.51142, 22.6797], [121.51141, 22.6796], [121.51108, 22.67932]]], [[[121.51156, 22.66968], [121.5116, 22.66968], [121.51164, 22.66966], [121.51166, 22.66962], [121.51167, 22.66957], [121.51167, 22.66952], [121.51166, 22.66947], [121.51163, 22.66942], [121.51156, 22.66936], [121.51153, 22.66935], [121.51148, 22.66935], [121.51144, 22.66935], [121.51139, 22.66936], [121.51134, 22.66935], [121.5113, 22.66935], [121.51127, 22.66935], [121.51124, 22.66937], [121.51122, 22.66941], [121.51121, 22.66946], [121.51122, 22.66949], [121.51125, 22.66957], [121.51125, 22.6696], [121.51125, 22.66965], [121.51127, 22.66968], [121.5113, 22.66974], [121.51132, 22.66976], [121.51134, 22.66976], [121.51136, 22.66975], [121.51141, 22.66971], [121.51146, 22.66967], [121.51149, 22.66967], [121.51156, 22.66968]]], [[[121.51302, 22.66661], [121.51296, 22.66663], [121.51294, 22.66667], [121.51295, 22.66682], [121.51294, 22.66694], [121.51295, 22.66699], [121.51298, 22.66704], [121.51307, 22.66709], [121.51316, 22.66717], [121.51319, 22.6672], [121.51323, 22.6672], [121.51327, 22.66717], [121.51337, 22.66703], [121.51344, 22.66698], [121.51347, 22.66693], [121.51348, 22.66687], [121.51346, 22.66682], [121.51339, 22.66676], [121.5133, 22.66673], [121.51323, 22.6667], [121.51317, 22.66668], [121.51308, 22.66663], [121.51302, 22.66661]]], [[[121.51164, 22.66529], [121.5117, 22.66526], [121.51175, 22.66525], [121.51188, 22.66524], [121.51192, 22.66523], [121.51196, 22.6652], [121.51198, 22.66516], [121.51198, 22.66508], [121.51189, 22.66493], [121.51189, 22.66487], [121.51188, 22.66479], [121.51184, 22.66475], [121.5118, 22.66472], [121.51177, 22.66471], [121.51174, 22.66471], [121.5117, 22.66472], [121.51164, 22.66477], [121.51158, 22.66484], [121.51154, 22.66491], [121.51151, 22.66496], [121.51145, 22.66499], [121.51143, 22.66502], [121.51141, 22.66507], [121.5114, 22.66514], [121.51148, 22.66529], [121.51152, 22.66531], [121.51154, 22.66532], [121.51159, 22.66532], [121.51164, 22.66529]]], [[[121.51272, 22.66296], [121.51262, 22.66294], [121.51254, 22.66295], [121.51248, 22.66298], [121.51245, 22.66303], [121.5124, 22.66309], [121.51233, 22.66313], [121.51227, 22.66315], [121.51221, 22.66314], [121.51215, 22.66311], [121.51208, 22.66309], [121.51204, 22.66309], [121.51198, 22.66313], [121.51195, 22.66316], [121.51182, 22.66322], [121.51177, 22.66326], [121.51175, 22.66333], [121.51176, 22.66339], [121.51178, 22.66347], [121.51186, 22.66356], [121.5119, 22.66365], [121.51192, 22.66372], [121.51192, 22.66395], [121.51192, 22.66402], [121.51195, 22.66408], [121.512, 22.66412], [121.51205, 22.66414], [121.51215, 22.66413], [121.51223, 22.66409], [121.51227, 22.66408], [121.51238, 22.66414], [121.51243, 22.66415], [121.51248, 22.66414], [121.51256, 22.66409], [121.51264, 22.66404], [121.51268, 22.664], [121.5127, 22.66395], [121.51269, 22.6638], [121.5127, 22.66373], [121.51272, 22.66367], [121.51277, 22.6636], [121.51284, 22.66356], [121.51287, 22.66353], [121.51288, 22.66346], [121.51288, 22.66339], [121.51279, 22.66324], [121.51276, 22.66319], [121.51275, 22.66314], [121.51277, 22.6631], [121.51281, 22.66304], [121.5128, 22.66298], [121.51276, 22.66296], [121.51272, 22.66296]]], [[[121.50758, 22.6591], [121.5076, 22.65908], [121.50763, 22.65908], [121.50793, 22.65908], [121.50799, 22.65906], [121.50803, 22.65905], [121.50805, 22.65905], [121.50807, 22.65906], [121.50824, 22.65917], [121.50828, 22.6592], [121.50832, 22.6592], [121.50836, 22.65919], [121.50839, 22.65918], [121.50849, 22.65906], [121.50851, 22.65902], [121.50852, 22.65899], [121.50852, 22.65895], [121.50851, 22.65891], [121.50849, 22.65888], [121.50847, 22.65886], [121.50841, 22.65883], [121.50836, 22.65883], [121.50833, 22.65883], [121.50832, 22.65882], [121.50822, 22.65871], [121.50819, 22.65869], [121.50815, 22.65868], [121.50811, 22.65868], [121.50807, 22.65868], [121.50804, 22.65866], [121.508, 22.65864], [121.50794, 22.65865], [121.50777, 22.65869], [121.50774, 22.65869], [121.5077, 22.65868], [121.50765, 22.65866], [121.50761, 22.65866], [121.50758, 22.65867], [121.50754, 22.65868], [121.50745, 22.65873], [121.50742, 22.65874], [121.50739, 22.65874], [121.50736, 22.65872], [121.50733, 22.65868], [121.50732, 22.65865], [121.5073, 22.65862], [121.50728, 22.6586], [121.50725, 22.6586], [121.50721, 22.65862], [121.50718, 22.65865], [121.50716, 22.6587], [121.50716, 22.65874], [121.50716, 22.65879], [121.50719, 22.65885], [121.50722, 22.65896], [121.50729, 22.65908], [121.50734, 22.65916], [121.50739, 22.65919], [121.50742, 22.6592], [121.50745, 22.65919], [121.5075, 22.65917], [121.50758, 22.6591]]], [[[121.50045, 22.64657], [121.49946, 22.64554], [121.5055, 22.6409], [121.50647, 22.63685], [121.50896, 22.63595], [121.5095, 22.63386], [121.50744, 22.63277], [121.50044, 22.6337], [121.49816, 22.63238], [121.49473, 22.63347], [121.49199, 22.6397], [121.48739, 22.64257], [121.47657, 22.64521], [121.47604, 22.64657], [121.47497, 22.64524], [121.47287, 22.64625], [121.47387, 22.65945], [121.47594, 22.65907], [121.46437, 22.67031], [121.46267, 22.67422], [121.46409, 22.67853], [121.4722, 22.67806], [121.47272, 22.67558], [121.49171, 22.67991], [121.49344, 22.6755], [121.49591, 22.6773], [121.49781, 22.67642], [121.50937, 22.67889], [121.51065, 22.66876], [121.5129, 22.66684], [121.50711, 22.65897], [121.50789, 22.65413], [121.50632, 22.65203], [121.50292, 22.65124], [121.50045, 22.64657]]], [[[121.50991, 22.65398], [121.5081, 22.65549], [121.51073, 22.65667], [121.50991, 22.65398]]], [[[121.50766, 22.64962], [121.50728, 22.64966], [121.50711, 22.64983], [121.50711, 22.64989], [121.50723, 22.65004], [121.50761, 22.65005], [121.50788, 22.64983], [121.50787, 22.64975], [121.50778, 22.64966], [121.50766, 22.64962]]], [[[121.50474, 22.642], [121.50477, 22.642], [121.50479, 22.64199], [121.5048, 22.64196], [121.5048, 22.64188], [121.50479, 22.64185], [121.50478, 22.64182], [121.50464, 22.64165], [121.50462, 22.64164], [121.50458, 22.64164], [121.50448, 22.64168], [121.50445, 22.6417], [121.50444, 22.64172], [121.50444, 22.64175], [121.50444, 22.64177], [121.50455, 22.64193], [121.50459, 22.64196], [121.50461, 22.64197], [121.50474, 22.642]]], [[[121.50823, 22.63282], [121.50819, 22.63283], [121.50814, 22.63282], [121.50811, 22.6328], [121.5081, 22.63277], [121.50809, 22.63276], [121.5081, 22.63274], [121.50812, 22.63272], [121.50816, 22.63271], [121.50819, 22.63271], [121.50822, 22.6327], [121.50823, 22.63266], [121.50824, 22.63264], [121.50826, 22.63262], [121.50833, 22.63256], [121.50834, 22.63254], [121.50833, 22.63252], [121.50824, 22.63242], [121.50822, 22.63241], [121.50819, 22.63241], [121.50817, 22.63241], [121.50815, 22.63242], [121.50801, 22.63253], [121.50799, 22.63256], [121.50798, 22.63259], [121.50798, 22.63273], [121.50801, 22.63284], [121.50806, 22.63291], [121.50809, 22.63295], [121.50813, 22.63297], [121.50818, 22.63297], [121.50821, 22.63297], [121.50823, 22.63295], [121.50826, 22.63293], [121.50828, 22.63292], [121.50833, 22.63292], [121.50835, 22.6329], [121.50839, 22.63285], [121.50839, 22.63282], [121.50837, 22.6328], [121.50835, 22.63279], [121.50831, 22.63279], [121.50823, 22.63282]]], [[[121.44694, 23.44374], [121.45395, 23.44115], [121.46153, 23.44155], [121.4633, 23.43875], [121.47329, 23.44057], [121.47974, 23.43126], [121.48258, 23.43012], [121.49067, 23.43517], [121.49582, 23.43468], [121.48944, 23.42448], [121.48404, 23.41117], [121.4814, 23.39756], [121.47755, 23.39504], [121.47628, 23.38892], [121.47436, 23.387], [121.47174, 23.37088], [121.47273, 23.36234], [121.47047, 23.35608], [121.47145, 23.35266], [121.46803, 23.34736], [121.46782, 23.33183], [121.46275, 23.31457], [121.45832, 23.31207], [121.45566, 23.3121], [121.45751, 23.31378], [121.45328, 23.31355], [121.44742, 23.31011], [121.43821, 23.29892], [121.43301, 23.28828], [121.43011, 23.28604], [121.42778, 23.27878], [121.42714, 23.26719], [121.42208, 23.26231], [121.41832, 23.2438], [121.41398, 23.23335], [121.41493, 23.22928], [121.41353, 23.22933], [121.41557, 23.22693], [121.41872, 23.22831], [121.42016, 23.22591], [121.41003, 23.21353], [121.40285, 23.21226], [121.40017, 23.20867], [121.39733, 23.20768], [121.39624, 23.20433], [121.39565, 23.19824], [121.39775, 23.18612], [121.40141, 23.17944], [121.40396, 23.17803], [121.40198, 23.17365], [121.40683, 23.16838], [121.40737, 23.16573], [121.40521, 23.15805], [121.40381, 23.15962], [121.40211, 23.15886], [121.40236, 23.15658], [121.40492, 23.157], [121.40421, 23.15401], [121.39943, 23.14885], [121.3989, 23.13729], [121.4009, 23.13097], [121.41061, 23.12337], [121.41354, 23.12341], [121.41722, 23.12643], [121.42472, 23.1263], [121.42372, 23.12472], [121.4154, 23.12334], [121.41445, 23.12182], [121.41104, 23.12206], [121.40245, 23.11395], [121.40077, 23.11373], [121.39644, 23.11727], [121.39165, 23.10871], [121.38721, 23.10565], [121.38775, 23.10432], [121.38303, 23.09538], [121.37997, 23.09548], [121.38178, 23.09668], [121.38005, 23.0994], [121.37749, 23.0985], [121.3795, 23.09837], [121.38026, 23.09649], [121.37942, 23.09784], [121.37678, 23.09586], [121.3669, 23.09656], [121.36306, 23.09351], [121.35767, 23.08577], [121.35803, 23.08286], [121.35484, 23.08], [121.35671, 23.07396], [121.34831, 23.06807], [121.34526, 23.05551], [121.34594, 23.05116], [121.34371, 23.04935], [121.34342, 23.0449], [121.33975, 23.03823], [121.33787, 23.02934], [121.3389, 23.0274], [121.33514, 23.02319], [121.33642, 23.01987], [121.32772, 23.01471], [121.32683, 23.00712], [121.32321, 23.00486], [121.32195, 23.00179], [121.32253, 22.99327], [121.31682, 22.98231], [121.31069, 22.97275], [121.30741, 22.97053], [121.29972, 22.95976], [121.29637, 22.95792], [121.29516, 22.95446], [121.29338, 22.95359], [121.29267, 22.95565], [121.29033, 22.95502], [121.28661, 22.95167], [121.28794, 22.94951], [121.28373, 22.94889], [121.28011, 22.94013], [121.27866, 22.93077], [121.27525, 22.92719], [121.26798, 22.91105], [121.26091, 22.90518], [121.2591, 22.89846], [121.25588, 22.89653], [121.25087, 22.8859], [121.24705, 22.88123], [121.24352, 22.88146], [121.2391, 22.87868], [121.23522, 22.87092], [121.23619, 22.86805], [121.23383, 22.86514], [121.2311, 22.86482], [121.22579, 22.86801], [121.21999, 22.86489], [121.21078, 22.86376], [121.20833, 22.86493], [121.20576, 22.86144], [121.19926, 22.85836], [121.1983, 22.85592], [121.19477, 22.85427], [121.1897, 22.84867], [121.19, 22.84295], [121.18627, 22.83287], [121.18821, 22.82829], [121.1924, 22.82557], [121.19146, 22.82333], [121.19373, 22.82059], [121.19273, 22.81893], [121.19822, 22.81479], [121.19646, 22.8125], [121.20105, 22.7958], [121.19826, 22.79482], [121.19849, 22.79342], [121.19717, 22.79192], [121.19596, 22.79259], [121.19489, 22.79033], [121.18914, 22.79203], [121.18315, 22.78727], [121.18015, 22.78005], [121.17823, 22.76386], [121.17401, 22.75652], [121.15689, 22.74742], [121.1246, 22.71724], [121.10168, 22.70532], [121.09291, 22.70357], [121.07911, 22.69679], [121.06081, 22.68004], [121.0355, 22.66765], [121.02555, 22.65549], [121.01718, 22.63565], [121.01285, 22.62055], [121.00919, 22.58895], [120.99804, 22.57814], [120.98577, 22.56962], [120.97715, 22.55412], [120.95959, 22.50547], [120.94656, 22.45725], [120.93309, 22.42319], [120.92754, 22.41469], [120.9221, 22.39834], [120.91488, 22.38492], [120.90885, 22.35924], [120.90257, 22.35243], [120.89505, 22.33501], [120.89243, 22.31801], [120.89165, 22.28296], [120.89305, 22.26658], [120.89529, 22.26244], [120.89628, 22.24638], [120.88421, 22.24069], [120.8805, 22.23453], [120.87653, 22.23481], [120.86626, 22.22981], [120.86211, 22.23066], [120.86433, 22.23422], [120.85901, 22.2386], [120.85867, 22.2408], [120.85085, 22.2436], [120.84489, 22.24279], [120.83461, 22.24531], [120.82591, 22.25659], [120.81539, 22.26318], [120.80805, 22.25931], [120.79908, 22.25712], [120.79787, 22.25785], [120.79956, 22.2651], [120.79647, 22.26718], [120.79629, 22.26988], [120.79801, 22.27645], [120.80669, 22.27721], [120.80559, 22.28405], [120.79315, 22.28587], [120.78986, 22.29338], [120.78147, 22.29457], [120.77846, 22.297], [120.77688, 22.30281], [120.77813, 22.30856], [120.78728, 22.30924], [120.79275, 22.31215], [120.79673, 22.31745], [120.79528, 22.32239], [120.79343, 22.32377], [120.79261, 22.33554], [120.78486, 22.34569], [120.77528, 22.34934], [120.76735, 22.34765], [120.7635, 22.35238], [120.76302, 22.35914], [120.76071, 22.36044], [120.75819, 22.3594], [120.75277, 22.36034], [120.74346, 22.36734], [120.74879, 22.3731], [120.74866, 22.38049], [120.75052, 22.38403], [120.75654, 22.38836], [120.7522, 22.39249], [120.75388, 22.39647], [120.75766, 22.39821], [120.7535, 22.405], [120.75807, 22.40489], [120.76549, 22.40907], [120.77134, 22.40684], [120.77346, 22.40698], [120.77565, 22.40965], [120.77995, 22.40925], [120.78958, 22.41775], [120.78213, 22.43449], [120.77508, 22.44344], [120.77617, 22.45019], [120.76509, 22.45313], [120.75814, 22.45855], [120.75505, 22.4572], [120.75104, 22.45901], [120.75461, 22.47132], [120.75081, 22.4792], [120.75767, 22.48199], [120.75873, 22.48833], [120.76366, 22.49084], [120.76432, 22.4952], [120.762, 22.50213], [120.75789, 22.50821], [120.7535, 22.51137], [120.74991, 22.53437], [120.73919, 22.55256], [120.73974, 22.56312], [120.74191, 22.56908], [120.7488, 22.5721], [120.74927, 22.57767], [120.74582, 22.58958], [120.75463, 22.60079], [120.75287, 22.61188], [120.75508, 22.61742], [120.76131, 22.62618], [120.76126, 22.62986], [120.76757, 22.63608], [120.78584, 22.66144], [120.78622, 22.67202], [120.79159, 22.67929], [120.78673, 22.69293], [120.78895, 22.69331], [120.79722, 22.68917], [120.80908, 22.68823], [120.81161, 22.69205], [120.81906, 22.69083], [120.81883, 22.69448], [120.82029, 22.69571], [120.82483, 22.69556], [120.82939, 22.69771], [120.83683, 22.69707], [120.84007, 22.70638], [120.84336, 22.70759], [120.84258, 22.71004], [120.84858, 22.71697], [120.85487, 22.71753], [120.85841, 22.7136], [120.8615, 22.71669], [120.88326, 22.71688], [120.88732, 22.72239], [120.88849, 22.72707], [120.8913, 22.72908], [120.89227, 22.73506], [120.89506, 22.73866], [120.89565, 22.74165], [120.89409, 22.74378], [120.89538, 22.74821], [120.89409, 22.75139], [120.89561, 22.75615], [120.89478, 22.76251], [120.89194, 22.76377], [120.89378, 22.76688], [120.90017, 22.76911], [120.90385, 22.77565], [120.90411, 22.78385], [120.90172, 22.78754], [120.90335, 22.79978], [120.90085, 22.8045], [120.89116, 22.81164], [120.88225, 22.8143], [120.87721, 22.81303], [120.87466, 22.81528], [120.87156, 22.81494], [120.86843, 22.81713], [120.86505, 22.82494], [120.86163, 22.82636], [120.86546, 22.83561], [120.86405, 22.83924], [120.86514, 22.84598], [120.86836, 22.85073], [120.86658, 22.85367], [120.86955, 22.85768], [120.85922, 22.86321], [120.86391, 22.86631], [120.86554, 22.86962], [120.86489, 22.87246], [120.85983, 22.87822], [120.85179, 22.87816], [120.84042, 22.88201], [120.83813, 22.89009], [120.83482, 22.89336], [120.83338, 22.90001], [120.82877, 22.90378], [120.82998, 22.90953], [120.83327, 22.91229], [120.83145, 22.91977], [120.82913, 22.9208], [120.8269, 22.92808], [120.82182, 22.93521], [120.82184, 22.94537], [120.82473, 22.95256], [120.8208, 22.96189], [120.82241, 22.96482], [120.83018, 22.97003], [120.82901, 22.97416], [120.83244, 22.98035], [120.84115, 22.98402], [120.84199, 22.99104], [120.84895, 22.99462], [120.85208, 22.99993], [120.85106, 23.00511], [120.85821, 23.00505], [120.8606, 23.00797], [120.86187, 23.03106], [120.872, 23.03447], [120.87984, 23.0352], [120.88137, 23.04253], [120.87975, 23.04771], [120.87448, 23.05097], [120.86916, 23.05969], [120.87542, 23.06863], [120.87796, 23.07812], [120.88556, 23.08892], [120.8855, 23.09248], [120.88915, 23.10052], [120.88812, 23.10421], [120.88939, 23.11006], [120.88497, 23.11928], [120.88806, 23.12245], [120.88601, 23.12758], [120.8879, 23.13668], [120.88568, 23.14445], [120.88111, 23.14637], [120.87639, 23.15135], [120.88355, 23.15352], [120.88727, 23.15818], [120.89497, 23.16069], [120.8959, 23.17163], [120.89851, 23.17351], [120.89854, 23.17647], [120.90596, 23.18062], [120.90921, 23.17984], [120.9111, 23.1823], [120.91247, 23.18668], [120.91153, 23.19013], [120.90588, 23.19939], [120.90735, 23.20125], [120.90677, 23.20548], [120.9116, 23.20919], [120.91157, 23.22786], [120.9155, 23.23752], [120.92621, 23.24446], [120.93133, 23.24249], [120.93774, 23.2448], [120.9413, 23.25197], [120.94662, 23.25306], [120.95093, 23.25929], [120.95747, 23.26423], [120.9596, 23.27074], [120.96344, 23.27216], [120.97213, 23.28193], [120.97901, 23.28228], [120.98662, 23.2803], [120.99059, 23.28407], [121.00107, 23.28722], [121.00997, 23.29253], [121.0182, 23.29302], [121.0199, 23.29456], [121.02387, 23.29374], [121.02674, 23.29673], [121.0389, 23.30063], [121.04296, 23.29633], [121.05584, 23.2907], [121.05946, 23.28617], [121.06208, 23.27943], [121.06076, 23.27306], [121.06294, 23.26886], [121.06243, 23.2659], [121.0657, 23.25783], [121.06925, 23.25513], [121.0711, 23.24666], [121.07845, 23.23756], [121.07907, 23.23274], [121.09291, 23.23377], [121.09645, 23.22964], [121.1086, 23.22347], [121.12157, 23.22508], [121.12928, 23.22333], [121.13454, 23.21116], [121.138, 23.20832], [121.13934, 23.20193], [121.14674, 23.19916], [121.15455, 23.19908], [121.16098, 23.206], [121.16991, 23.20705], [121.17545, 23.21009], [121.1844, 23.20485], [121.1894, 23.20378], [121.19431, 23.19258], [121.1982, 23.18845], [121.1992, 23.17518], [121.21252, 23.15481], [121.21063, 23.14799], [121.21195, 23.14422], [121.23086, 23.13928], [121.23851, 23.12872], [121.24527, 23.12842], [121.24922, 23.13152], [121.25768, 23.12607], [121.25957, 23.121], [121.26427, 23.11764], [121.26453, 23.11509], [121.26729, 23.11397], [121.26738, 23.10937], [121.26431, 23.10392], [121.27076, 23.10116], [121.27237, 23.09786], [121.27845, 23.1009], [121.28087, 23.10403], [121.28314, 23.10387], [121.28444, 23.10652], [121.29151, 23.10937], [121.29999, 23.10927], [121.30502, 23.11127], [121.31581, 23.10972], [121.32198, 23.11719], [121.32293, 23.12388], [121.32035, 23.13777], [121.32379, 23.14324], [121.32438, 23.14893], [121.32719, 23.1522], [121.32211, 23.15521], [121.3214, 23.15906], [121.31734, 23.1648], [121.31855, 23.16814], [121.32189, 23.16946], [121.32222, 23.17325], [121.32394, 23.17488], [121.32329, 23.17872], [121.32969, 23.18037], [121.33498, 23.17797], [121.33825, 23.19064], [121.34216, 23.19581], [121.34423, 23.2056], [121.34692, 23.20926], [121.34645, 23.21702], [121.3499, 23.21782], [121.35717, 23.22373], [121.35433, 23.22559], [121.3526, 23.23132], [121.36086, 23.24422], [121.36154, 23.24693], [121.35898, 23.24957], [121.35937, 23.2526], [121.36356, 23.25759], [121.37076, 23.26244], [121.37238, 23.26783], [121.3779, 23.2696], [121.37874, 23.27459], [121.37643, 23.29558], [121.37784, 23.30089], [121.38361, 23.30795], [121.38788, 23.31067], [121.3902, 23.32059], [121.39991, 23.3232], [121.39952, 23.32684], [121.4021, 23.33395], [121.40975, 23.34587], [121.41641, 23.34919], [121.4222, 23.35523], [121.42269, 23.36006], [121.41775, 23.36063], [121.41001, 23.36492], [121.4074, 23.3646], [121.40428, 23.36733], [121.40348, 23.37619], [121.4002, 23.38689], [121.41037, 23.39873], [121.42003, 23.41698], [121.42024, 23.42062], [121.43326, 23.43278], [121.44013, 23.4332], [121.44694, 23.44374]]], [[[121.50567, 22.08747], [121.5056, 22.08745], [121.50549, 22.08748], [121.50543, 22.08752], [121.50536, 22.08758], [121.50532, 22.08763], [121.50531, 22.0877], [121.50533, 22.0878], [121.50536, 22.08787], [121.50543, 22.08796], [121.50565, 22.08815], [121.50581, 22.08822], [121.5059, 22.08826], [121.506, 22.08826], [121.50606, 22.08824], [121.5061, 22.08821], [121.50611, 22.08815], [121.50609, 22.08807], [121.50608, 22.088], [121.50603, 22.08789], [121.50593, 22.08777], [121.50591, 22.08768], [121.50587, 22.0876], [121.50576, 22.0875], [121.50567, 22.08747]]], [[[121.57067, 22.08586], [121.5707, 22.08583], [121.57071, 22.0858], [121.57071, 22.08576], [121.57071, 22.08571], [121.57069, 22.08567], [121.57066, 22.08562], [121.57057, 22.08554], [121.57051, 22.08552], [121.57047, 22.0855], [121.57042, 22.0855], [121.57038, 22.0855], [121.57034, 22.08552], [121.57031, 22.08554], [121.57023, 22.08566], [121.57022, 22.0857], [121.57022, 22.08573], [121.57023, 22.08576], [121.57029, 22.08585], [121.57036, 22.08596], [121.57039, 22.08598], [121.57042, 22.08598], [121.57045, 22.08598], [121.57067, 22.08586]]], [[[121.52586, 22.08335], [121.52582, 22.08334], [121.52578, 22.08335], [121.52573, 22.08339], [121.52572, 22.08341], [121.52572, 22.08344], [121.52573, 22.08348], [121.5258, 22.08355], [121.52584, 22.08356], [121.52588, 22.08355], [121.52591, 22.08352], [121.52593, 22.08349], [121.52593, 22.08346], [121.52593, 22.08343], [121.52591, 22.0834], [121.52586, 22.08335]]], [[[121.51784, 22.08206], [121.5178, 22.08203], [121.51774, 22.08203], [121.51769, 22.08204], [121.51766, 22.08207], [121.51764, 22.0821], [121.51764, 22.08215], [121.51766, 22.0822], [121.5177, 22.08224], [121.51775, 22.08227], [121.51781, 22.08228], [121.51785, 22.08226], [121.5179, 22.08224], [121.51792, 22.0822], [121.51792, 22.08217], [121.51791, 22.08214], [121.51787, 22.0821], [121.51784, 22.08206]]], [[[121.51095, 22.08226], [121.51143, 22.08198], [121.5115, 22.08194], [121.51157, 22.08187], [121.51169, 22.08177], [121.51187, 22.08171], [121.51194, 22.08166], [121.51197, 22.08163], [121.51197, 22.0816], [121.51194, 22.08158], [121.51188, 22.08157], [121.51184, 22.08158], [121.51159, 22.08173], [121.51138, 22.08187], [121.51118, 22.082], [121.51103, 22.08208], [121.51088, 22.08217], [121.51085, 22.0822], [121.51084, 22.08224], [121.51084, 22.08228], [121.51087, 22.0823], [121.5109, 22.08229], [121.51095, 22.08226]]], [[[121.58017, 22.07803], [121.57714, 22.07861], [121.57783, 22.08122], [121.58001, 22.07974], [121.58283, 22.0802], [121.58263, 22.07831], [121.58017, 22.07803]]], [[[121.56968, 22.06929], [121.56971, 22.06927], [121.56984, 22.06909], [121.56989, 22.06902], [121.5699, 22.06899], [121.56989, 22.06895], [121.56988, 22.06892], [121.56985, 22.0689], [121.56981, 22.06891], [121.56963, 22.06906], [121.5696, 22.0691], [121.56958, 22.06913], [121.56957, 22.06917], [121.56958, 22.06921], [121.5696, 22.06926], [121.56962, 22.06928], [121.56965, 22.06929], [121.56968, 22.06929]]], [[[121.56992, 22.06798], [121.5699, 22.06801], [121.5699, 22.06804], [121.5699, 22.06806], [121.56992, 22.06808], [121.56996, 22.06808], [121.56999, 22.06808], [121.57002, 22.06806], [121.57005, 22.068], [121.57005, 22.06793], [121.57004, 22.06789], [121.57003, 22.06786], [121.56999, 22.06783], [121.56997, 22.06781], [121.56994, 22.0678], [121.56992, 22.06781], [121.56991, 22.06784], [121.5699, 22.06788], [121.5699, 22.06792], [121.56992, 22.06795], [121.56992, 22.06798]]], [[[121.56799, 22.0578], [121.56803, 22.05779], [121.56806, 22.05778], [121.56809, 22.05776], [121.5681, 22.05774], [121.5681, 22.05771], [121.5681, 22.05768], [121.56808, 22.05765], [121.56806, 22.05764], [121.56803, 22.05764], [121.568, 22.05764], [121.56796, 22.05765], [121.56792, 22.05768], [121.56791, 22.0577], [121.5679, 22.05772], [121.56791, 22.05775], [121.56792, 22.05778], [121.56796, 22.05779], [121.56799, 22.0578]]], [[[121.56675, 22.05683], [121.5668, 22.05685], [121.56795, 22.05683], [121.56802, 22.05682], [121.56806, 22.05678], [121.5681, 22.05674], [121.5681, 22.05669], [121.5679, 22.05592], [121.56784, 22.0558], [121.5678, 22.05578], [121.56775, 22.05579], [121.56677, 22.05635], [121.56666, 22.05642], [121.56665, 22.05647], [121.56665, 22.05653], [121.56671, 22.05666], [121.56673, 22.05679], [121.56675, 22.05683]]], [[[121.50766, 22.05201], [121.50809, 22.05142], [121.50813, 22.05133], [121.50814, 22.05124], [121.50806, 22.051], [121.50782, 22.05082], [121.5077, 22.05077], [121.50758, 22.05076], [121.5075, 22.0508], [121.50744, 22.05087], [121.50719, 22.05126], [121.50715, 22.05138], [121.50714, 22.05149], [121.50722, 22.05183], [121.50726, 22.05191], [121.50732, 22.05197], [121.50752, 22.05205], [121.5076, 22.05205], [121.50766, 22.05201]]], [[[121.50945, 22.0692], [121.5076, 22.07307], [121.49938, 22.08085], [121.50121, 22.08408], [121.50524, 22.08595], [121.51257, 22.08099], [121.51914, 22.08064], [121.526, 22.08265], [121.52856, 22.08214], [121.53054, 22.07881], [121.53192, 22.08111], [121.5352, 22.08235], [121.53719, 22.08121], [121.54494, 22.08316], [121.55704, 22.08369], [121.55995, 22.08075], [121.56852, 22.0866], [121.5712, 22.08051], [121.56828, 22.07482], [121.56894, 22.06696], [121.5762, 22.06042], [121.57041, 22.06039], [121.57037, 22.05802], [121.56635, 22.05837], [121.56673, 22.05607], [121.56389, 22.05435], [121.56424, 22.05003], [121.56833, 22.04242], [121.56727, 22.04068], [121.5997, 22.0229], [121.60066, 22.01753], [121.59676, 22.01291], [121.59403, 22.00339], [121.58684, 22.00071], [121.58087, 22.00496], [121.57047, 22.00276], [121.56939, 22.00876], [121.55739, 22.02283], [121.55574, 22.02229], [121.55343, 22.02474], [121.54844, 22.02628], [121.53952, 22.02432], [121.53612, 22.02501], [121.53165, 22.03078], [121.52724, 22.03329], [121.52479, 22.03799], [121.52013, 22.03936], [121.51523, 22.04671], [121.50872, 22.04594], [121.50846, 22.04816], [121.51145, 22.05108], [121.50763, 22.05531], [121.50928, 22.05659], [121.50729, 22.05767], [121.50917, 22.06023], [121.50885, 22.06351], [121.51078, 22.06489], [121.50945, 22.0692]]], [[[121.54479, 22.02619], [121.54482, 22.02618], [121.54484, 22.02616], [121.54484, 22.02613], [121.54483, 22.0261], [121.54481, 22.02608], [121.54478, 22.02608], [121.54476, 22.02609], [121.54474, 22.02611], [121.54474, 22.02614], [121.54475, 22.02617], [121.54477, 22.02618], [121.54479, 22.02619]]], [[[121.54398, 22.02535], [121.54406, 22.02538], [121.54413, 22.02538], [121.54419, 22.02537], [121.54425, 22.02534], [121.54426, 22.02527], [121.54425, 22.02518], [121.54421, 22.0251], [121.54417, 22.02505], [121.54411, 22.02499], [121.54403, 22.02494], [121.54396, 22.02492], [121.5439, 22.02492], [121.54385, 22.02493], [121.54382, 22.02495], [121.54381, 22.02501], [121.54382, 22.02512], [121.5439, 22.02529], [121.54398, 22.02535]]], [[[121.53888, 22.02432], [121.53891, 22.02429], [121.539, 22.02415], [121.53921, 22.02358], [121.53921, 22.02352], [121.53919, 22.0234], [121.53915, 22.02337], [121.53907, 22.02336], [121.53872, 22.02334], [121.53867, 22.02335], [121.5383, 22.02356], [121.53825, 22.02361], [121.53823, 22.02367], [121.53825, 22.02374], [121.53832, 22.02387], [121.53857, 22.02416], [121.53863, 22.0242], [121.53882, 22.02431], [121.53888, 22.02432]]], [[[121.60119, 22.02011], [121.60121, 22.02006], [121.60122, 22.02], [121.60122, 22.01925], [121.60121, 22.01919], [121.60116, 22.01915], [121.60111, 22.01914], [121.60099, 22.01916], [121.6009, 22.01921], [121.60086, 22.01926], [121.60084, 22.01931], [121.60084, 22.01939], [121.60089, 22.02011], [121.6009, 22.02016], [121.60092, 22.0202], [121.60096, 22.02023], [121.601, 22.02025], [121.60105, 22.02023], [121.60111, 22.02018], [121.60119, 22.02011]]], [[[121.19207, 22.83966], [121.19212, 22.83963], [121.19216, 22.83958], [121.19216, 22.83955], [121.19216, 22.83953], [121.19213, 22.83952], [121.19209, 22.83952], [121.19202, 22.83952], [121.19194, 22.83946], [121.1919, 22.83945], [121.19186, 22.83946], [121.19181, 22.83948], [121.19178, 22.83952], [121.19178, 22.83956], [121.19179, 22.8396], [121.1918, 22.83964], [121.19184, 22.83966], [121.19187, 22.83967], [121.19197, 22.83967], [121.19207, 22.83966]]]]}}, {"type": "Feature", "properties": {"COUNTYNAME": "宜蘭縣", "name": "宜蘭縣", "COUNTYSN": "10002001"}, "geometry": {"type": "MultiPolygon", "coordinates": [[[[121.87445, 24.53563], [121.87448, 24.53567], [121.87452, 24.53569], [121.87458, 24.53568], [121.87465, 24.53567], [121.87526, 24.53531], [121.87546, 24.53525], [121.87559, 24.53505], [121.87579, 24.53505], [121.87606, 24.5349], [121.87618, 24.53475], [121.87627, 24.53458], [121.87628, 24.5345], [121.87625, 24.53437], [121.87625, 24.53429], [121.87626, 24.53421], [121.8763, 24.53415], [121.87655, 24.53389], [121.87657, 24.53383], [121.87656, 24.53374], [121.87652, 24.53368], [121.87646, 24.53365], [121.87638, 24.53365], [121.87624, 24.53367], [121.87619, 24.53367], [121.87614, 24.53367], [121.87609, 24.53368], [121.87601, 24.53374], [121.87594, 24.53384], [121.87588, 24.53388], [121.87582, 24.5339], [121.87556, 24.53396], [121.87543, 24.53401], [121.87533, 24.53408], [121.87518, 24.5342], [121.87503, 24.53422], [121.87498, 24.53424], [121.87494, 24.53429], [121.87484, 24.53451], [121.87471, 24.53456], [121.87462, 24.53457], [121.87452, 24.53457], [121.87448, 24.53458], [121.87427, 24.53467], [121.87417, 24.53476], [121.87412, 24.53476], [121.87407, 24.53474], [121.87402, 24.53473], [121.87397, 24.53475], [121.87364, 24.53502], [121.8736, 24.53509], [121.87359, 24.53517], [121.87366, 24.53533], [121.87372, 24.53544], [121.87378, 24.53549], [121.8739, 24.53555], [121.87402, 24.53556], [121.87413, 24.53555], [121.87425, 24.53551], [121.87433, 24.53547], [121.87439, 24.53546], [121.87445, 24.5355], [121.87446, 24.53555], [121.87445, 24.53563]]], [[[121.87423, 24.53387], [121.87427, 24.53383], [121.87428, 24.53381], [121.87427, 24.53378], [121.87426, 24.53376], [121.87422, 24.53374], [121.87418, 24.53373], [121.87415, 24.53373], [121.87411, 24.53374], [121.87393, 24.53384], [121.87381, 24.53387], [121.87368, 24.53389], [121.87364, 24.53391], [121.87355, 24.53395], [121.87349, 24.53399], [121.87345, 24.53403], [121.87344, 24.53406], [121.87344, 24.5341], [121.87345, 24.53412], [121.87348, 24.53415], [121.87351, 24.53416], [121.87354, 24.53416], [121.87356, 24.53415], [121.87363, 24.53408], [121.87375, 24.534], [121.87379, 24.53399], [121.87386, 24.53398], [121.87393, 24.53394], [121.87403, 24.53393], [121.87407, 24.53393], [121.87417, 24.5339], [121.87423, 24.53387]]], [[[121.86133, 24.52753], [121.86138, 24.52741], [121.86139, 24.52739], [121.86142, 24.52725], [121.86156, 24.52706], [121.86158, 24.52702], [121.86158, 24.52699], [121.86156, 24.52696], [121.86154, 24.52694], [121.86149, 24.52694], [121.86145, 24.52694], [121.86134, 24.52698], [121.8613, 24.52701], [121.86126, 24.52703], [121.86118, 24.52716], [121.86116, 24.5272], [121.86115, 24.52723], [121.86111, 24.52755], [121.86112, 24.52757], [121.86115, 24.52758], [121.86118, 24.52758], [121.86128, 24.52757], [121.86131, 24.52756], [121.86133, 24.52753]]], [[[121.96539, 24.98268], [121.96543, 24.98269], [121.96546, 24.98269], [121.96551, 24.98268], [121.96553, 24.98266], [121.96554, 24.98263], [121.96554, 24.9826], [121.96553, 24.98257], [121.9655, 24.98253], [121.96545, 24.9825], [121.96541, 24.9825], [121.96538, 24.98251], [121.96536, 24.98253], [121.96535, 24.98258], [121.96536, 24.98264], [121.96538, 24.98266], [121.96539, 24.98268]]], [[[121.96493, 24.98233], [121.96495, 24.98235], [121.96496, 24.98237], [121.96499, 24.98237], [121.965, 24.98236], [121.965, 24.98231], [121.965, 24.98227], [121.96498, 24.98225], [121.96495, 24.98224], [121.96491, 24.98225], [121.9649, 24.98227], [121.96493, 24.98233]]], [[[121.96474, 24.98208], [121.96479, 24.98208], [121.96483, 24.98208], [121.96487, 24.98204], [121.96489, 24.98199], [121.96488, 24.98195], [121.96481, 24.98185], [121.96478, 24.98184], [121.96473, 24.98184], [121.96469, 24.98186], [121.96465, 24.98191], [121.96464, 24.98196], [121.96464, 24.982], [121.96466, 24.98202], [121.96474, 24.98208]]], [[[121.94161, 24.97313], [121.94167, 24.97314], [121.9417, 24.97314], [121.94173, 24.97312], [121.94179, 24.97305], [121.94187, 24.97303], [121.9419, 24.97301], [121.94191, 24.97298], [121.9419, 24.97296], [121.94186, 24.97294], [121.94174, 24.97292], [121.94161, 24.97292], [121.94153, 24.97293], [121.94149, 24.97295], [121.94146, 24.97298], [121.94146, 24.97303], [121.94148, 24.97308], [121.94154, 24.97312], [121.94161, 24.97313]]], [[[121.92194, 24.96087], [121.92196, 24.96087], [121.92199, 24.96086], [121.92239, 24.9606], [121.9224, 24.96057], [121.92241, 24.96045], [121.9224, 24.96042], [121.92238, 24.9604], [121.92234, 24.9604], [121.92213, 24.96043], [121.9221, 24.96044], [121.92186, 24.96074], [121.92186, 24.96078], [121.92187, 24.96081], [121.92192, 24.96087], [121.92194, 24.96087]]], [[[121.92002, 24.95547], [121.92007, 24.95547], [121.92012, 24.95548], [121.92015, 24.95547], [121.92016, 24.95544], [121.92017, 24.95539], [121.92019, 24.95536], [121.92023, 24.95531], [121.92024, 24.95527], [121.92023, 24.95523], [121.92022, 24.95522], [121.92001, 24.95504], [121.91998, 24.95503], [121.91995, 24.95503], [121.91989, 24.95504], [121.91985, 24.95507], [121.91972, 24.95516], [121.9197, 24.95519], [121.91969, 24.95523], [121.9197, 24.95526], [121.91972, 24.95529], [121.91988, 24.95541], [121.92002, 24.95547]]], [[[121.91901, 24.95385], [121.91905, 24.95385], [121.91908, 24.95384], [121.9191, 24.9538], [121.9191, 24.95375], [121.91906, 24.95351], [121.919, 24.95345], [121.9189, 24.95341], [121.91886, 24.95341], [121.91882, 24.95343], [121.9188, 24.95346], [121.91879, 24.9535], [121.91882, 24.95359], [121.91888, 24.95371], [121.91898, 24.95383], [121.91901, 24.95385]]], [[[121.9143, 24.95138], [121.91432, 24.9514], [121.91435, 24.9514], [121.91439, 24.95138], [121.91442, 24.95135], [121.91443, 24.95133], [121.91443, 24.95129], [121.91442, 24.95124], [121.91441, 24.95123], [121.91438, 24.95123], [121.91426, 24.95125], [121.91424, 24.95127], [121.91425, 24.95131], [121.9143, 24.95138]]], [[[121.91389, 24.95133], [121.91392, 24.95131], [121.91392, 24.95128], [121.91392, 24.95125], [121.9139, 24.95123], [121.91386, 24.95123], [121.91383, 24.95125], [121.91381, 24.95128], [121.9138, 24.95131], [121.9138, 24.95134], [121.91382, 24.95136], [121.91385, 24.95135], [121.91389, 24.95133]]], [[[121.90999, 24.94849], [121.91002, 24.94849], [121.91003, 24.94846], [121.91001, 24.94844], [121.90997, 24.94843], [121.90994, 24.94844], [121.90993, 24.94845], [121.90994, 24.94847], [121.90999, 24.94849]]], [[[121.90859, 24.94839], [121.90858, 24.94835], [121.90855, 24.94833], [121.90846, 24.94832], [121.90843, 24.94835], [121.90842, 24.94841], [121.90845, 24.94846], [121.9085, 24.9485], [121.90854, 24.94849], [121.90858, 24.94844], [121.90859, 24.94839]]], [[[121.90663, 24.94694], [121.90667, 24.94688], [121.90669, 24.94683], [121.90669, 24.94677], [121.90667, 24.9467], [121.90663, 24.94667], [121.90658, 24.94666], [121.90651, 24.94667], [121.90645, 24.94669], [121.90639, 24.94676], [121.9064, 24.94682], [121.90643, 24.94689], [121.90649, 24.94694], [121.90656, 24.94695], [121.90663, 24.94694]]], [[[121.90448, 24.94541], [121.90452, 24.9454], [121.90504, 24.94517], [121.90508, 24.94514], [121.90511, 24.94511], [121.90512, 24.94506], [121.90511, 24.94501], [121.90507, 24.94494], [121.905, 24.94486], [121.90496, 24.94484], [121.90491, 24.94483], [121.90487, 24.94483], [121.90452, 24.94513], [121.9045, 24.94516], [121.90446, 24.94525], [121.9044, 24.9453], [121.90438, 24.94535], [121.90439, 24.94539], [121.90443, 24.94541], [121.90448, 24.94541]]], [[[121.90458, 24.94288], [121.90464, 24.94289], [121.90469, 24.94289], [121.90473, 24.94285], [121.90493, 24.94238], [121.90496, 24.94228], [121.90494, 24.94219], [121.90487, 24.94209], [121.90474, 24.94199], [121.90464, 24.94195], [121.90455, 24.94194], [121.90448, 24.94194], [121.9044, 24.94197], [121.90437, 24.94201], [121.90439, 24.94206], [121.90444, 24.94212], [121.90446, 24.94218], [121.90446, 24.94227], [121.90442, 24.94232], [121.90429, 24.94256], [121.90427, 24.94263], [121.90428, 24.94267], [121.90433, 24.94271], [121.90443, 24.9428], [121.90458, 24.94288]]], [[[121.90482, 24.94145], [121.9049, 24.94146], [121.90494, 24.94145], [121.90501, 24.94143], [121.90507, 24.94136], [121.90509, 24.94133], [121.9051, 24.94128], [121.9051, 24.94123], [121.90507, 24.94118], [121.90502, 24.94116], [121.90495, 24.94117], [121.90483, 24.94118], [121.90475, 24.94118], [121.90459, 24.94111], [121.9045, 24.9411], [121.9044, 24.94112], [121.90437, 24.94116], [121.90437, 24.9412], [121.90439, 24.94126], [121.90443, 24.94133], [121.90447, 24.94136], [121.90453, 24.94137], [121.90469, 24.94137], [121.90473, 24.94138], [121.90476, 24.94142], [121.90482, 24.94145]]], [[[121.90452, 24.94052], [121.90458, 24.9405], [121.90465, 24.94046], [121.90487, 24.94031], [121.90496, 24.94019], [121.90497, 24.94015], [121.90494, 24.94009], [121.90488, 24.94006], [121.90477, 24.94007], [121.90472, 24.94006], [121.90466, 24.94001], [121.90461, 24.93998], [121.90451, 24.93998], [121.90444, 24.94001], [121.90436, 24.94007], [121.90433, 24.94014], [121.90433, 24.94021], [121.90437, 24.94039], [121.90446, 24.94049], [121.90452, 24.94052]]], [[[121.89455, 24.93884], [121.89462, 24.93889], [121.89468, 24.93896], [121.89473, 24.93899], [121.89477, 24.939], [121.89481, 24.93897], [121.89483, 24.93892], [121.89483, 24.93885], [121.89482, 24.93878], [121.89479, 24.9387], [121.89474, 24.93864], [121.89463, 24.93858], [121.89456, 24.93854], [121.89446, 24.93853], [121.89442, 24.93851], [121.8944, 24.93847], [121.8944, 24.93844], [121.89441, 24.9384], [121.89453, 24.93823], [121.89454, 24.9382], [121.89454, 24.93818], [121.89452, 24.93817], [121.89449, 24.93817], [121.89444, 24.93818], [121.89434, 24.93822], [121.89429, 24.93824], [121.89425, 24.93824], [121.89418, 24.93821], [121.89409, 24.93813], [121.89403, 24.93805], [121.89397, 24.93801], [121.89392, 24.93799], [121.89387, 24.93799], [121.89383, 24.938], [121.89375, 24.93807], [121.89371, 24.93809], [121.89344, 24.93811], [121.89339, 24.93811], [121.89335, 24.93814], [121.89329, 24.93821], [121.89329, 24.93826], [121.89331, 24.9383], [121.89358, 24.93843], [121.8938, 24.93857], [121.89389, 24.93861], [121.89399, 24.93862], [121.89413, 24.93863], [121.89435, 24.93879], [121.89445, 24.93884], [121.89455, 24.93884]]], [[[121.8854, 24.92079], [121.88544, 24.92079], [121.88548, 24.92077], [121.88549, 24.92073], [121.88548, 24.92068], [121.88544, 24.92065], [121.88537, 24.92066], [121.88535, 24.9207], [121.88535, 24.92074], [121.88537, 24.92078], [121.8854, 24.92079]]], [[[121.88532, 24.91952], [121.88537, 24.91953], [121.88541, 24.91952], [121.88545, 24.9195], [121.88546, 24.91946], [121.88545, 24.91942], [121.88538, 24.91936], [121.88534, 24.91934], [121.88529, 24.91934], [121.88525, 24.91938], [121.88524, 24.91942], [121.88524, 24.91945], [121.88528, 24.9195], [121.88532, 24.91952]]], [[[121.88528, 24.91845], [121.88528, 24.91841], [121.88528, 24.91838], [121.88525, 24.91836], [121.88522, 24.91835], [121.88519, 24.91836], [121.88515, 24.91838], [121.88514, 24.9184], [121.88513, 24.91843], [121.88513, 24.91847], [121.88515, 24.91851], [121.8852, 24.91854], [121.88524, 24.91856], [121.88528, 24.91856], [121.88531, 24.91855], [121.88532, 24.91853], [121.88532, 24.91851], [121.88529, 24.91848], [121.88528, 24.91845]]], [[[121.88519, 24.91796], [121.88524, 24.91797], [121.88529, 24.91796], [121.88532, 24.91793], [121.88532, 24.9179], [121.88531, 24.91785], [121.88517, 24.91767], [121.88513, 24.91764], [121.88509, 24.91763], [121.88505, 24.91764], [121.88499, 24.91769], [121.88498, 24.91772], [121.88498, 24.91777], [121.885, 24.91783], [121.88505, 24.91788], [121.88512, 24.91793], [121.88519, 24.91796]]], [[[121.88488, 24.91745], [121.88491, 24.91745], [121.88492, 24.91743], [121.88493, 24.9174], [121.88496, 24.91701], [121.88496, 24.91699], [121.88489, 24.9169], [121.88487, 24.91689], [121.88441, 24.91683], [121.88437, 24.91683], [121.88435, 24.91684], [121.88434, 24.91687], [121.88435, 24.9169], [121.88452, 24.91724], [121.88454, 24.91727], [121.88486, 24.91745], [121.88488, 24.91745]]], [[[121.88346, 24.91665], [121.88348, 24.91664], [121.8835, 24.91661], [121.8835, 24.91657], [121.88346, 24.91655], [121.88343, 24.91655], [121.88341, 24.91655], [121.88339, 24.91658], [121.88339, 24.91661], [121.88341, 24.91663], [121.88346, 24.91665]]], [[[121.88299, 24.91607], [121.88303, 24.91608], [121.88306, 24.91607], [121.88308, 24.91604], [121.88309, 24.91601], [121.88307, 24.91598], [121.88303, 24.91594], [121.88299, 24.91593], [121.88295, 24.91596], [121.88294, 24.916], [121.88295, 24.91604], [121.88299, 24.91607]]], [[[121.88287, 24.9155], [121.88291, 24.91548], [121.88293, 24.91544], [121.8829, 24.91541], [121.88286, 24.9154], [121.88284, 24.91541], [121.88283, 24.91545], [121.88283, 24.91548], [121.88287, 24.9155]]], [[[121.88277, 24.91508], [121.88281, 24.91507], [121.88284, 24.91504], [121.88285, 24.91501], [121.88285, 24.91498], [121.88282, 24.91495], [121.88278, 24.91493], [121.88274, 24.91493], [121.88271, 24.91495], [121.8827, 24.91498], [121.8827, 24.91502], [121.88273, 24.91506], [121.88277, 24.91508]]], [[[121.87892, 24.91263], [121.87895, 24.91262], [121.87895, 24.9126], [121.87895, 24.91258], [121.87895, 24.91257], [121.87886, 24.9125], [121.87884, 24.91249], [121.87882, 24.9125], [121.87881, 24.91252], [121.87881, 24.91255], [121.87883, 24.91256], [121.87889, 24.91261], [121.87892, 24.91263]]], [[[121.87535, 24.90926], [121.87538, 24.90927], [121.8754, 24.90926], [121.87541, 24.90923], [121.8754, 24.9092], [121.87535, 24.90916], [121.8753, 24.90914], [121.87527, 24.90915], [121.87526, 24.90917], [121.87527, 24.9092], [121.87531, 24.90924], [121.87535, 24.90926]]], [[[121.87525, 24.90877], [121.87529, 24.90877], [121.87531, 24.90876], [121.87532, 24.90872], [121.87531, 24.90869], [121.87528, 24.90866], [121.87524, 24.90865], [121.87521, 24.90865], [121.8752, 24.90868], [121.8752, 24.90871], [121.87521, 24.90874], [121.87525, 24.90877]]], [[[121.85784, 24.89336], [121.85787, 24.89337], [121.85789, 24.89337], [121.85804, 24.89323], [121.85805, 24.89321], [121.85806, 24.89288], [121.85805, 24.89286], [121.85803, 24.89284], [121.8579, 24.89277], [121.85787, 24.89276], [121.85784, 24.89276], [121.85743, 24.89289], [121.85742, 24.89291], [121.85742, 24.89293], [121.85784, 24.89336]]], [[[121.85631, 24.89268], [121.85639, 24.8925], [121.85639, 24.89248], [121.85638, 24.89245], [121.85599, 24.89208], [121.85596, 24.89207], [121.85592, 24.89208], [121.85591, 24.89211], [121.8559, 24.89227], [121.85591, 24.89233], [121.85602, 24.89252], [121.85627, 24.89269], [121.85629, 24.89269], [121.85631, 24.89268]]], [[[121.85504, 24.89202], [121.85506, 24.89203], [121.8551, 24.89202], [121.85513, 24.892], [121.85513, 24.89197], [121.85509, 24.89196], [121.85506, 24.89197], [121.85504, 24.89199], [121.85504, 24.89202]]], [[[121.85444, 24.89174], [121.85447, 24.89176], [121.8545, 24.89176], [121.85454, 24.89174], [121.85479, 24.89153], [121.85491, 24.89136], [121.85492, 24.89133], [121.85491, 24.89131], [121.85489, 24.89129], [121.85458, 24.89125], [121.85455, 24.89125], [121.85452, 24.89128], [121.85434, 24.89146], [121.85433, 24.89149], [121.85433, 24.89153], [121.85444, 24.89174]]], [[[121.85391, 24.89138], [121.85394, 24.89134], [121.85395, 24.89131], [121.85394, 24.89129], [121.85392, 24.89129], [121.85389, 24.8913], [121.85386, 24.89136], [121.85386, 24.89139], [121.85388, 24.89139], [121.85391, 24.89138]]], [[[121.85313, 24.89149], [121.85315, 24.89152], [121.85317, 24.89153], [121.85323, 24.89152], [121.85326, 24.89149], [121.85328, 24.89148], [121.85338, 24.8911], [121.85329, 24.891], [121.85326, 24.891], [121.85324, 24.89102], [121.85313, 24.89149]]], [[[121.85004, 24.88656], [121.85006, 24.88657], [121.85037, 24.88653], [121.85072, 24.88648], [121.85119, 24.88637], [121.85123, 24.88635], [121.85122, 24.88632], [121.85117, 24.88629], [121.85066, 24.88616], [121.85015, 24.88603], [121.84993, 24.88597], [121.8499, 24.88596], [121.84987, 24.88598], [121.8497, 24.88607], [121.84968, 24.88609], [121.84967, 24.88611], [121.84968, 24.88614], [121.84978, 24.88626], [121.85004, 24.88656]]], [[[121.84972, 24.88587], [121.84974, 24.88585], [121.84979, 24.88572], [121.84984, 24.88535], [121.84984, 24.88525], [121.84983, 24.88518], [121.84979, 24.88513], [121.84973, 24.88509], [121.84911, 24.88493], [121.84907, 24.88493], [121.84904, 24.88495], [121.84903, 24.88498], [121.84903, 24.88502], [121.84913, 24.88532], [121.84916, 24.8854], [121.84941, 24.88579], [121.84943, 24.88582], [121.84953, 24.88587], [121.84969, 24.88589], [121.84972, 24.88587]]], [[[121.84861, 24.8846], [121.84863, 24.88458], [121.84863, 24.88455], [121.84861, 24.88454], [121.84859, 24.88454], [121.84854, 24.88455], [121.84853, 24.88457], [121.84853, 24.8846], [121.84855, 24.88461], [121.84857, 24.88462], [121.84861, 24.8846]]], [[[121.84914, 24.88446], [121.84915, 24.88442], [121.84913, 24.88427], [121.84911, 24.88423], [121.84908, 24.88422], [121.84905, 24.88422], [121.84904, 24.88424], [121.84903, 24.88429], [121.84905, 24.88447], [121.84907, 24.88449], [121.8491, 24.88449], [121.84913, 24.88448], [121.84914, 24.88446]]], [[[121.84981, 24.88421], [121.84982, 24.88419], [121.84983, 24.88416], [121.84983, 24.88411], [121.84982, 24.88409], [121.8498, 24.88409], [121.84978, 24.88409], [121.84976, 24.88411], [121.84975, 24.88413], [121.84975, 24.88419], [121.84977, 24.88421], [121.84979, 24.88422], [121.84981, 24.88421]]], [[[121.84874, 24.88401], [121.84876, 24.88402], [121.84878, 24.88401], [121.84878, 24.88399], [121.84876, 24.88396], [121.84873, 24.88394], [121.84869, 24.88394], [121.8487, 24.88397], [121.84871, 24.884], [121.84874, 24.88401]]], [[[121.84856, 24.88363], [121.84905, 24.88315], [121.84906, 24.88313], [121.84905, 24.88311], [121.84902, 24.88309], [121.84897, 24.88309], [121.84894, 24.88309], [121.84848, 24.88352], [121.84847, 24.88355], [121.84847, 24.88359], [121.84848, 24.88361], [121.8485, 24.88363], [121.84853, 24.88363], [121.84856, 24.88363]]], [[[121.96412, 24.83716], [121.96105, 24.83502], [121.95669, 24.83729], [121.94485, 24.83676], [121.94157, 24.83796], [121.93841, 24.84351], [121.93441, 24.84651], [121.94341, 24.84318], [121.94825, 24.85036], [121.95548, 24.84963], [121.95954, 24.84598], [121.96138, 24.84079], [121.96421, 24.84013], [121.96412, 24.83716]]], [[[121.96459, 24.83927], [121.9646, 24.83923], [121.9646, 24.8392], [121.96458, 24.83918], [121.96455, 24.83918], [121.96452, 24.83921], [121.9645, 24.83928], [121.96452, 24.8393], [121.96455, 24.83931], [121.96457, 24.8393], [121.96459, 24.83927]]], [[[121.96442, 24.8387], [121.96446, 24.83869], [121.96452, 24.83864], [121.96454, 24.83844], [121.96453, 24.83807], [121.96452, 24.83804], [121.96439, 24.83798], [121.96437, 24.83798], [121.96435, 24.838], [121.96435, 24.83804], [121.9644, 24.83863], [121.96441, 24.83867], [121.96442, 24.8387]]], [[[121.96444, 24.83724], [121.96447, 24.83722], [121.96447, 24.8372], [121.96444, 24.83718], [121.9644, 24.83718], [121.96437, 24.8372], [121.96436, 24.83722], [121.96437, 24.83723], [121.9644, 24.83724], [121.96444, 24.83724]]], [[[121.88064, 24.60556], [121.88055, 24.60554], [121.88051, 24.60557], [121.88051, 24.60562], [121.88053, 24.60565], [121.88059, 24.60566], [121.88064, 24.60565], [121.88066, 24.6056], [121.88064, 24.60556]]], [[[121.88167, 24.60509], [121.88172, 24.60509], [121.88176, 24.60508], [121.88189, 24.60497], [121.88193, 24.60494], [121.88192, 24.60489], [121.88189, 24.60486], [121.88183, 24.60485], [121.88159, 24.60484], [121.88155, 24.60486], [121.88153, 24.6049], [121.88154, 24.60495], [121.88164, 24.60506], [121.88167, 24.60509]]], [[[121.8893, 24.60524], [121.89008, 24.605], [121.89013, 24.60497], [121.89016, 24.60492], [121.89024, 24.60466], [121.89024, 24.6046], [121.89022, 24.60453], [121.89019, 24.60449], [121.89012, 24.60448], [121.89007, 24.6045], [121.88976, 24.60463], [121.88943, 24.6048], [121.88941, 24.60483], [121.88925, 24.60516], [121.88924, 24.60521], [121.88926, 24.60524], [121.8893, 24.60524]]], [[[121.88726, 24.60352], [121.88734, 24.60351], [121.88747, 24.60342], [121.88749, 24.60335], [121.88743, 24.6033], [121.88736, 24.6033], [121.88726, 24.60332], [121.8872, 24.60336], [121.88718, 24.60342], [121.88721, 24.60348], [121.88726, 24.60352]]], [[[121.9016, 24.59984], [121.90171, 24.59981], [121.90181, 24.5998], [121.90264, 24.59966], [121.9027, 24.59964], [121.90275, 24.59962], [121.90287, 24.59951], [121.90287, 24.59947], [121.90285, 24.59943], [121.90282, 24.5994], [121.90272, 24.59938], [121.90268, 24.59936], [121.90258, 24.59931], [121.9025, 24.5993], [121.90171, 24.59958], [121.90164, 24.5996], [121.90159, 24.59965], [121.90156, 24.59972], [121.90154, 24.59978], [121.90156, 24.59983], [121.9016, 24.59984]]], [[[121.87017, 24.56952], [121.8703, 24.56943], [121.87029, 24.56941], [121.87026, 24.56941], [121.87015, 24.56942], [121.86999, 24.56949], [121.86998, 24.56952], [121.86999, 24.56955], [121.87002, 24.56956], [121.87017, 24.56952]]], [[[121.87496, 24.54562], [121.87497, 24.54559], [121.87496, 24.54556], [121.87496, 24.54553], [121.87497, 24.5455], [121.875, 24.54545], [121.875, 24.5454], [121.87494, 24.54532], [121.87492, 24.5453], [121.87492, 24.54528], [121.87492, 24.54525], [121.87498, 24.54516], [121.87499, 24.54511], [121.87498, 24.54507], [121.87494, 24.54501], [121.87487, 24.54499], [121.87474, 24.545], [121.87461, 24.54502], [121.87452, 24.54507], [121.87448, 24.54513], [121.87447, 24.54518], [121.87448, 24.54524], [121.87451, 24.54531], [121.87451, 24.54535], [121.8745, 24.54544], [121.8745, 24.54554], [121.87446, 24.54566], [121.87445, 24.54571], [121.87448, 24.54575], [121.87453, 24.54579], [121.87459, 24.5458], [121.87466, 24.54579], [121.87473, 24.54578], [121.87479, 24.54575], [121.87486, 24.54568], [121.87492, 24.54564], [121.87496, 24.54562]]], [[[121.87406, 24.54417], [121.87414, 24.5441], [121.87418, 24.54407], [121.87426, 24.54405], [121.8743, 24.54403], [121.87434, 24.54401], [121.87435, 24.54398], [121.87436, 24.54391], [121.87439, 24.54385], [121.87439, 24.54381], [121.87438, 24.54378], [121.87434, 24.54374], [121.8743, 24.54374], [121.87426, 24.54375], [121.87416, 24.5438], [121.8741, 24.54381], [121.87407, 24.54382], [121.87405, 24.54384], [121.87403, 24.54391], [121.874, 24.54395], [121.87398, 24.54398], [121.87395, 24.54404], [121.87393, 24.5441], [121.87394, 24.54414], [121.87395, 24.54416], [121.87398, 24.54418], [121.87401, 24.54418], [121.87406, 24.54417]]], [[[121.84525, 24.64464], [121.85512, 24.62195], [121.8628, 24.61186], [121.86559, 24.60935], [121.8736, 24.60847], [121.87621, 24.60528], [121.8855, 24.60336], [121.88396, 24.6011], [121.8863, 24.59951], [121.88204, 24.59852], [121.882, 24.59538], [121.88111, 24.59889], [121.87332, 24.59664], [121.87188, 24.59826], [121.87342, 24.59694], [121.87948, 24.6012], [121.87767, 24.60253], [121.87402, 24.60065], [121.86886, 24.60262], [121.86876, 24.60473], [121.86709, 24.60525], [121.86242, 24.60431], [121.86261, 24.60276], [121.86215, 24.60465], [121.86044, 24.60444], [121.8582, 24.60088], [121.85842, 24.5988], [121.86029, 24.59861], [121.85813, 24.59705], [121.86163, 24.59661], [121.86024, 24.59511], [121.86254, 24.59335], [121.86566, 24.59663], [121.86821, 24.59707], [121.86811, 24.59046], [121.86788, 24.59247], [121.86578, 24.59252], [121.86516, 24.59041], [121.86706, 24.58973], [121.86459, 24.58941], [121.86507, 24.58627], [121.86875, 24.58674], [121.86902, 24.58554], [121.86529, 24.58504], [121.8655, 24.58373], [121.8691, 24.58465], [121.86967, 24.58358], [121.86974, 24.58254], [121.86533, 24.58199], [121.8699, 24.58183], [121.87081, 24.57987], [121.86848, 24.57737], [121.87181, 24.58082], [121.8697, 24.58498], [121.87055, 24.5904], [121.8711, 24.58676], [121.8749, 24.5862], [121.8809, 24.59322], [121.87587, 24.58694], [121.8771, 24.58578], [121.87575, 24.58678], [121.87196, 24.58457], [121.8766, 24.58305], [121.87505, 24.5816], [121.87908, 24.57954], [121.87541, 24.5791], [121.8756, 24.57727], [121.87173, 24.57824], [121.86952, 24.57444], [121.87116, 24.55246], [121.8741, 24.54546], [121.8723, 24.54159], [121.87373, 24.53445], [121.8697, 24.52842], [121.86213, 24.52843], [121.85339, 24.52346], [121.84296, 24.5211], [121.8399, 24.51691], [121.83832, 24.50861], [121.83906, 24.49952], [121.84064, 24.49786], [121.84781, 24.49736], [121.84782, 24.49584], [121.85063, 24.49536], [121.84967, 24.49195], [121.85105, 24.48427], [121.85887, 24.48381], [121.86175, 24.48047], [121.85939, 24.47928], [121.85265, 24.48061], [121.84204, 24.47668], [121.83294, 24.46811], [121.82121, 24.46248], [121.81991, 24.45975], [121.8218, 24.45609], [121.82112, 24.45425], [121.81637, 24.45022], [121.81244, 24.44357], [121.80375, 24.43712], [121.79939, 24.43141], [121.79062, 24.40773], [121.78732, 24.37353], [121.77111, 24.33654], [121.77346, 24.31858], [121.77247, 24.3135], [121.75959, 24.31406], [121.74458, 24.32288], [121.73498, 24.3231], [121.72785, 24.32594], [121.71356, 24.32687], [121.69523, 24.33483], [121.68859, 24.33359], [121.68543, 24.34074], [121.67484, 24.33775], [121.67396, 24.34336], [121.66893, 24.34321], [121.66391, 24.34922], [121.66326, 24.35283], [121.66148, 24.35311], [121.66007, 24.3512], [121.65663, 24.3532], [121.65347, 24.35221], [121.65369, 24.35597], [121.65062, 24.35983], [121.64785, 24.3578], [121.65073, 24.3508], [121.64861, 24.34959], [121.64042, 24.35718], [121.6381, 24.36255], [121.63492, 24.36381], [121.6348, 24.36651], [121.63063, 24.36638], [121.63095, 24.37053], [121.62181, 24.36669], [121.62038, 24.36322], [121.6236, 24.36224], [121.62128, 24.35791], [121.62678, 24.3543], [121.62684, 24.34954], [121.63041, 24.34824], [121.63325, 24.34915], [121.63546, 24.34758], [121.63517, 24.34474], [121.6313, 24.34399], [121.63271, 24.33469], [121.62861, 24.3337], [121.62661, 24.33585], [121.62745, 24.34108], [121.62277, 24.33946], [121.62042, 24.34515], [121.61882, 24.34541], [121.61613, 24.33815], [121.61865, 24.33564], [121.61751, 24.33361], [121.61519, 24.33332], [121.61194, 24.33593], [121.60782, 24.33543], [121.60648, 24.33013], [121.60422, 24.32903], [121.59907, 24.33361], [121.59571, 24.33159], [121.59657, 24.32814], [121.60134, 24.32327], [121.60113, 24.32059], [121.60529, 24.31716], [121.60698, 24.31264], [121.60576, 24.30945], [121.60141, 24.31454], [121.59704, 24.31631], [121.59348, 24.31632], [121.58944, 24.31379], [121.58761, 24.31602], [121.57637, 24.31956], [121.57053, 24.31796], [121.56651, 24.31919], [121.56345, 24.3222], [121.55982, 24.32289], [121.55602, 24.33121], [121.54523, 24.33771], [121.54005, 24.33588], [121.53314, 24.33706], [121.52241, 24.343], [121.51353, 24.34081], [121.5096, 24.34121], [121.50732, 24.34331], [121.5039, 24.34284], [121.49942, 24.33942], [121.49525, 24.34037], [121.48573, 24.34856], [121.48154, 24.34886], [121.47877, 24.35193], [121.47521, 24.35129], [121.46545, 24.35531], [121.451, 24.3654], [121.44702, 24.3755], [121.44173, 24.37373], [121.43685, 24.38348], [121.42871, 24.38371], [121.41877, 24.3798], [121.41209, 24.3804], [121.40698, 24.37807], [121.39982, 24.38012], [121.39446, 24.37827], [121.39209, 24.37563], [121.3892, 24.37569], [121.38685, 24.37019], [121.37998, 24.36738], [121.37305, 24.36847], [121.36857, 24.37271], [121.36636, 24.37931], [121.36902, 24.38304], [121.36401, 24.38951], [121.35359, 24.39362], [121.35143, 24.39253], [121.34248, 24.39321], [121.33828, 24.38992], [121.3313, 24.39833], [121.3269, 24.39864], [121.32539, 24.40059], [121.32413, 24.40735], [121.32654, 24.4134], [121.32752, 24.43273], [121.32097, 24.44047], [121.31674, 24.44171], [121.31923, 24.44751], [121.32609, 24.45999], [121.33105, 24.46529], [121.33605, 24.46741], [121.33563, 24.47197], [121.34019, 24.47503], [121.34272, 24.48211], [121.34646, 24.48468], [121.35053, 24.48427], [121.35756, 24.48643], [121.36403, 24.49512], [121.37124, 24.49831], [121.37342, 24.50993], [121.38348, 24.51012], [121.38521, 24.5169], [121.3884, 24.5176], [121.39055, 24.52293], [121.39756, 24.52472], [121.40153, 24.529], [121.39684, 24.5393], [121.39874, 24.54793], [121.39474, 24.55584], [121.40134, 24.56213], [121.40361, 24.56877], [121.41233, 24.57344], [121.40314, 24.59203], [121.40846, 24.59899], [121.41212, 24.60074], [121.41271, 24.60363], [121.41854, 24.6011], [121.42761, 24.60577], [121.43061, 24.61449], [121.43563, 24.62128], [121.43486, 24.6246], [121.43605, 24.62737], [121.44056, 24.63511], [121.44499, 24.63727], [121.44508, 24.64325], [121.44888, 24.64621], [121.45134, 24.65096], [121.44787, 24.65515], [121.44799, 24.65893], [121.44961, 24.66227], [121.45385, 24.66434], [121.45739, 24.67098], [121.45968, 24.67325], [121.46907, 24.67182], [121.48697, 24.67518], [121.49277, 24.67318], [121.51181, 24.68435], [121.52409, 24.68334], [121.52694, 24.68522], [121.52786, 24.68894], [121.5293, 24.68757], [121.53679, 24.68842], [121.53755, 24.69402], [121.53887, 24.6947], [121.53786, 24.69989], [121.54325, 24.70566], [121.5513, 24.70596], [121.55636, 24.71119], [121.56268, 24.71286], [121.56773, 24.71157], [121.57036, 24.71395], [121.57218, 24.71054], [121.57494, 24.71019], [121.57722, 24.71477], [121.57821, 24.72229], [121.58725, 24.72014], [121.59792, 24.72886], [121.59365, 24.72973], [121.59523, 24.73993], [121.59165, 24.74468], [121.59608, 24.74832], [121.59045, 24.75109], [121.58897, 24.75512], [121.59065, 24.76114], [121.59623, 24.76686], [121.59557, 24.7693], [121.59758, 24.77221], [121.592, 24.78766], [121.60579, 24.78917], [121.60958, 24.79374], [121.62107, 24.79245], [121.62543, 24.79506], [121.6258, 24.80878], [121.62848, 24.80792], [121.63883, 24.81072], [121.64489, 24.80924], [121.64737, 24.81393], [121.65286, 24.81133], [121.66069, 24.81083], [121.669, 24.818], [121.67426, 24.81411], [121.67719, 24.8141], [121.68117, 24.8176], [121.68823, 24.81611], [121.6901, 24.82148], [121.68764, 24.8249], [121.69611, 24.82983], [121.69643, 24.83465], [121.69915, 24.83557], [121.70178, 24.83436], [121.70888, 24.84053], [121.71428, 24.84179], [121.71552, 24.84428], [121.71973, 24.84558], [121.7206, 24.84875], [121.73052, 24.8553], [121.73655, 24.8557], [121.74204, 24.85244], [121.74571, 24.85283], [121.74795, 24.85493], [121.76101, 24.85671], [121.76155, 24.86012], [121.76287, 24.86126], [121.76448, 24.85996], [121.7683, 24.86569], [121.77545, 24.86511], [121.77731, 24.87078], [121.78518, 24.87417], [121.78222, 24.87925], [121.78167, 24.88948], [121.78565, 24.89062], [121.78572, 24.89244], [121.7897, 24.89331], [121.79295, 24.89617], [121.79185, 24.89978], [121.7952, 24.89976], [121.79715, 24.9016], [121.80472, 24.90122], [121.81048, 24.90365], [121.81162, 24.90652], [121.81831, 24.90272], [121.82554, 24.90527], [121.83172, 24.90488], [121.84372, 24.91566], [121.84567, 24.91938], [121.85363, 24.92516], [121.85384, 24.9279], [121.84913, 24.93033], [121.84671, 24.93773], [121.84237, 24.93943], [121.83903, 24.94469], [121.84175, 24.95122], [121.84146, 24.95441], [121.84692, 24.9603], [121.85031, 24.96116], [121.85263, 24.95962], [121.85438, 24.96159], [121.86102, 24.96366], [121.87151, 24.96071], [121.8827, 24.96421], [121.88852, 24.96317], [121.88955, 24.96475], [121.89711, 24.96699], [121.90284, 24.9744], [121.90541, 24.97343], [121.90813, 24.97586], [121.91026, 24.97476], [121.91099, 24.97697], [121.91484, 24.97934], [121.92261, 24.97857], [121.93352, 24.98091], [121.93461, 24.98325], [121.94044, 24.98445], [121.94459, 24.98817], [121.94759, 24.98666], [121.95052, 24.98835], [121.95811, 24.98731], [121.96106, 24.9883], [121.966, 24.98311], [121.95686, 24.98275], [121.95153, 24.97889], [121.95198, 24.98032], [121.94435, 24.97702], [121.94191, 24.97342], [121.93622, 24.97386], [121.92641, 24.96935], [121.92256, 24.96461], [121.92302, 24.96181], [121.9218, 24.96288], [121.92139, 24.95963], [121.9186, 24.95748], [121.91906, 24.95408], [121.91077, 24.95074], [121.91039, 24.94909], [121.90453, 24.94603], [121.90376, 24.93989], [121.90351, 24.94187], [121.90103, 24.93992], [121.89801, 24.94159], [121.8985, 24.94069], [121.89454, 24.94055], [121.88913, 24.93696], [121.88559, 24.93114], [121.88755, 24.92685], [121.88428, 24.9235], [121.885, 24.91788], [121.87538, 24.90958], [121.87192, 24.90367], [121.8716, 24.90601], [121.86882, 24.90397], [121.87087, 24.90491], [121.87057, 24.90342], [121.86589, 24.90306], [121.85877, 24.89369], [121.85227, 24.89128], [121.83982, 24.87271], [121.8426, 24.87115], [121.84128, 24.86639], [121.8411, 24.86901], [121.83794, 24.86791], [121.8361, 24.87004], [121.83266, 24.86341], [121.83386, 24.86272], [121.83625, 24.86745], [121.84064, 24.86534], [121.83747, 24.86583], [121.8362, 24.8642], [121.83459, 24.8589], [121.83566, 24.85805], [121.83394, 24.85849], [121.83105, 24.85254], [121.82533, 24.83378], [121.8189, 24.79737], [121.81778, 24.77626], [121.82223, 24.74308], [121.83003, 24.72444], [121.83654, 24.7139], [121.83795, 24.67422], [121.84525, 24.64464]]]]}}, {"type": "Feature", "properties": {"COUNTYNAME": "臺北市", "name": "臺北市", "COUNTYSN": "63000001"}, "geometry": {"type": "Polygon", "coordinates": [[[121.55916, 25.21013], [121.56269, 25.20942], [121.56484, 25.20102], [121.5701, 25.19815], [121.57172, 25.1954], [121.58374, 25.19458], [121.58271, 25.19308], [121.58402, 25.18894], [121.58088, 25.18188], [121.58349, 25.17687], [121.57736, 25.17013], [121.57704, 25.16699], [121.58791, 25.16296], [121.58986, 25.16373], [121.59184, 25.1559], [121.58936, 25.15242], [121.59358, 25.15029], [121.59841, 25.14029], [121.60409, 25.13619], [121.60568, 25.13675], [121.60461, 25.13084], [121.60784, 25.1302], [121.60421, 25.12577], [121.6017, 25.12598], [121.60073, 25.1218], [121.59561, 25.11413], [121.5975, 25.10951], [121.61525, 25.10395], [121.6221, 25.09734], [121.62623, 25.09604], [121.62504, 25.09373], [121.62822, 25.08798], [121.62795, 25.08323], [121.62423, 25.08038], [121.62363, 25.07402], [121.62195, 25.07472], [121.62061, 25.07339], [121.62147, 25.06956], [121.61761, 25.0676], [121.61789, 25.06511], [121.61676, 25.06586], [121.61614, 25.06392], [121.62053, 25.06159], [121.62424, 25.05575], [121.62051, 25.05665], [121.62084, 25.05342], [121.61631, 25.05063], [121.6191, 25.04346], [121.62475, 25.03778], [121.6296, 25.03668], [121.63019, 25.03511], [121.63354, 25.03572], [121.64679, 25.02799], [121.65511, 25.02747], [121.6608, 25.03046], [121.66593, 25.02984], [121.66325, 25.02294], [121.65382, 25.02444], [121.64632, 25.0217], [121.64298, 25.02458], [121.63566, 25.02322], [121.63242, 25.02561], [121.62886, 25.01987], [121.62327, 25.01726], [121.6092, 25.02094], [121.60819, 25.01944], [121.60408, 25.01905], [121.60254, 25.01505], [121.59739, 25.01466], [121.59589, 25.0046], [121.60047, 25.00104], [121.59814, 24.99447], [121.59906, 24.99166], [121.60195, 24.99032], [121.6018, 24.98788], [121.59983, 24.98633], [121.60064, 24.98028], [121.59951, 24.97813], [121.60522, 24.97439], [121.61419, 24.97358], [121.62, 24.96936], [121.61963, 24.96717], [121.61367, 24.96643], [121.60118, 24.96089], [121.59687, 24.96058], [121.59109, 24.96463], [121.58564, 24.96323], [121.5786, 24.96661], [121.57457, 24.96685], [121.57265, 24.96399], [121.56124, 24.96468], [121.55369, 24.9774], [121.55393, 24.98484], [121.5526, 24.98671], [121.55083, 24.98722], [121.54899, 24.98374], [121.54497, 24.9837], [121.54417, 24.9882], [121.53687, 24.98869], [121.53706, 24.99226], [121.53527, 24.99512], [121.52681, 24.98705], [121.53242, 25.00082], [121.53232, 25.00768], [121.52591, 25.01168], [121.51849, 25.01994], [121.50937, 25.02144], [121.50022, 25.01192], [121.49589, 25.00946], [121.4927, 25.00948], [121.48818, 25.01544], [121.48873, 25.02318], [121.48597, 25.02937], [121.48629, 25.03274], [121.49007, 25.0394], [121.50322, 25.04833], [121.50683, 25.06464], [121.50607, 25.07472], [121.49982, 25.08715], [121.48873, 25.09715], [121.48107, 25.10087], [121.46613, 25.10172], [121.46014, 25.10479], [121.4571, 25.10854], [121.46092, 25.11618], [121.45878, 25.12296], [121.46482, 25.12425], [121.4657, 25.13169], [121.48291, 25.15024], [121.48744, 25.15141], [121.49246, 25.16048], [121.49882, 25.16505], [121.50257, 25.17325], [121.5104, 25.16945], [121.5137, 25.17098], [121.51997, 25.16929], [121.52253, 25.17461], [121.52171, 25.17913], [121.52605, 25.183], [121.53341, 25.18362], [121.53584, 25.18668], [121.5411, 25.18739], [121.54281, 25.18889], [121.54338, 25.19403], [121.5483, 25.19807], [121.55191, 25.19782], [121.55171, 25.2035], [121.55501, 25.20844], [121.55916, 25.21013]]]}}, {"type": "Feature", "properties": {"COUNTYNAME": "雲林縣", "name": "雲林縣", "COUNTYSN": "10009001"}, "geometry": {"type": "MultiPolygon", "coordinates": [[[[120.1301, 23.5689], [120.12729, 23.5734], [120.13235, 23.57895], [120.13251, 23.5737], [120.1301, 23.5689]]], [[[120.10812, 23.53962], [120.10573, 23.54048], [120.10367, 23.54399], [120.10506, 23.54796], [120.11144, 23.55533], [120.12145, 23.5561], [120.12448, 23.5629], [120.13142, 23.56309], [120.13275, 23.56435], [120.13058, 23.56174], [120.13242, 23.55951], [120.13071, 23.55952], [120.13168, 23.55721], [120.12982, 23.55502], [120.13013, 23.55141], [120.12783, 23.5533], [120.12766, 23.55726], [120.12539, 23.55877], [120.12257, 23.55627], [120.12388, 23.55502], [120.12248, 23.55429], [120.12301, 23.55266], [120.12059, 23.55205], [120.11926, 23.54899], [120.11652, 23.54949], [120.11538, 23.54602], [120.10948, 23.54512], [120.11063, 23.5418], [120.10812, 23.53962]]], [[[120.13186, 23.53013], [120.12561, 23.53133], [120.12722, 23.53391], [120.12613, 23.53495], [120.1279, 23.53624], [120.12681, 23.53723], [120.12898, 23.53819], [120.12658, 23.53967], [120.12869, 23.54292], [120.12611, 23.54415], [120.1295, 23.54409], [120.12921, 23.54702], [120.13058, 23.5482], [120.13251, 23.54662], [120.13379, 23.54759], [120.13473, 23.54365], [120.13693, 23.54322], [120.13201, 23.53415], [120.1275, 23.53282], [120.13186, 23.53013]]], [[[120.09745, 23.52135], [120.09088, 23.52876], [120.09264, 23.53401], [120.09685, 23.53926], [120.09638, 23.54126], [120.09777, 23.5406], [120.09852, 23.54204], [120.10187, 23.54072], [120.10801, 23.53397], [120.10714, 23.53291], [120.10549, 23.53403], [120.10308, 23.53164], [120.10836, 23.53202], [120.11162, 23.52959], [120.10933, 23.52918], [120.10995, 23.52721], [120.09988, 23.52943], [120.09745, 23.52135]]], [[[120.05985, 23.48956], [120.06292, 23.48939], [120.06514, 23.48717], [120.06322, 23.48608], [120.06377, 23.48276], [120.06027, 23.48142], [120.06253, 23.48046], [120.05369, 23.47893], [120.05354, 23.48068], [120.05831, 23.48268], [120.0558, 23.48414], [120.05692, 23.48569], [120.05268, 23.48794], [120.05357, 23.48334], [120.0523, 23.48392], [120.05202, 23.48131], [120.0495, 23.47951], [120.04799, 23.4802], [120.04897, 23.47678], [120.04724, 23.47867], [120.04287, 23.47671], [120.04203, 23.47992], [120.0456, 23.48422], [120.04573, 23.4882], [120.04865, 23.49196], [120.05144, 23.4925], [120.04791, 23.49356], [120.04726, 23.49517], [120.04503, 23.49356], [120.04574, 23.49029], [120.04396, 23.4843], [120.04198, 23.48379], [120.04002, 23.48044], [120.04095, 23.47851], [120.03775, 23.47823], [120.03831, 23.48038], [120.03494, 23.483], [120.03664, 23.47972], [120.0358, 23.47751], [120.03304, 23.47961], [120.02979, 23.47959], [120.02709, 23.47784], [120.02731, 23.47598], [120.02486, 23.47523], [120.02591, 23.47302], [120.02259, 23.47045], [120.02578, 23.46858], [120.02348, 23.46571], [120.0254, 23.46482], [120.02388, 23.45952], [120.01765, 23.45867], [120.01391, 23.45996], [120.01642, 23.46782], [120.01965, 23.46856], [120.01804, 23.46951], [120.0123, 23.46782], [120.00889, 23.46384], [120.00758, 23.46105], [120.02009, 23.44406], [120.01847, 23.44251], [120.02033, 23.44202], [120.02225, 23.4385], [120.02033, 23.43569], [120.0172, 23.44139], [120.01587, 23.43985], [120.0142, 23.4418], [120.01547, 23.4438], [120.01281, 23.44478], [120.01297, 23.44664], [120.00811, 23.45195], [120.0041, 23.46093], [119.99696, 23.46538], [120.00088, 23.47369], [120.0042, 23.47419], [120.01638, 23.48441], [120.05211, 23.50557], [120.05229, 23.50708], [120.06232, 23.51236], [120.0634, 23.51483], [120.06662, 23.51514], [120.07328, 23.52068], [120.07889, 23.52278], [120.08092, 23.52628], [120.08161, 23.52365], [120.0877, 23.52193], [120.09355, 23.51788], [120.0958, 23.51054], [120.08257, 23.51256], [120.08249, 23.50847], [120.07929, 23.50894], [120.0766, 23.50731], [120.07487, 23.50336], [120.07767, 23.50204], [120.07237, 23.50195], [120.07059, 23.50422], [120.07109, 23.50201], [120.06914, 23.50261], [120.06688, 23.50057], [120.07411, 23.49877], [120.07096, 23.49726], [120.07, 23.49869], [120.0664, 23.49854], [120.06531, 23.49635], [120.06975, 23.49663], [120.06938, 23.49521], [120.0721, 23.49394], [120.06919, 23.49328], [120.06822, 23.49012], [120.06528, 23.49191], [120.06541, 23.49463], [120.06202, 23.49315], [120.06239, 23.49171], [120.05386, 23.49227], [120.05985, 23.48956]]], [[[120.19231, 23.81764], [120.19235, 23.81767], [120.19241, 23.81767], [120.19245, 23.81763], [120.19246, 23.81756], [120.19243, 23.8175], [120.19223, 23.81722], [120.19219, 23.81718], [120.19214, 23.81716], [120.19208, 23.8172], [120.19207, 23.81725], [120.19209, 23.81731], [120.19231, 23.81764]]], [[[120.19259, 23.81693], [120.19263, 23.81696], [120.19268, 23.81699], [120.19275, 23.81697], [120.19353, 23.81652], [120.19357, 23.81648], [120.19358, 23.81642], [120.19349, 23.81606], [120.19347, 23.81598], [120.19342, 23.81592], [120.19338, 23.81588], [120.19334, 23.81586], [120.19329, 23.81588], [120.19319, 23.81592], [120.19316, 23.81592], [120.19311, 23.81589], [120.19308, 23.81584], [120.19303, 23.81571], [120.19293, 23.81556], [120.19243, 23.81574], [120.19231, 23.81581], [120.19224, 23.81586], [120.19219, 23.81591], [120.19218, 23.81598], [120.1922, 23.8161], [120.19259, 23.81693]]], [[[120.19101, 23.81602], [120.19102, 23.81596], [120.19102, 23.81585], [120.19093, 23.81566], [120.19086, 23.81559], [120.1908, 23.8155], [120.1907, 23.81532], [120.18926, 23.81403], [120.18913, 23.81394], [120.18899, 23.81388], [120.18891, 23.81387], [120.18891, 23.81394], [120.18894, 23.81402], [120.18908, 23.81418], [120.18923, 23.81431], [120.18985, 23.81498], [120.19037, 23.81547], [120.19048, 23.81556], [120.19056, 23.81559], [120.1906, 23.81564], [120.19062, 23.81571], [120.19066, 23.81576], [120.1908, 23.81589], [120.19101, 23.81602]]], [[[120.17165, 23.7408], [120.17239, 23.74416], [120.17669, 23.74878], [120.17497, 23.74344], [120.17411, 23.74453], [120.17165, 23.7408]]], [[[120.17422, 23.74224], [120.17426, 23.74224], [120.17431, 23.74218], [120.17436, 23.7421], [120.17438, 23.74203], [120.17444, 23.74182], [120.17445, 23.74171], [120.17442, 23.74147], [120.17432, 23.7411], [120.17427, 23.74085], [120.17422, 23.74037], [120.17423, 23.74003], [120.17427, 23.73972], [120.17426, 23.7396], [120.17423, 23.7395], [120.17418, 23.7394], [120.17407, 23.73925], [120.17398, 23.73915], [120.17392, 23.73912], [120.17385, 23.73914], [120.17381, 23.73917], [120.17378, 23.73924], [120.17376, 23.73935], [120.17372, 23.73972], [120.17373, 23.73992], [120.17378, 23.74025], [120.17388, 23.74056], [120.17395, 23.74095], [120.17401, 23.74125], [120.17405, 23.74138], [120.17408, 23.74145], [120.1741, 23.74153], [120.17412, 23.74168], [120.17414, 23.74209], [120.17416, 23.74218], [120.17419, 23.74222], [120.17422, 23.74224]]], [[[120.16964, 23.73486], [120.17132, 23.73228], [120.16614, 23.72911], [120.16556, 23.73073], [120.15737, 23.71744], [120.15738, 23.72063], [120.16237, 23.72953], [120.1663, 23.73416], [120.16964, 23.73486]]], [[[120.6445, 23.6682], [120.64043, 23.66442], [120.63996, 23.66116], [120.63672, 23.65693], [120.63502, 23.65186], [120.63618, 23.64856], [120.63455, 23.64567], [120.63502, 23.64277], [120.62909, 23.63518], [120.63017, 23.63259], [120.62873, 23.62983], [120.63083, 23.62204], [120.6344, 23.61943], [120.64536, 23.63121], [120.6529, 23.62958], [120.65171, 23.61626], [120.65827, 23.61383], [120.66138, 23.61024], [120.6641, 23.61103], [120.66911, 23.60918], [120.68354, 23.61068], [120.68538, 23.61253], [120.68601, 23.61805], [120.6911, 23.62015], [120.69668, 23.6199], [120.70214, 23.61724], [120.7104, 23.6192], [120.71409, 23.62107], [120.71307, 23.6279], [120.71854, 23.62993], [120.72284, 23.62283], [120.73075, 23.61811], [120.73086, 23.61076], [120.72484, 23.60381], [120.72872, 23.59909], [120.73264, 23.59716], [120.72989, 23.59366], [120.73397, 23.58416], [120.73212, 23.57721], [120.73508, 23.57513], [120.73615, 23.57045], [120.72802, 23.5703], [120.72433, 23.57189], [120.71766, 23.56905], [120.71606, 23.57107], [120.7104, 23.57099], [120.70903, 23.57564], [120.69354, 23.57632], [120.67621, 23.57051], [120.66999, 23.5785], [120.66052, 23.57588], [120.65703, 23.57248], [120.65027, 23.57256], [120.64752, 23.57658], [120.64342, 23.57597], [120.64406, 23.57901], [120.6492, 23.58358], [120.64929, 23.58591], [120.6471, 23.58688], [120.64855, 23.59342], [120.63104, 23.59007], [120.6234, 23.5901], [120.61889, 23.58413], [120.61551, 23.58533], [120.61033, 23.58274], [120.60636, 23.58422], [120.6003, 23.58312], [120.5898, 23.58573], [120.58599, 23.58264], [120.5803, 23.58226], [120.57084, 23.588], [120.56708, 23.58774], [120.56562, 23.58944], [120.55811, 23.58906], [120.55617, 23.59298], [120.53741, 23.59456], [120.53312, 23.59694], [120.51025, 23.61934], [120.50639, 23.62617], [120.50754, 23.63111], [120.50376, 23.63528], [120.49321, 23.63312], [120.48875, 23.63592], [120.48733, 23.63497], [120.48739, 23.63058], [120.47906, 23.63292], [120.47693, 23.6295], [120.474, 23.63106], [120.46614, 23.63027], [120.45422, 23.6263], [120.45102, 23.62716], [120.45408, 23.62956], [120.45316, 23.63062], [120.44998, 23.62939], [120.44455, 23.63054], [120.44107, 23.62594], [120.43528, 23.62551], [120.43685, 23.62179], [120.43367, 23.62287], [120.43063, 23.61863], [120.42703, 23.61928], [120.42522, 23.61801], [120.42184, 23.61951], [120.42065, 23.62517], [120.41583, 23.62138], [120.41296, 23.62396], [120.40662, 23.62519], [120.40633, 23.6328], [120.40461, 23.63419], [120.40087, 23.63217], [120.40263, 23.62694], [120.38607, 23.6207], [120.38283, 23.61467], [120.38338, 23.61291], [120.37999, 23.61], [120.3665, 23.6078], [120.36565, 23.60237], [120.35898, 23.59498], [120.34306, 23.59187], [120.33448, 23.59269], [120.33311, 23.57912], [120.32716, 23.57427], [120.31956, 23.57236], [120.31151, 23.57503], [120.30738, 23.57463], [120.30647, 23.57205], [120.3103, 23.56714], [120.3106, 23.56448], [120.30657, 23.56287], [120.29548, 23.56459], [120.29021, 23.56242], [120.28913, 23.55752], [120.29088, 23.55075], [120.27641, 23.5435], [120.27196, 23.53076], [120.2684, 23.53027], [120.26342, 23.53355], [120.25611, 23.54608], [120.24355, 23.54376], [120.24191, 23.5395], [120.24706, 23.51514], [120.24389, 23.51078], [120.23909, 23.50768], [120.22304, 23.50431], [120.19932, 23.51305], [120.18993, 23.51004], [120.18094, 23.50987], [120.16656, 23.51722], [120.16457, 23.51581], [120.15812, 23.51592], [120.14584, 23.5208], [120.14538, 23.52645], [120.15027, 23.53192], [120.14863, 23.53687], [120.14113, 23.54537], [120.13941, 23.5495], [120.14037, 23.55715], [120.13881, 23.5604], [120.14006, 23.5596], [120.14057, 23.56194], [120.13767, 23.56193], [120.14105, 23.56236], [120.14323, 23.56801], [120.1433, 23.57212], [120.14138, 23.57193], [120.14055, 23.5736], [120.14073, 23.58346], [120.14152, 23.59196], [120.14421, 23.59411], [120.14478, 23.5972], [120.14129, 23.59844], [120.14157, 23.61207], [120.1392, 23.61472], [120.13313, 23.61569], [120.136, 23.61582], [120.13545, 23.61797], [120.13611, 23.61582], [120.13859, 23.61601], [120.13844, 23.61791], [120.13592, 23.61851], [120.14151, 23.61868], [120.14154, 23.62078], [120.14033, 23.62086], [120.14032, 23.61895], [120.13862, 23.62022], [120.13346, 23.6195], [120.14, 23.62129], [120.14396, 23.64933], [120.14766, 23.65315], [120.14844, 23.65626], [120.15085, 23.65586], [120.1511, 23.65741], [120.14878, 23.65834], [120.15203, 23.65836], [120.15279, 23.66027], [120.15099, 23.66077], [120.15211, 23.66438], [120.15383, 23.66378], [120.16319, 23.68335], [120.17873, 23.7018], [120.18678, 23.70076], [120.18184, 23.70364], [120.17455, 23.70483], [120.17179, 23.70338], [120.17395, 23.70463], [120.17166, 23.70392], [120.16963, 23.70714], [120.17149, 23.7211], [120.16905, 23.72165], [120.1714, 23.72175], [120.16675, 23.72245], [120.16605, 23.71834], [120.16354, 23.71739], [120.16583, 23.7187], [120.16666, 23.72426], [120.16322, 23.72461], [120.15978, 23.71876], [120.16179, 23.71738], [120.15965, 23.71749], [120.15949, 23.71895], [120.16306, 23.72494], [120.167, 23.72455], [120.16677, 23.72258], [120.17169, 23.72239], [120.17457, 23.74103], [120.17806, 23.75036], [120.17675, 23.7505], [120.18038, 23.75578], [120.1982, 23.75672], [120.19875, 23.77264], [120.20497, 23.7791], [120.20286, 23.77997], [120.18981, 23.76169], [120.18195, 23.75869], [120.17084, 23.75843], [120.17119, 23.75512], [120.16288, 23.77253], [120.16191, 23.77989], [120.16301, 23.78193], [120.16321, 23.77439], [120.16641, 23.76674], [120.1662, 23.77106], [120.16963, 23.77201], [120.17237, 23.76942], [120.1734, 23.77126], [120.17063, 23.77225], [120.17148, 23.7745], [120.18535, 23.80058], [120.18247, 23.80099], [120.18191, 23.79864], [120.17991, 23.79906], [120.17826, 23.79607], [120.17973, 23.79908], [120.17408, 23.80026], [120.17456, 23.79906], [120.17207, 23.79744], [120.17338, 23.79966], [120.16717, 23.79305], [120.17293, 23.80049], [120.16521, 23.79401], [120.16071, 23.78598], [120.15674, 23.78454], [120.16016, 23.7867], [120.16507, 23.79444], [120.17546, 23.80312], [120.17568, 23.80444], [120.17027, 23.80546], [120.17042, 23.80666], [120.17661, 23.80548], [120.18188, 23.80775], [120.20593, 23.82202], [120.19404, 23.8162], [120.19302, 23.81775], [120.19485, 23.81757], [120.19534, 23.82042], [120.19757, 23.81965], [120.20415, 23.82232], [120.19982, 23.82193], [120.19962, 23.82328], [120.20812, 23.82321], [120.21051, 23.82109], [120.23171, 23.81688], [120.23133, 23.81826], [120.21688, 23.81984], [120.21275, 23.82197], [120.22306, 23.83565], [120.21871, 23.84114], [120.22116, 23.84167], [120.22029, 23.84256], [120.22253, 23.84421], [120.22576, 23.84281], [120.22793, 23.84684], [120.23158, 23.8468], [120.23337, 23.84432], [120.23335, 23.83787], [120.23556, 23.83732], [120.23629, 23.83936], [120.23898, 23.83838], [120.24224, 23.84233], [120.25616, 23.83379], [120.30814, 23.8203], [120.35814, 23.82281], [120.37031, 23.82856], [120.41035, 23.82637], [120.41841, 23.82698], [120.42517, 23.83022], [120.43315, 23.83016], [120.45208, 23.81722], [120.48313, 23.80657], [120.50883, 23.80042], [120.52789, 23.79906], [120.53533, 23.8013], [120.55137, 23.80112], [120.56028, 23.79814], [120.57801, 23.7953], [120.58693, 23.79192], [120.6282, 23.78999], [120.64035, 23.78604], [120.64845, 23.77323], [120.65597, 23.75375], [120.65436, 23.74304], [120.65571, 23.73483], [120.64428, 23.73671], [120.64292, 23.73211], [120.63971, 23.72919], [120.64157, 23.72244], [120.6406, 23.71326], [120.63899, 23.71066], [120.6413, 23.70574], [120.6455, 23.70333], [120.64325, 23.69971], [120.64644, 23.69304], [120.64559, 23.68768], [120.64807, 23.68279], [120.64606, 23.67742], [120.64695, 23.67296], [120.64495, 23.67172], [120.6445, 23.6682]]]]}}, {"type": "Feature", "properties": {"COUNTYNAME": "桃園市", "name": "桃園市", "COUNTYSN": "10003001"}, "geometry": {"type": "Polygon", "coordinates": [[[121.1898, 25.09362], [121.19114, 25.0967], [121.19838, 25.10183], [121.20759, 25.10468], [121.21225, 25.10875], [121.23058, 25.11235], [121.23324, 25.11501], [121.23956, 25.11508], [121.23915, 25.12075], [121.23983, 25.11487], [121.24276, 25.11531], [121.24243, 25.11718], [121.24655, 25.11795], [121.24097, 25.11867], [121.24133, 25.12194], [121.23973, 25.12317], [121.2438, 25.11857], [121.25, 25.12092], [121.26038, 25.12199], [121.28356, 25.11728], [121.28273, 25.10967], [121.28707, 25.10686], [121.29025, 25.10686], [121.29162, 25.10265], [121.29833, 25.10448], [121.30121, 25.10168], [121.30273, 25.09681], [121.3105, 25.09653], [121.31823, 25.093], [121.3249, 25.09257], [121.33847, 25.08368], [121.34365, 25.08419], [121.34926, 25.08239], [121.34942, 25.08074], [121.34246, 25.08009], [121.34798, 25.07878], [121.34521, 25.07849], [121.34631, 25.07678], [121.34431, 25.07796], [121.34446, 25.07608], [121.34621, 25.07564], [121.34462, 25.07503], [121.34047, 25.07637], [121.34052, 25.07409], [121.34254, 25.07356], [121.34185, 25.07266], [121.34794, 25.07379], [121.34989, 25.07663], [121.34985, 25.07356], [121.35173, 25.07444], [121.35345, 25.07331], [121.34646, 25.07029], [121.35379, 25.06858], [121.3549, 25.06513], [121.37686, 25.06608], [121.38291, 25.06293], [121.3883, 25.06306], [121.38816, 25.06158], [121.39091, 25.06082], [121.38767, 25.05971], [121.38973, 25.05904], [121.38862, 25.05687], [121.38562, 25.05813], [121.38746, 25.05499], [121.38448, 25.05251], [121.38998, 25.05287], [121.39273, 25.05504], [121.39105, 25.05356], [121.40069, 25.05136], [121.39977, 25.04935], [121.39749, 25.05041], [121.39848, 25.04848], [121.39401, 25.05035], [121.39439, 25.04751], [121.39862, 25.04811], [121.39769, 25.04628], [121.39986, 25.04494], [121.40307, 25.04564], [121.3983, 25.04412], [121.40013, 25.04302], [121.39389, 25.04377], [121.39066, 25.04187], [121.39358, 25.04196], [121.39439, 25.04008], [121.40108, 25.03772], [121.39958, 25.03587], [121.40119, 25.03443], [121.39857, 25.03473], [121.39828, 25.03009], [121.40077, 25.02909], [121.40132, 25.02637], [121.40451, 25.02381], [121.41213, 25.01943], [121.41142, 25.01803], [121.40167, 25.0158], [121.39248, 25.01548], [121.3912, 25.01203], [121.39953, 25.00693], [121.40315, 24.99922], [121.39684, 24.99729], [121.39402, 24.9934], [121.3905, 24.99329], [121.38803, 24.99639], [121.38414, 24.99568], [121.38342, 24.98855], [121.38538, 24.98593], [121.37238, 24.97991], [121.36904, 24.97682], [121.3639, 24.97959], [121.36118, 24.9778], [121.35404, 24.9778], [121.35232, 24.98083], [121.3472, 24.97883], [121.3427, 24.98231], [121.34109, 24.98025], [121.3368, 24.9807], [121.33391, 24.97873], [121.32726, 24.97833], [121.32862, 24.97629], [121.3235, 24.97186], [121.32746, 24.97357], [121.32822, 24.97211], [121.32879, 24.96963], [121.32675, 24.96648], [121.32964, 24.96688], [121.32805, 24.96548], [121.32914, 24.96053], [121.32798, 24.94914], [121.3316, 24.94564], [121.31578, 24.93848], [121.31812, 24.93479], [121.32317, 24.93128], [121.32204, 24.92803], [121.3336, 24.92985], [121.33978, 24.9285], [121.33523, 24.92497], [121.32462, 24.92336], [121.31756, 24.91635], [121.32248, 24.91256], [121.3236, 24.90988], [121.32621, 24.90916], [121.32618, 24.90717], [121.32032, 24.90021], [121.32702, 24.89592], [121.3318, 24.89982], [121.3333, 24.89938], [121.33207, 24.89351], [121.33368, 24.89151], [121.33846, 24.89333], [121.34217, 24.89255], [121.34113, 24.88796], [121.34473, 24.88574], [121.34566, 24.87997], [121.35329, 24.8766], [121.35442, 24.87342], [121.35296, 24.87102], [121.34505, 24.86694], [121.34838, 24.86072], [121.35333, 24.85872], [121.35803, 24.85322], [121.35474, 24.85332], [121.35329, 24.85054], [121.35186, 24.85059], [121.35264, 24.84909], [121.34983, 24.84963], [121.34866, 24.84836], [121.34787, 24.85092], [121.33721, 24.8484], [121.33608, 24.84384], [121.34016, 24.84343], [121.34672, 24.84588], [121.35481, 24.84398], [121.35788, 24.83947], [121.37006, 24.83625], [121.37356, 24.83327], [121.38329, 24.83696], [121.38526, 24.841], [121.3935, 24.84394], [121.39723, 24.84373], [121.3982, 24.84168], [121.40273, 24.84353], [121.40712, 24.84165], [121.41562, 24.83555], [121.41388, 24.83177], [121.41706, 24.82533], [121.42365, 24.82539], [121.42519, 24.82023], [121.42947, 24.81535], [121.43656, 24.81204], [121.43815, 24.79546], [121.4457, 24.79013], [121.45037, 24.79092], [121.44885, 24.78834], [121.44952, 24.78604], [121.4461, 24.78189], [121.44075, 24.77932], [121.43624, 24.77326], [121.43132, 24.77188], [121.42663, 24.7682], [121.4233, 24.7619], [121.42582, 24.76057], [121.42846, 24.75342], [121.4286, 24.74829], [121.43534, 24.73328], [121.43418, 24.73014], [121.441, 24.72602], [121.44493, 24.71505], [121.44876, 24.71221], [121.45021, 24.7057], [121.46259, 24.70162], [121.46942, 24.69613], [121.4742, 24.69605], [121.47476, 24.69341], [121.47302, 24.68972], [121.47395, 24.68518], [121.47985, 24.67378], [121.46907, 24.67182], [121.45916, 24.67281], [121.45385, 24.66434], [121.44936, 24.66192], [121.44756, 24.65625], [121.45134, 24.65096], [121.44888, 24.64621], [121.44508, 24.64325], [121.44499, 24.63727], [121.44056, 24.63511], [121.43605, 24.62737], [121.43486, 24.6246], [121.43563, 24.62128], [121.43061, 24.61449], [121.42761, 24.60577], [121.41854, 24.6011], [121.41271, 24.60363], [121.41212, 24.60074], [121.40846, 24.59899], [121.40302, 24.59173], [121.39403, 24.5872], [121.38716, 24.58656], [121.37284, 24.59369], [121.37176, 24.59705], [121.36708, 24.59895], [121.36336, 24.60308], [121.36414, 24.60687], [121.36133, 24.6098], [121.35881, 24.61708], [121.36307, 24.62067], [121.36641, 24.63169], [121.35786, 24.6337], [121.35594, 24.64103], [121.35241, 24.64355], [121.35351, 24.66772], [121.35161, 24.66607], [121.34892, 24.66788], [121.34533, 24.66642], [121.3436, 24.66936], [121.3392, 24.66652], [121.33873, 24.67959], [121.32962, 24.69104], [121.32393, 24.69504], [121.31741, 24.69812], [121.31294, 24.69755], [121.30388, 24.6929], [121.29963, 24.69534], [121.30761, 24.71996], [121.30532, 24.72606], [121.29874, 24.73066], [121.29817, 24.73256], [121.30108, 24.74194], [121.30521, 24.74617], [121.3051, 24.75016], [121.3077, 24.75503], [121.30423, 24.7573], [121.30139, 24.7631], [121.29399, 24.76392], [121.29246, 24.76766], [121.28543, 24.77008], [121.27694, 24.77108], [121.27142, 24.7748], [121.27076, 24.77822], [121.26493, 24.78134], [121.26002, 24.78196], [121.25847, 24.78567], [121.26119, 24.79004], [121.26049, 24.79293], [121.25205, 24.79397], [121.24775, 24.79668], [121.24743, 24.80356], [121.24349, 24.80866], [121.23825, 24.80465], [121.22834, 24.80285], [121.22163, 24.79934], [121.21873, 24.80868], [121.21956, 24.81181], [121.21485, 24.81195], [121.20955, 24.8095], [121.208, 24.80713], [121.20469, 24.80725], [121.20284, 24.81001], [121.20589, 24.81259], [121.20226, 24.8162], [121.2033, 24.81731], [121.20078, 24.8178], [121.19881, 24.81494], [121.19648, 24.81783], [121.18679, 24.82337], [121.17368, 24.82767], [121.1762, 24.8321], [121.16006, 24.83738], [121.15439, 24.84406], [121.14996, 24.84433], [121.15707, 24.85245], [121.15649, 24.85588], [121.16139, 24.85949], [121.15923, 24.86933], [121.1562, 24.8744], [121.15805, 24.87457], [121.15784, 24.8773], [121.15571, 24.88065], [121.14467, 24.88019], [121.13905, 24.88243], [121.13559, 24.87799], [121.12813, 24.88093], [121.12391, 24.87994], [121.11633, 24.88168], [121.10778, 24.88606], [121.11102, 24.89123], [121.10906, 24.89774], [121.09118, 24.89339], [121.08352, 24.89881], [121.0711, 24.89947], [121.06907, 24.90278], [121.0625, 24.9046], [121.06066, 24.90367], [121.05794, 24.90545], [121.05917, 24.908], [121.05821, 24.91377], [121.06095, 24.92361], [121.05756, 24.93046], [121.05836, 24.93668], [121.05545, 24.93626], [121.04851, 24.93949], [121.04627, 24.94354], [121.04052, 24.94326], [121.03803, 24.94637], [121.03081, 24.9439], [121.02886, 24.94517], [121.02585, 24.9405], [121.01933, 24.94041], [121.0071, 24.94623], [121.003, 24.94006], [120.99907, 24.9409], [120.99437, 24.93921], [120.9927, 24.93508], [120.98604, 24.93945], [120.99089, 24.94874], [121.00238, 24.95798], [121.00565, 24.96533], [121.01244, 24.97429], [121.01304, 24.97902], [121.01045, 24.98723], [121.01273, 24.98851], [121.00986, 24.98948], [121.01807, 24.98828], [121.00935, 24.99022], [121.01241, 24.99107], [121.01701, 24.9958], [121.02493, 25.01128], [121.02927, 25.01562], [121.02983, 25.01957], [121.03548, 25.02585], [121.04459, 25.03226], [121.05188, 25.04187], [121.07022, 25.04603], [121.07816, 25.05164], [121.08272, 25.05184], [121.09101, 25.06181], [121.10204, 25.06789], [121.11214, 25.07021], [121.11995, 25.07473], [121.15978, 25.08221], [121.17323, 25.08597], [121.17549, 25.08895], [121.18536, 25.09355], [121.1898, 25.09362]]]}}, {"type": "Feature", "properties": {"COUNTYNAME": "屏東縣", "name": "屏東縣", "COUNTYSN": "10013001"}, "geometry": {"type": "MultiPolygon", "coordinates": [[[[120.70254, 22.05566], [120.70522, 22.05588], [120.70385, 22.05473], [120.70254, 22.05566]]], [[[120.35878, 22.32169], [120.35813, 22.32312], [120.35459, 22.32325], [120.35287, 22.32604], [120.3544, 22.33013], [120.35939, 22.33383], [120.36333, 22.3401], [120.36088, 22.34643], [120.36711, 22.35169], [120.37786, 22.35576], [120.38103, 22.35534], [120.38871, 22.35039], [120.3896, 22.34725], [120.3868, 22.34161], [120.37705, 22.33672], [120.36462, 22.32378], [120.35878, 22.32169]]], [[[120.88925, 22.13049], [120.88928, 22.13049], [120.8893, 22.13048], [120.88934, 22.13045], [120.88935, 22.13042], [120.88934, 22.13041], [120.88933, 22.1304], [120.88931, 22.1304], [120.88926, 22.13041], [120.88923, 22.13041], [120.88916, 22.13039], [120.88902, 22.13034], [120.88899, 22.13033], [120.88895, 22.13034], [120.88892, 22.13035], [120.88889, 22.13037], [120.88888, 22.1304], [120.88888, 22.13043], [120.88889, 22.13045], [120.88891, 22.13046], [120.88898, 22.13047], [120.88917, 22.13048], [120.88925, 22.13049]]], [[[120.88767, 22.12607], [120.88861, 22.12487], [120.88734, 22.12391], [120.88767, 22.12607]]], [[[120.69255, 22.00962], [120.6926, 22.01186], [120.68676, 22.02174], [120.68622, 22.02992], [120.68786, 22.03392], [120.69483, 22.04158], [120.69777, 22.04148], [120.69465, 22.04728], [120.69759, 22.055], [120.6998, 22.05609], [120.70367, 22.05414], [120.70723, 22.05662], [120.70536, 22.05664], [120.7075, 22.06403], [120.70315, 22.07995], [120.69927, 22.08261], [120.70144, 22.08621], [120.71624, 22.09179], [120.71611, 22.10511], [120.71309, 22.10935], [120.71335, 22.11296], [120.70966, 22.11598], [120.71074, 22.11765], [120.70947, 22.11946], [120.70993, 22.124], [120.70246, 22.13124], [120.7033, 22.13732], [120.69845, 22.14012], [120.69802, 22.14395], [120.70059, 22.14893], [120.69662, 22.15473], [120.69708, 22.16154], [120.69396, 22.17059], [120.6934, 22.17775], [120.68393, 22.19735], [120.68661, 22.20547], [120.68579, 22.20877], [120.67759, 22.22], [120.6774, 22.22399], [120.67222, 22.23373], [120.65803, 22.2482], [120.65089, 22.25264], [120.65454, 22.25526], [120.654, 22.25631], [120.65073, 22.25581], [120.65004, 22.25694], [120.64934, 22.25571], [120.65238, 22.26777], [120.64332, 22.29083], [120.6425, 22.30309], [120.63052, 22.31907], [120.60775, 22.33874], [120.60016, 22.3543], [120.59017, 22.3633], [120.59421, 22.36042], [120.5924, 22.36316], [120.59392, 22.36401], [120.59217, 22.36348], [120.58494, 22.3723], [120.54843, 22.39612], [120.51799, 22.41105], [120.51348, 22.41621], [120.50748, 22.41584], [120.50156, 22.42045], [120.48475, 22.42796], [120.45526, 22.44616], [120.45238, 22.44593], [120.45506, 22.44845], [120.45141, 22.4474], [120.45141, 22.44932], [120.43872, 22.4636], [120.43534, 22.46414], [120.43917, 22.4637], [120.43843, 22.46455], [120.44139, 22.46632], [120.44557, 22.46426], [120.44289, 22.46649], [120.44364, 22.46727], [120.43729, 22.46491], [120.43728, 22.46655], [120.44127, 22.46834], [120.43999, 22.46989], [120.4382, 22.47066], [120.43461, 22.4677], [120.43393, 22.47337], [120.42406, 22.47703], [120.42575, 22.49815], [120.42285, 22.51842], [120.43087, 22.54393], [120.4366, 22.54757], [120.44205, 22.56019], [120.44704, 22.58651], [120.44548, 22.59957], [120.43746, 22.60742], [120.43366, 22.61778], [120.4336, 22.62416], [120.43593, 22.63128], [120.43608, 22.66142], [120.44002, 22.67321], [120.43959, 22.67835], [120.44259, 22.68445], [120.44873, 22.69089], [120.4553, 22.71611], [120.45603, 22.73056], [120.4538, 22.76943], [120.45744, 22.78537], [120.46405, 22.80031], [120.4655, 22.81276], [120.4692, 22.8251], [120.46877, 22.83068], [120.47635, 22.83819], [120.47889, 22.83677], [120.48147, 22.83761], [120.48446, 22.83553], [120.49273, 22.83565], [120.49148, 22.83692], [120.49273, 22.83728], [120.49785, 22.83163], [120.50494, 22.83153], [120.51001, 22.82853], [120.51548, 22.83154], [120.53059, 22.83299], [120.52977, 22.8317], [120.53107, 22.83078], [120.53646, 22.82926], [120.55323, 22.82838], [120.56339, 22.83509], [120.57438, 22.84782], [120.60536, 22.873], [120.61536, 22.87681], [120.62115, 22.8757], [120.64493, 22.88516], [120.64852, 22.87709], [120.65106, 22.87725], [120.6552, 22.88157], [120.65799, 22.87983], [120.65968, 22.87017], [120.65867, 22.86606], [120.66056, 22.85997], [120.66847, 22.85875], [120.67223, 22.85637], [120.67686, 22.85736], [120.67908, 22.86291], [120.69054, 22.86486], [120.692, 22.86844], [120.70434, 22.88054], [120.72045, 22.882], [120.72504, 22.8808], [120.73134, 22.87606], [120.74246, 22.87371], [120.74909, 22.86585], [120.7551, 22.86464], [120.76222, 22.85659], [120.76411, 22.84899], [120.76994, 22.84447], [120.77433, 22.83772], [120.77881, 22.83519], [120.7859, 22.83987], [120.79258, 22.84102], [120.79167, 22.84843], [120.79353, 22.85211], [120.80102, 22.851], [120.81354, 22.85738], [120.8154, 22.86182], [120.8193, 22.86242], [120.82335, 22.86588], [120.8329, 22.86627], [120.84066, 22.86072], [120.8436, 22.85359], [120.84821, 22.85186], [120.85316, 22.8576], [120.85987, 22.85149], [120.85946, 22.84908], [120.86465, 22.8431], [120.86405, 22.83924], [120.86546, 22.83575], [120.86163, 22.82636], [120.86505, 22.82494], [120.86857, 22.81691], [120.87186, 22.81476], [120.87466, 22.81528], [120.87721, 22.81303], [120.88143, 22.81443], [120.89116, 22.81164], [120.90085, 22.8045], [120.90366, 22.79806], [120.90172, 22.78754], [120.90411, 22.78385], [120.90385, 22.77565], [120.90017, 22.76911], [120.89378, 22.76688], [120.89194, 22.76377], [120.89478, 22.76251], [120.89561, 22.75615], [120.89409, 22.75139], [120.89538, 22.74821], [120.89409, 22.74378], [120.89565, 22.74165], [120.89506, 22.73866], [120.89227, 22.73506], [120.8913, 22.72908], [120.88849, 22.72707], [120.8838, 22.7173], [120.87943, 22.71607], [120.8615, 22.71669], [120.85841, 22.7136], [120.85487, 22.71753], [120.84858, 22.71697], [120.84258, 22.71004], [120.84336, 22.70759], [120.84007, 22.70638], [120.83721, 22.69733], [120.82939, 22.69771], [120.82483, 22.69556], [120.82029, 22.69571], [120.81883, 22.69448], [120.81906, 22.69083], [120.81161, 22.69205], [120.80908, 22.68823], [120.79722, 22.68917], [120.78895, 22.69331], [120.78673, 22.69293], [120.79159, 22.67929], [120.78622, 22.67202], [120.78584, 22.66144], [120.76757, 22.63608], [120.76126, 22.62986], [120.76131, 22.62618], [120.75508, 22.61742], [120.75287, 22.61188], [120.75463, 22.60079], [120.74582, 22.58958], [120.74927, 22.57767], [120.7488, 22.5721], [120.74157, 22.56872], [120.73908, 22.55368], [120.74991, 22.53437], [120.75365, 22.51098], [120.75789, 22.50821], [120.76276, 22.50093], [120.76432, 22.4952], [120.76366, 22.49084], [120.75873, 22.48833], [120.75767, 22.48199], [120.75081, 22.4792], [120.75461, 22.47132], [120.75104, 22.45901], [120.75505, 22.4572], [120.75814, 22.45855], [120.76509, 22.45313], [120.77617, 22.45019], [120.77508, 22.44344], [120.78213, 22.43449], [120.78958, 22.41775], [120.77995, 22.40925], [120.77565, 22.40965], [120.77346, 22.40698], [120.77134, 22.40684], [120.76549, 22.40907], [120.75807, 22.40489], [120.7535, 22.405], [120.75766, 22.39821], [120.75388, 22.39647], [120.7522, 22.39249], [120.75654, 22.38836], [120.75052, 22.38403], [120.74866, 22.38049], [120.74879, 22.3731], [120.74346, 22.36734], [120.75277, 22.36034], [120.75819, 22.3594], [120.76071, 22.36044], [120.76302, 22.35914], [120.7635, 22.35238], [120.76735, 22.34765], [120.77528, 22.34934], [120.78486, 22.34569], [120.79261, 22.33554], [120.79343, 22.32377], [120.79528, 22.32239], [120.79673, 22.31745], [120.79275, 22.31215], [120.78728, 22.30924], [120.77813, 22.30856], [120.77688, 22.30281], [120.77776, 22.29788], [120.78147, 22.29457], [120.78986, 22.29338], [120.79096, 22.2884], [120.79327, 22.2858], [120.80559, 22.28405], [120.80669, 22.27721], [120.79801, 22.27645], [120.79629, 22.26988], [120.79647, 22.26718], [120.79956, 22.2651], [120.79787, 22.25785], [120.79908, 22.25712], [120.80805, 22.25931], [120.81539, 22.26318], [120.82591, 22.25659], [120.83461, 22.24531], [120.84489, 22.24279], [120.85085, 22.2436], [120.85867, 22.2408], [120.85901, 22.2386], [120.86433, 22.23422], [120.86215, 22.23062], [120.86679, 22.22979], [120.87462, 22.23417], [120.8805, 22.23453], [120.88421, 22.24069], [120.89628, 22.24638], [120.89927, 22.23403], [120.89914, 22.23031], [120.89549, 22.2272], [120.89389, 22.21952], [120.89641, 22.20347], [120.89366, 22.19794], [120.89066, 22.19549], [120.89424, 22.17259], [120.89123, 22.16221], [120.89375, 22.15465], [120.89117, 22.14813], [120.89708, 22.14339], [120.89509, 22.13932], [120.88524, 22.13176], [120.88844, 22.12196], [120.88749, 22.11935], [120.88914, 22.11879], [120.88894, 22.11605], [120.89172, 22.11316], [120.8924, 22.10891], [120.90204, 22.10535], [120.89838, 22.09958], [120.89913, 22.09435], [120.89071, 22.08682], [120.89096, 22.07532], [120.89325, 22.06989], [120.89225, 22.06712], [120.89389, 22.06037], [120.89338, 22.04877], [120.89704, 22.04249], [120.89646, 22.04084], [120.89966, 22.03919], [120.89844, 22.0381], [120.90126, 22.0341], [120.88812, 22.0262], [120.88722, 22.01699], [120.87669, 22.01161], [120.87859, 22.00629], [120.87638, 22.00515], [120.87579, 22.00027], [120.85506, 21.98929], [120.84491, 21.9881], [120.84422, 21.9795], [120.84545, 21.97548], [120.84074, 21.95931], [120.84105, 21.94948], [120.84841, 21.9359], [120.84864, 21.93248], [120.85427, 21.92829], [120.86151, 21.91715], [120.86116, 21.90759], [120.86631, 21.90037], [120.86091, 21.89672], [120.85178, 21.89784], [120.84837, 21.90095], [120.84686, 21.9134], [120.8364, 21.91663], [120.83188, 21.92479], [120.82368, 21.93107], [120.82215, 21.93472], [120.81268, 21.93353], [120.80703, 21.93652], [120.8049, 21.94123], [120.80353, 21.94106], [120.80257, 21.93774], [120.80039, 21.93714], [120.79838, 21.9379], [120.79817, 21.94191], [120.79643, 21.94344], [120.78912, 21.94489], [120.78256, 21.94423], [120.77753, 21.95019], [120.77092, 21.95224], [120.76613, 21.95906], [120.75586, 21.95731], [120.75491, 21.9549], [120.75566, 21.95671], [120.75393, 21.95635], [120.75255, 21.95429], [120.75551, 21.95399], [120.74866, 21.95081], [120.74631, 21.94364], [120.74486, 21.94608], [120.74364, 21.94449], [120.74469, 21.94148], [120.7453, 21.94494], [120.74711, 21.93175], [120.74537, 21.93359], [120.74603, 21.9312], [120.74391, 21.93213], [120.7438, 21.9294], [120.7401, 21.92681], [120.73959, 21.9194], [120.72657, 21.9191], [120.71906, 21.92723], [120.71908, 21.93312], [120.71571, 21.93514], [120.71117, 21.93438], [120.71023, 21.93962], [120.71257, 21.96445], [120.71595, 21.97266], [120.71432, 21.98082], [120.71204, 21.9863], [120.70801, 21.98759], [120.70665, 21.9956], [120.6991, 21.99827], [120.69255, 22.00962]]]]}}, {"type": "Feature", "properties": {"COUNTYNAME": "臺中市", "name": "臺中市", "COUNTYSN": "10006001"}, "geometry": {"type": "MultiPolygon", "coordinates": [[[[120.52978, 24.31569], [120.53481, 24.31922], [120.53191, 24.31454], [120.53087, 24.31387], [120.52978, 24.31569]]], [[[120.5348, 24.31617], [120.53444, 24.31357], [120.5312, 24.31391], [120.5348, 24.31617]]], [[[120.48238, 24.23654], [120.47921, 24.23799], [120.47689, 24.23375], [120.47886, 24.23849], [120.48266, 24.23715], [120.49067, 24.25518], [120.48626, 24.25731], [120.48899, 24.25632], [120.49313, 24.26609], [120.49825, 24.26389], [120.49912, 24.26786], [120.50013, 24.26755], [120.50801, 24.28324], [120.50255, 24.28627], [120.4985, 24.29181], [120.49828, 24.29474], [120.4928, 24.29726], [120.51121, 24.29272], [120.51999, 24.29953], [120.52473, 24.30816], [120.52519, 24.3104], [120.51959, 24.31297], [120.5219, 24.31204], [120.52839, 24.31384], [120.5421, 24.30611], [120.54396, 24.3071], [120.54941, 24.30579], [120.54619, 24.30651], [120.54589, 24.30792], [120.55019, 24.31615], [120.54498, 24.32018], [120.5397, 24.32021], [120.53874, 24.32264], [120.55303, 24.32458], [120.55023, 24.32966], [120.55424, 24.33011], [120.55105, 24.3309], [120.55358, 24.33104], [120.55124, 24.33222], [120.55367, 24.33218], [120.55174, 24.3335], [120.55236, 24.33467], [120.55556, 24.33423], [120.55284, 24.33598], [120.55533, 24.33581], [120.55349, 24.33645], [120.55556, 24.33942], [120.55465, 24.34027], [120.5575, 24.34132], [120.55682, 24.34388], [120.55864, 24.34642], [120.56144, 24.35953], [120.56629, 24.36531], [120.5654, 24.36279], [120.56895, 24.36569], [120.56869, 24.36686], [120.56676, 24.36551], [120.56792, 24.3677], [120.57532, 24.37497], [120.57593, 24.37404], [120.58533, 24.38981], [120.58777, 24.39076], [120.58872, 24.38974], [120.5891, 24.3911], [120.58658, 24.39154], [120.59006, 24.39891], [120.5898, 24.40151], [120.59551, 24.40997], [120.614, 24.42933], [120.618, 24.42743], [120.61466, 24.43014], [120.62118, 24.44095], [120.62861, 24.43801], [120.632, 24.43242], [120.6396, 24.42779], [120.64031, 24.42398], [120.64321, 24.42171], [120.6434, 24.41529], [120.64602, 24.41221], [120.64877, 24.40948], [120.65815, 24.40659], [120.66372, 24.40222], [120.67042, 24.39164], [120.67866, 24.38701], [120.6773, 24.38405], [120.68566, 24.37895], [120.68995, 24.37429], [120.69276, 24.36715], [120.70328, 24.36179], [120.70744, 24.36166], [120.70728, 24.35781], [120.73053, 24.35171], [120.76285, 24.32607], [120.78388, 24.31835], [120.80687, 24.31547], [120.81748, 24.30749], [120.82536, 24.2967], [120.83319, 24.29066], [120.83793, 24.28931], [120.85634, 24.28895], [120.87556, 24.29493], [120.9028, 24.29217], [120.91184, 24.29402], [120.92243, 24.30407], [120.92018, 24.31034], [120.92053, 24.3199], [120.91635, 24.33473], [120.93567, 24.34286], [120.9424, 24.33909], [120.95655, 24.33922], [120.9602, 24.33496], [120.96644, 24.33342], [120.97965, 24.3344], [120.98194, 24.33587], [120.98543, 24.33167], [120.99171, 24.32958], [121.0036, 24.33248], [121.01439, 24.32015], [121.01781, 24.31145], [121.02912, 24.30487], [121.03385, 24.29787], [121.04484, 24.29535], [121.04908, 24.29605], [121.05199, 24.29916], [121.05241, 24.30433], [121.05519, 24.3104], [121.06464, 24.3154], [121.06995, 24.31569], [121.07361, 24.31913], [121.07287, 24.32284], [121.0812, 24.32406], [121.08635, 24.31755], [121.09168, 24.31858], [121.09548, 24.32251], [121.10206, 24.32461], [121.10813, 24.33088], [121.11444, 24.32861], [121.12142, 24.33077], [121.12116, 24.3341], [121.12398, 24.34078], [121.12842, 24.34249], [121.13087, 24.34926], [121.13599, 24.35303], [121.14062, 24.3596], [121.14785, 24.35787], [121.15895, 24.36082], [121.16798, 24.36098], [121.16858, 24.36433], [121.17372, 24.36893], [121.17296, 24.37334], [121.18262, 24.38097], [121.18959, 24.38154], [121.19623, 24.39168], [121.19663, 24.39663], [121.20621, 24.39802], [121.20975, 24.39613], [121.21053, 24.38914], [121.21307, 24.38189], [121.2154, 24.37948], [121.21806, 24.38133], [121.23124, 24.38387], [121.2311, 24.38778], [121.23439, 24.39195], [121.23404, 24.39738], [121.24286, 24.40584], [121.24129, 24.41418], [121.2452, 24.42272], [121.24938, 24.42505], [121.25698, 24.42526], [121.25946, 24.42912], [121.26912, 24.4275], [121.2708, 24.42987], [121.29196, 24.4311], [121.29634, 24.43328], [121.30469, 24.43284], [121.31258, 24.4373], [121.31674, 24.44171], [121.32097, 24.44047], [121.3274, 24.4334], [121.32654, 24.4134], [121.32413, 24.40735], [121.32661, 24.39885], [121.3313, 24.39833], [121.33828, 24.38992], [121.34248, 24.39321], [121.35143, 24.39253], [121.35359, 24.39362], [121.36401, 24.38951], [121.36902, 24.38304], [121.36636, 24.37931], [121.36857, 24.37271], [121.37305, 24.36847], [121.3812, 24.36752], [121.38685, 24.37019], [121.3892, 24.37569], [121.39209, 24.37563], [121.39446, 24.37827], [121.39982, 24.38012], [121.40698, 24.37807], [121.41209, 24.3804], [121.41815, 24.37964], [121.42237, 24.38202], [121.4327, 24.38391], [121.43731, 24.38331], [121.44173, 24.37373], [121.44702, 24.3755], [121.451, 24.3654], [121.44761, 24.36337], [121.44628, 24.3602], [121.4407, 24.35933], [121.43473, 24.34815], [121.43692, 24.34291], [121.43354, 24.33903], [121.43176, 24.33125], [121.43374, 24.32229], [121.42752, 24.3177], [121.42146, 24.30824], [121.41615, 24.30979], [121.4111, 24.30793], [121.40448, 24.30878], [121.40279, 24.29741], [121.39587, 24.28916], [121.39021, 24.29026], [121.38642, 24.28495], [121.38005, 24.2803], [121.38272, 24.26873], [121.38523, 24.26456], [121.38463, 24.25552], [121.37801, 24.25335], [121.37245, 24.25465], [121.36663, 24.25269], [121.3606, 24.2446], [121.35216, 24.24428], [121.35191, 24.235], [121.34269, 24.22408], [121.32625, 24.23297], [121.31931, 24.23231], [121.31287, 24.23549], [121.30366, 24.23419], [121.30095, 24.23722], [121.29297, 24.22971], [121.28876, 24.23069], [121.28553, 24.2296], [121.28271, 24.23149], [121.2798, 24.23023], [121.27647, 24.236], [121.2688, 24.23822], [121.26821, 24.24043], [121.2657, 24.24157], [121.26461, 24.24628], [121.25469, 24.24368], [121.24412, 24.22319], [121.23767, 24.2202], [121.23028, 24.22396], [121.23056, 24.2266], [121.22815, 24.22648], [121.22816, 24.22521], [121.21952, 24.22972], [121.21552, 24.22574], [121.20815, 24.22227], [121.19628, 24.22366], [121.19141, 24.21715], [121.18131, 24.21264], [121.16749, 24.22593], [121.16076, 24.21566], [121.14774, 24.21358], [121.14302, 24.20634], [121.14145, 24.20047], [121.13609, 24.19707], [121.12277, 24.1967], [121.1084, 24.1988], [121.10148, 24.19663], [121.09427, 24.19115], [121.09096, 24.1834], [121.08473, 24.17684], [121.0808, 24.17633], [121.06442, 24.16386], [121.05925, 24.16368], [121.05765, 24.15997], [121.05236, 24.15559], [121.05035, 24.15915], [121.04736, 24.16084], [121.03782, 24.15896], [121.03555, 24.15183], [121.03318, 24.14938], [121.03085, 24.1501], [121.03109, 24.15413], [121.02775, 24.16031], [121.02426, 24.15874], [121.0194, 24.15959], [121.01209, 24.15419], [121.00344, 24.13382], [121.00025, 24.13209], [120.99964, 24.12789], [120.99196, 24.12515], [120.99202, 24.121], [120.98904, 24.11871], [120.98541, 24.12021], [120.97516, 24.11683], [120.97408, 24.11931], [120.97124, 24.12025], [120.961, 24.12025], [120.95674, 24.12438], [120.94989, 24.12785], [120.94834, 24.1249], [120.93253, 24.11257], [120.92705, 24.11173], [120.91974, 24.10743], [120.90992, 24.10907], [120.905, 24.11446], [120.89619, 24.11645], [120.89154, 24.1159], [120.89025, 24.11363], [120.89421, 24.11072], [120.89428, 24.10691], [120.89116, 24.10214], [120.89137, 24.09781], [120.88537, 24.09492], [120.88204, 24.0883], [120.88037, 24.08857], [120.87809, 24.08498], [120.87691, 24.09117], [120.87909, 24.09824], [120.88151, 24.10053], [120.87916, 24.10925], [120.87246, 24.11684], [120.86883, 24.11757], [120.86473, 24.11536], [120.85865, 24.1162], [120.85393, 24.12449], [120.84485, 24.12452], [120.84225, 24.12064], [120.83636, 24.11695], [120.83454, 24.11297], [120.83459, 24.10775], [120.83033, 24.10257], [120.83249, 24.09852], [120.82817, 24.09304], [120.82933, 24.07143], [120.8188, 24.06848], [120.81453, 24.0699], [120.81191, 24.06606], [120.80889, 24.06611], [120.80327, 24.05621], [120.80344, 24.0523], [120.80088, 24.05132], [120.80065, 24.04857], [120.79665, 24.04281], [120.79745, 24.0411], [120.79179, 24.03532], [120.79298, 24.03245], [120.79167, 24.03073], [120.78748, 24.03029], [120.78477, 24.02758], [120.7847, 24.02404], [120.78289, 24.02476], [120.77978, 24.0201], [120.77528, 24.01853], [120.77134, 24.01416], [120.77064, 24.00909], [120.75797, 24.00604], [120.75598, 24.00352], [120.75103, 24.00273], [120.74599, 23.99849], [120.74367, 24.00213], [120.73177, 24.00896], [120.71925, 24.00963], [120.70645, 24.00515], [120.69151, 24.00831], [120.67866, 24.01403], [120.65578, 24.03064], [120.65179, 24.02847], [120.64556, 24.03423], [120.64449, 24.03229], [120.64627, 24.02675], [120.64468, 24.02586], [120.63734, 24.02866], [120.63608, 24.03108], [120.62513, 24.03018], [120.62423, 24.03321], [120.62817, 24.03836], [120.62347, 24.05203], [120.62574, 24.05691], [120.62545, 24.06874], [120.6185, 24.07548], [120.61504, 24.08481], [120.61251, 24.10254], [120.60265, 24.10289], [120.59998, 24.10514], [120.58834, 24.10624], [120.58354, 24.10954], [120.57281, 24.10826], [120.54983, 24.11382], [120.54542, 24.11647], [120.54083, 24.12372], [120.53274, 24.12629], [120.52353, 24.13978], [120.52578, 24.14902], [120.50834, 24.18677], [120.50445, 24.19109], [120.4859, 24.19742], [120.4939, 24.21363], [120.49231, 24.214], [120.48792, 24.20547], [120.47446, 24.21013], [120.47511, 24.20843], [120.47354, 24.21057], [120.46078, 24.2156], [120.4683, 24.21314], [120.46124, 24.21674], [120.46888, 24.21452], [120.47527, 24.22999], [120.47245, 24.22213], [120.4764, 24.22404], [120.48238, 24.23654]]]]}}, {"type": "Feature", "properties": {"COUNTYNAME": "臺南市", "name": "臺南市", "COUNTYSN": "10011001"}, "geometry": {"type": "Polygon", "coordinates": [[[120.57824, 23.21478], [120.57973, 23.21903], [120.58665, 23.22418], [120.59249, 23.23985], [120.59592, 23.23648], [120.59726, 23.229], [120.60656, 23.22578], [120.60983, 23.22263], [120.61677, 23.22354], [120.61831, 23.22562], [120.62829, 23.22944], [120.63403, 23.22925], [120.64415, 23.22532], [120.64689, 23.22712], [120.65135, 23.22409], [120.65434, 23.2243], [120.65625, 23.21785], [120.65144, 23.20845], [120.64622, 23.20708], [120.63658, 23.19034], [120.64109, 23.18295], [120.63729, 23.18044], [120.63617, 23.17513], [120.62927, 23.17434], [120.63068, 23.17008], [120.62523, 23.16775], [120.62136, 23.163], [120.61657, 23.16313], [120.61115, 23.15595], [120.61178, 23.15162], [120.60106, 23.14412], [120.59475, 23.13174], [120.58846, 23.12344], [120.58813, 23.11418], [120.57414, 23.09486], [120.57446, 23.09083], [120.56698, 23.08192], [120.55879, 23.07555], [120.55914, 23.07354], [120.55455, 23.06891], [120.52999, 23.05575], [120.52299, 23.04953], [120.52267, 23.04606], [120.51984, 23.04514], [120.50374, 23.02865], [120.48404, 23.01703], [120.48099, 23.01154], [120.47989, 23.00268], [120.46034, 23.00339], [120.45952, 23.001], [120.46149, 22.99809], [120.4591, 22.99567], [120.46113, 22.99077], [120.45471, 22.99063], [120.4532, 22.98479], [120.45473, 22.98084], [120.45294, 22.97771], [120.45161, 22.97861], [120.44958, 22.97722], [120.44491, 22.97953], [120.44263, 22.97735], [120.4373, 22.96231], [120.433, 22.95604], [120.42856, 22.94063], [120.42588, 22.93895], [120.42494, 22.93321], [120.4165, 22.91635], [120.4087, 22.91234], [120.40543, 22.91811], [120.40118, 22.91846], [120.39858, 22.92244], [120.39225, 22.9223], [120.3868, 22.91827], [120.38159, 22.92114], [120.38025, 22.91851], [120.37724, 22.91794], [120.37654, 22.91439], [120.37117, 22.91226], [120.37313, 22.90935], [120.37249, 22.90665], [120.37068, 22.90707], [120.36813, 22.90388], [120.36613, 22.90494], [120.3659, 22.9022], [120.35946, 22.90139], [120.35977, 22.89976], [120.36162, 22.90053], [120.36107, 22.89781], [120.35794, 22.89582], [120.35691, 22.89293], [120.35534, 22.89393], [120.35546, 22.89197], [120.35335, 22.89244], [120.35516, 22.89041], [120.3518, 22.88914], [120.35196, 22.88749], [120.34912, 22.89056], [120.3322, 22.88935], [120.32491, 22.90043], [120.3197, 22.89494], [120.31429, 22.89975], [120.3017, 22.90059], [120.28446, 22.90474], [120.27794, 22.90433], [120.2795, 22.89629], [120.27314, 22.89538], [120.25893, 22.90187], [120.25685, 22.89943], [120.25875, 22.89527], [120.25399, 22.89431], [120.24753, 22.89825], [120.24288, 22.9035], [120.2328, 22.90563], [120.23171, 22.91539], [120.22952, 22.91691], [120.22637, 22.91603], [120.22084, 22.90986], [120.21764, 22.90966], [120.21265, 22.91137], [120.20807, 22.91524], [120.20275, 22.91528], [120.19205, 22.9212], [120.18645, 22.91956], [120.17504, 22.91175], [120.17359, 22.91515], [120.17567, 22.93189], [120.17217, 22.94741], [120.1633, 22.96508], [120.1597, 22.9636], [120.15532, 22.9648], [120.15543, 22.96747], [120.15828, 22.96988], [120.15561, 22.97248], [120.15298, 22.97038], [120.15568, 22.97267], [120.1586, 22.97017], [120.15946, 22.97374], [120.15834, 22.97485], [120.1566, 22.97359], [120.15817, 22.9751], [120.15768, 22.97685], [120.15, 22.98625], [120.1421, 22.99321], [120.1405, 22.99297], [120.14092, 22.99469], [120.13786, 22.99811], [120.10861, 23.01911], [120.10918, 23.02005], [120.10667, 23.0203], [120.07711, 23.03829], [120.05542, 23.04654], [120.04878, 23.05955], [120.03367, 23.06952], [120.03171, 23.07253], [120.03461, 23.08576], [120.0349, 23.1012], [120.0383, 23.1051], [120.04232, 23.11577], [120.04673, 23.11941], [120.04971, 23.12676], [120.06164, 23.14351], [120.0623, 23.15424], [120.06774, 23.17119], [120.06876, 23.17956], [120.06524, 23.18274], [120.06827, 23.18097], [120.06965, 23.18319], [120.06568, 23.18441], [120.06916, 23.1846], [120.0718, 23.18782], [120.0806, 23.20525], [120.08044, 23.208], [120.0758, 23.20917], [120.07407, 23.21155], [120.07599, 23.20939], [120.08106, 23.20814], [120.08241, 23.21006], [120.08179, 23.21436], [120.07453, 23.21305], [120.07937, 23.21483], [120.08282, 23.22153], [120.08066, 23.22911], [120.08111, 23.2353], [120.08743, 23.23816], [120.08543, 23.24034], [120.08902, 23.24828], [120.09334, 23.26528], [120.09572, 23.28423], [120.09514, 23.29025], [120.09846, 23.29517], [120.10673, 23.29598], [120.1082, 23.29745], [120.10815, 23.29894], [120.10493, 23.29837], [120.10484, 23.30085], [120.11564, 23.32265], [120.11523, 23.3316], [120.11696, 23.33955], [120.11807, 23.34018], [120.1475, 23.32069], [120.14971, 23.3132], [120.1542, 23.31308], [120.15622, 23.31004], [120.16055, 23.31065], [120.16857, 23.30683], [120.17857, 23.2918], [120.18907, 23.29024], [120.18939, 23.29231], [120.18579, 23.29659], [120.18843, 23.30124], [120.20422, 23.29195], [120.20853, 23.29128], [120.21181, 23.29271], [120.21235, 23.29167], [120.22082, 23.29596], [120.2228, 23.29854], [120.23788, 23.3269], [120.24584, 23.32683], [120.25638, 23.33107], [120.26702, 23.34059], [120.26749, 23.34475], [120.26072, 23.34447], [120.26611, 23.35264], [120.27312, 23.35279], [120.27777, 23.3477], [120.28623, 23.35029], [120.28378, 23.36204], [120.28583, 23.36714], [120.29275, 23.3753], [120.31097, 23.37544], [120.31035, 23.38309], [120.31245, 23.38697], [120.31784, 23.38843], [120.32192, 23.3835], [120.32867, 23.38613], [120.32895, 23.38486], [120.33339, 23.38586], [120.34264, 23.3961], [120.34303, 23.39823], [120.34863, 23.4011], [120.3811, 23.40343], [120.40333, 23.40974], [120.40811, 23.41342], [120.41034, 23.41023], [120.41636, 23.41034], [120.42004, 23.40344], [120.42197, 23.40706], [120.43004, 23.4064], [120.43222, 23.41079], [120.43988, 23.41373], [120.4533, 23.40646], [120.46098, 23.40468], [120.46191, 23.40236], [120.46495, 23.40076], [120.46768, 23.40113], [120.47333, 23.39812], [120.47614, 23.39378], [120.47543, 23.39092], [120.47752, 23.39065], [120.47938, 23.3876], [120.48566, 23.39143], [120.48554, 23.39304], [120.48917, 23.39243], [120.4901, 23.39554], [120.49492, 23.39435], [120.49892, 23.38718], [120.49675, 23.38423], [120.49024, 23.38307], [120.48456, 23.37966], [120.4831, 23.37324], [120.48395, 23.36957], [120.48846, 23.37306], [120.49002, 23.37112], [120.49151, 23.37248], [120.49431, 23.36947], [120.49951, 23.36801], [120.50485, 23.3689], [120.50496, 23.36741], [120.51055, 23.3643], [120.51247, 23.35636], [120.50805, 23.35277], [120.50614, 23.35533], [120.50474, 23.35472], [120.50357, 23.35023], [120.50508, 23.34482], [120.50793, 23.34298], [120.51558, 23.34373], [120.52321, 23.3406], [120.52477, 23.33817], [120.52706, 23.33934], [120.53371, 23.33647], [120.53998, 23.32791], [120.5321, 23.3213], [120.53087, 23.31711], [120.52253, 23.31176], [120.52628, 23.29541], [120.52595, 23.29214], [120.52186, 23.28813], [120.52291, 23.28193], [120.52096, 23.27967], [120.52232, 23.27425], [120.52044, 23.27171], [120.52612, 23.26647], [120.52932, 23.25787], [120.53229, 23.25515], [120.52784, 23.24528], [120.51903, 23.239], [120.52636, 23.23107], [120.52971, 23.23254], [120.53211, 23.22959], [120.54147, 23.22782], [120.54843, 23.22405], [120.55502, 23.21745], [120.56138, 23.21741], [120.56535, 23.22098], [120.57488, 23.2177], [120.57824, 23.21478]]]}}, {"type": "Feature", "properties": {"COUNTYNAME": "基隆市", "name": "基隆市", "COUNTYSN": "10017001"}, "geometry": {"type": "MultiPolygon", "coordinates": [[[[121.78196, 25.18914], [121.78415, 25.19347], [121.78694, 25.19552], [121.789, 25.19512], [121.78807, 25.19323], [121.78988, 25.19265], [121.7885, 25.19147], [121.78196, 25.18914]]], [[[121.7379, 25.16103], [121.73846, 25.16131], [121.7385, 25.16132], [121.73852, 25.16132], [121.73853, 25.1613], [121.73846, 25.1612], [121.73845, 25.16117], [121.73844, 25.16114], [121.73845, 25.1611], [121.73846, 25.16106], [121.73846, 25.16101], [121.73844, 25.16095], [121.7384, 25.16092], [121.73832, 25.16089], [121.73813, 25.16086], [121.73785, 25.16082], [121.73781, 25.16083], [121.73779, 25.16084], [121.73778, 25.16086], [121.73779, 25.16089], [121.73782, 25.16096], [121.73787, 25.16101], [121.7379, 25.16103]]], [[[121.77994, 25.15214], [121.77999, 25.15211], [121.78002, 25.15186], [121.78, 25.1518], [121.77994, 25.15177], [121.77966, 25.15172], [121.77959, 25.15169], [121.77951, 25.15163], [121.77947, 25.15161], [121.77942, 25.15161], [121.77935, 25.15165], [121.77928, 25.15166], [121.77921, 25.15162], [121.77914, 25.15163], [121.77898, 25.15185], [121.77899, 25.15189], [121.77903, 25.15194], [121.7791, 25.15198], [121.77975, 25.15212], [121.77986, 25.15213], [121.77994, 25.15214]]], [[[121.78308, 25.15185], [121.78315, 25.15184], [121.78319, 25.15182], [121.78321, 25.15178], [121.78321, 25.15174], [121.78318, 25.15171], [121.78304, 25.15168], [121.78301, 25.15165], [121.78301, 25.15161], [121.78304, 25.15159], [121.78312, 25.15155], [121.78314, 25.1515], [121.78314, 25.15146], [121.78301, 25.15133], [121.78283, 25.1512], [121.78275, 25.15118], [121.7827, 25.15119], [121.78252, 25.15126], [121.78241, 25.15127], [121.7823, 25.15123], [121.78205, 25.1511], [121.78198, 25.15109], [121.78191, 25.1511], [121.78184, 25.15114], [121.78184, 25.15118], [121.78186, 25.15121], [121.78194, 25.15126], [121.78207, 25.15156], [121.78207, 25.15159], [121.78206, 25.15162], [121.78202, 25.15163], [121.78196, 25.15162], [121.78189, 25.15158], [121.78174, 25.15145], [121.78166, 25.15141], [121.78162, 25.15141], [121.78158, 25.15144], [121.78149, 25.15158], [121.78151, 25.15162], [121.78154, 25.15165], [121.78159, 25.15166], [121.78164, 25.15167], [121.78174, 25.15179], [121.78179, 25.15179], [121.78184, 25.15178], [121.78193, 25.15168], [121.78205, 25.1517], [121.78209, 25.15174], [121.78206, 25.1518], [121.78212, 25.15186], [121.78223, 25.15187], [121.78227, 25.1519], [121.7823, 25.15192], [121.78235, 25.15192], [121.78239, 25.15187], [121.78243, 25.15188], [121.78248, 25.15196], [121.78255, 25.15203], [121.78261, 25.15205], [121.78266, 25.15203], [121.78277, 25.15196], [121.78294, 25.15186], [121.78308, 25.15185]]], [[[121.73387, 25.15875], [121.73858, 25.1608], [121.74312, 25.15641], [121.74361, 25.15746], [121.74792, 25.15639], [121.75256, 25.15854], [121.75459, 25.16243], [121.75577, 25.15951], [121.75931, 25.16142], [121.76216, 25.16026], [121.76242, 25.16338], [121.76485, 25.16364], [121.77137, 25.15972], [121.7799, 25.15904], [121.77658, 25.15889], [121.76911, 25.15361], [121.77365, 25.15557], [121.77644, 25.15209], [121.77446, 25.15628], [121.77758, 25.15149], [121.7899, 25.14822], [121.78817, 25.14665], [121.78861, 25.14787], [121.78499, 25.14899], [121.78432, 25.14705], [121.78785, 25.14602], [121.78769, 25.14443], [121.79084, 25.14617], [121.78966, 25.14484], [121.79207, 25.14519], [121.791, 25.14373], [121.79339, 25.14326], [121.79222, 25.14225], [121.79381, 25.14051], [121.79531, 25.1436], [121.79393, 25.14357], [121.79466, 25.14443], [121.79225, 25.14599], [121.79341, 25.14659], [121.79207, 25.14603], [121.79094, 25.1482], [121.79869, 25.14642], [121.80619, 25.14849], [121.80818, 25.14702], [121.80433, 25.14476], [121.80276, 25.14173], [121.80372, 25.14119], [121.80248, 25.14138], [121.80441, 25.1379], [121.80252, 25.13431], [121.80544, 25.13043], [121.80315, 25.12221], [121.79453, 25.12623], [121.79414, 25.12341], [121.79887, 25.11914], [121.79766, 25.11423], [121.79028, 25.11222], [121.78593, 25.11819], [121.7833, 25.11664], [121.77364, 25.12027], [121.76691, 25.11253], [121.76327, 25.11344], [121.75935, 25.11255], [121.75709, 25.11013], [121.7518, 25.11101], [121.75003, 25.10974], [121.75272, 25.10683], [121.75391, 25.10869], [121.75593, 25.10851], [121.75807, 25.10362], [121.75679, 25.10184], [121.7599, 25.10061], [121.75831, 25.09435], [121.7598, 25.09026], [121.75916, 25.08429], [121.76117, 25.07897], [121.76937, 25.07792], [121.77571, 25.07002], [121.77172, 25.06319], [121.76734, 25.06183], [121.76401, 25.05745], [121.75693, 25.05934], [121.74326, 25.05249], [121.73756, 25.05476], [121.73221, 25.05272], [121.73009, 25.05335], [121.72613, 25.05818], [121.72248, 25.05856], [121.71236, 25.06802], [121.70679, 25.06658], [121.70416, 25.06794], [121.69954, 25.06738], [121.69655, 25.07008], [121.68838, 25.07177], [121.67909, 25.07879], [121.67992, 25.08433], [121.68163, 25.08476], [121.68116, 25.08807], [121.67404, 25.08293], [121.65569, 25.09345], [121.65589, 25.09509], [121.65077, 25.09839], [121.64893, 25.10172], [121.65221, 25.10473], [121.65022, 25.10955], [121.64617, 25.11373], [121.64622, 25.12104], [121.64317, 25.12765], [121.63833, 25.13073], [121.63314, 25.13099], [121.62852, 25.13483], [121.62679, 25.1396], [121.63983, 25.14584], [121.64962, 25.14488], [121.65148, 25.14796], [121.65571, 25.14917], [121.65824, 25.15223], [121.66424, 25.15223], [121.66906, 25.15333], [121.6714, 25.15554], [121.67759, 25.15573], [121.68319, 25.16067], [121.68731, 25.1616], [121.69129, 25.16633], [121.69892, 25.16721], [121.70219, 25.17346], [121.70934, 25.17599], [121.70938, 25.17019], [121.70759, 25.16871], [121.70725, 25.16483], [121.71155, 25.16414], [121.71652, 25.16649], [121.71921, 25.16454], [121.73056, 25.16385], [121.73212, 25.16121], [121.73444, 25.16056], [121.73387, 25.15875]]], [[[121.78329, 25.19498], [121.78319, 25.19499], [121.78312, 25.19506], [121.78317, 25.19517], [121.78312, 25.19521], [121.78314, 25.19532], [121.78333, 25.19547], [121.78354, 25.19556], [121.78361, 25.19556], [121.78364, 25.19547], [121.78367, 25.19547], [121.78377, 25.1956], [121.7838, 25.1956], [121.78383, 25.19558], [121.78384, 25.19525], [121.78376, 25.19512], [121.7837, 25.19508], [121.78357, 25.19505], [121.78351, 25.195], [121.78329, 25.19498]]]]}}, {"type": "Feature", "properties": {"COUNTYNAME": "連江縣", "name": "連江縣", "COUNTYSN": "09007001"}, "geometry": {"type": "MultiPolygon", "coordinates": [[[[119.97044, 26.16379], [119.96897, 26.16335], [119.96773, 26.15699], [119.96467, 26.15582], [119.96276, 26.15082], [119.95988, 26.14931], [119.9578, 26.15199], [119.9554, 26.15169], [119.95457, 26.14782], [119.94747, 26.14189], [119.94319, 26.14157], [119.94218, 26.14428], [119.93989, 26.14404], [119.93444, 26.14037], [119.93586, 26.13846], [119.9294, 26.13677], [119.92852, 26.14038], [119.92259, 26.13971], [119.91801, 26.14111], [119.91783, 26.14371], [119.9155, 26.14275], [119.91421, 26.14407], [119.91606, 26.14833], [119.92007, 26.15192], [119.91934, 26.15343], [119.92272, 26.15637], [119.92084, 26.15868], [119.91782, 26.15824], [119.92043, 26.16163], [119.92262, 26.16154], [119.92407, 26.16467], [119.92378, 26.16635], [119.92058, 26.16806], [119.92219, 26.17422], [119.92545, 26.17383], [119.92802, 26.17047], [119.93484, 26.17066], [119.93396, 26.16823], [119.93145, 26.16838], [119.92923, 26.16087], [119.93364, 26.15925], [119.93698, 26.1607], [119.93624, 26.15788], [119.94058, 26.15824], [119.9397, 26.15523], [119.94091, 26.15367], [119.94889, 26.15689], [119.94722, 26.15776], [119.94892, 26.1596], [119.94557, 26.16147], [119.94884, 26.16097], [119.94903, 26.1638], [119.95716, 26.16728], [119.95911, 26.16311], [119.96253, 26.16714], [119.97046, 26.16536], [119.97333, 26.1674], [119.97044, 26.16379]], [[119.97037, 26.16406], [119.97034, 26.16405], [119.97032, 26.16405], [119.97031, 26.16405], [119.97031, 26.16406], [119.9703, 26.16406], [119.97029, 26.16408], [119.97028, 26.16408], [119.97028, 26.16407], [119.97028, 26.16405], [119.97028, 26.16404], [119.97028, 26.16403], [119.97027, 26.16403], [119.97025, 26.16402], [119.97022, 26.164], [119.97021, 26.16399], [119.9702, 26.16399], [119.97019, 26.16397], [119.97016, 26.16396], [119.97016, 26.16396], [119.97011, 26.16394], [119.97008, 26.16392], [119.97003, 26.16389], [119.97001, 26.16387], [119.96998, 26.16384], [119.97001, 26.16386], [119.97007, 26.1639], [119.97012, 26.16393], [119.97018, 26.16396], [119.97022, 26.16397], [119.97024, 26.16397], [119.97025, 26.16398], [119.97028, 26.164], [119.97029, 26.16402], [119.97032, 26.16404], [119.97037, 26.16406]], [[119.96984, 26.16375], [119.9699, 26.16379], [119.96989, 26.16378], [119.96984, 26.16375]], [[119.9699, 26.16379], [119.96993, 26.1638], [119.96996, 26.16383], [119.96994, 26.16383], [119.96991, 26.16381], [119.9699, 26.16381], [119.9699, 26.16379]]], [[[120.00378, 26.24844], [120.00653, 26.24735], [120.00915, 26.25005], [120.01206, 26.24943], [120.01037, 26.24538], [120.0092, 26.24604], [120.00848, 26.2437], [120.00666, 26.24395], [120.00279, 26.24068], [120.00067, 26.24222], [120.00378, 26.24844]]], [[[120.01212, 26.24966], [120.01208, 26.24976], [120.01207, 26.24988], [120.01209, 26.24994], [120.01208, 26.25003], [120.01213, 26.25008], [120.0121, 26.25014], [120.0122, 26.2503], [120.01229, 26.25037], [120.01244, 26.25034], [120.01249, 26.25037], [120.0126, 26.25056], [120.01266, 26.25065], [120.01271, 26.25067], [120.01284, 26.25063], [120.01287, 26.25057], [120.01279, 26.25049], [120.01267, 26.2504], [120.01263, 26.25031], [120.01269, 26.25024], [120.01278, 26.25028], [120.01279, 26.25027], [120.01275, 26.25018], [120.01269, 26.25011], [120.0127, 26.25002], [120.01273, 26.24995], [120.01266, 26.24991], [120.01265, 26.24985], [120.01265, 26.24978], [120.01266, 26.24971], [120.01259, 26.24964], [120.01249, 26.24956], [120.0124, 26.24952], [120.01235, 26.24946], [120.01226, 26.24946], [120.01219, 26.24949], [120.01218, 26.24954], [120.01219, 26.24962], [120.01219, 26.24965], [120.01212, 26.24966]]], [[[120.01299, 26.25072], [120.01515, 26.25421], [120.01669, 26.25276], [120.02061, 26.25281], [120.0191, 26.25107], [120.01299, 26.25072]]], [[[119.9968, 26.25704], [119.99695, 26.25715], [119.99713, 26.25718], [119.99727, 26.25716], [119.99734, 26.25724], [119.99755, 26.25732], [119.99776, 26.25739], [119.99788, 26.25742], [119.99786, 26.25731], [119.9978, 26.25716], [119.99779, 26.25708], [119.9979, 26.2573], [119.99797, 26.25739], [119.99807, 26.25742], [119.99816, 26.2574], [119.99816, 26.25727], [119.99824, 26.25731], [119.99828, 26.25731], [119.99827, 26.25737], [119.99833, 26.25734], [119.99834, 26.25725], [119.99833, 26.25721], [119.99835, 26.2572], [119.99839, 26.25723], [119.99842, 26.25718], [119.99835, 26.25715], [119.99836, 26.25712], [119.99839, 26.25712], [119.99843, 26.25713], [119.99843, 26.25706], [119.99834, 26.25695], [119.99827, 26.25687], [119.99826, 26.25668], [119.99822, 26.25659], [119.99817, 26.25648], [119.99801, 26.25639], [119.99786, 26.25638], [119.99769, 26.25636], [119.99754, 26.25644], [119.99743, 26.25646], [119.99741, 26.25651], [119.99719, 26.25668], [119.99714, 26.25665], [119.99707, 26.25669], [119.99709, 26.25676], [119.99704, 26.25677], [119.99695, 26.25679], [119.99683, 26.25688], [119.99684, 26.25694], [119.99679, 26.257], [119.9968, 26.25704]]], [[[119.9981, 26.25603], [119.99813, 26.25606], [119.99827, 26.25608], [119.99828, 26.25611], [119.99819, 26.25618], [119.99833, 26.25621], [119.9985, 26.25623], [119.99868, 26.25622], [119.99882, 26.25612], [119.99881, 26.25602], [119.99873, 26.25599], [119.99866, 26.25592], [119.99862, 26.25581], [119.99854, 26.25577], [119.99841, 26.25579], [119.99832, 26.25574], [119.99829, 26.25568], [119.9982, 26.25566], [119.99816, 26.25574], [119.99825, 26.25576], [119.99829, 26.25578], [119.99826, 26.25581], [119.99814, 26.2558], [119.99815, 26.25585], [119.99815, 26.25591], [119.99815, 26.25595], [119.99811, 26.25598], [119.9981, 26.25603]]], [[[119.99804, 26.25458], [119.99793, 26.25458], [119.99791, 26.25467], [119.99791, 26.25475], [119.99794, 26.25484], [119.99799, 26.25492], [119.99804, 26.25497], [119.99813, 26.25501], [119.99824, 26.25501], [119.99827, 26.25498], [119.99837, 26.255], [119.99842, 26.25499], [119.99843, 26.25496], [119.99846, 26.25496], [119.99849, 26.25498], [119.99857, 26.25504], [119.99851, 26.25504], [119.99849, 26.25512], [119.99858, 26.25512], [119.99867, 26.25515], [119.99871, 26.25518], [119.9987, 26.25522], [119.99878, 26.25525], [119.99887, 26.25533], [119.99891, 26.25529], [119.99888, 26.25519], [119.99893, 26.25516], [119.99894, 26.25507], [119.9989, 26.25502], [119.99878, 26.25495], [119.99875, 26.25492], [119.99875, 26.25485], [119.99869, 26.25482], [119.99861, 26.25482], [119.99853, 26.2548], [119.99847, 26.25475], [119.99843, 26.25468], [119.9984, 26.25462], [119.9983, 26.25454], [119.99811, 26.25453], [119.99804, 26.25458]]], [[[119.98093, 26.27104], [119.98083, 26.27118], [119.98092, 26.27133], [119.98112, 26.27148], [119.98126, 26.27145], [119.98142, 26.2715], [119.9816, 26.27152], [119.98174, 26.27159], [119.98184, 26.27167], [119.98177, 26.27179], [119.98171, 26.27194], [119.98179, 26.27214], [119.98191, 26.27234], [119.98232, 26.27237], [119.98249, 26.2722], [119.9825, 26.27206], [119.9825, 26.27184], [119.98255, 26.27168], [119.98263, 26.27154], [119.98263, 26.27143], [119.98259, 26.27132], [119.98247, 26.27125], [119.98219, 26.27121], [119.98198, 26.27124], [119.9818, 26.27119], [119.98159, 26.27123], [119.98142, 26.27114], [119.98128, 26.27111], [119.98116, 26.27104], [119.98093, 26.27104]]], [[[119.98683, 26.2767], [119.9893, 26.27812], [119.98852, 26.27917], [119.99208, 26.27884], [119.99221, 26.2817], [119.99594, 26.28329], [119.99797, 26.28182], [119.99415, 26.27847], [119.99462, 26.27676], [119.99694, 26.27769], [119.995, 26.2758], [119.99793, 26.27439], [119.99417, 26.27158], [119.99418, 26.26953], [119.99597, 26.26841], [119.99342, 26.26573], [119.98679, 26.26514], [119.98432, 26.268], [119.9853, 26.26994], [119.98381, 26.27077], [119.98872, 26.27235], [119.98975, 26.27449], [119.98683, 26.2767]]], [[[120.01985, 26.23789], [120.02253, 26.23812], [120.02253, 26.23692], [120.01985, 26.23789]]], [[[120.01969, 26.23788], [120.0173, 26.23668], [120.01778, 26.23471], [120.01664, 26.23438], [120.01784, 26.2391], [120.01969, 26.23788]]], [[[119.99831, 26.25554], [119.99843, 26.25561], [119.99857, 26.25569], [119.99869, 26.25575], [119.99875, 26.25559], [119.99876, 26.25547], [119.99878, 26.25534], [119.99873, 26.25532], [119.99866, 26.25539], [119.99864, 26.25542], [119.99853, 26.25543], [119.99847, 26.25543], [119.99831, 26.25554]]], [[[119.99172, 26.2838], [119.99179, 26.28385], [119.99183, 26.28386], [119.99188, 26.28387], [119.99197, 26.28389], [119.99205, 26.28394], [119.99214, 26.284], [119.99224, 26.28403], [119.9923, 26.28406], [119.99237, 26.28404], [119.99241, 26.28408], [119.99252, 26.28409], [119.99256, 26.28404], [119.99253, 26.28398], [119.99254, 26.28392], [119.99251, 26.28384], [119.99249, 26.28377], [119.99242, 26.28377], [119.99239, 26.28371], [119.9923, 26.28365], [119.99228, 26.28359], [119.99221, 26.28353], [119.99222, 26.28345], [119.99219, 26.28335], [119.99209, 26.28328], [119.99201, 26.28325], [119.99195, 26.2832], [119.99192, 26.28314], [119.99187, 26.28312], [119.99181, 26.28317], [119.9917, 26.28323], [119.99167, 26.28327], [119.99173, 26.28336], [119.99172, 26.28339], [119.99167, 26.28339], [119.99163, 26.28342], [119.9916, 26.28349], [119.99165, 26.28357], [119.99171, 26.28367], [119.99172, 26.2838]]], [[[120.02046, 26.22689], [120.02045, 26.22688], [120.02043, 26.22686], [120.02039, 26.22684], [120.02033, 26.22683], [120.02028, 26.22682], [120.02023, 26.22682], [120.02022, 26.22683], [120.02022, 26.22685], [120.02023, 26.22687], [120.02025, 26.22688], [120.02026, 26.22689], [120.02029, 26.2269], [120.02029, 26.22691], [120.02033, 26.22694], [120.02034, 26.22694], [120.02038, 26.22695], [120.02039, 26.22695], [120.02043, 26.22694], [120.02046, 26.22689], [120.02046, 26.22689]]], [[[120.01954, 26.22393], [120.01956, 26.22394], [120.01957, 26.22394], [120.01958, 26.22393], [120.01959, 26.22388], [120.01959, 26.22384], [120.01958, 26.22383], [120.01957, 26.22381], [120.01956, 26.22379], [120.01954, 26.22378], [120.01951, 26.22376], [120.0195, 26.22375], [120.01947, 26.22375], [120.01943, 26.22374], [120.01941, 26.22376], [120.01941, 26.22377], [120.0194, 26.22379], [120.01939, 26.22381], [120.01939, 26.22382], [120.0194, 26.22385], [120.01941, 26.22386], [120.01944, 26.22389], [120.01945, 26.22389], [120.01949, 26.22391], [120.01952, 26.22392], [120.01954, 26.22393]]], [[[120.01789, 26.21641], [120.01788, 26.21644], [120.01788, 26.21644], [120.01788, 26.21644], [120.01788, 26.21645], [120.01788, 26.21649], [120.01789, 26.21649], [120.01791, 26.21653], [120.01794, 26.21657], [120.01794, 26.21657], [120.01795, 26.2166], [120.01797, 26.21661], [120.01801, 26.21662], [120.01802, 26.21663], [120.01808, 26.21663], [120.01809, 26.21663], [120.01812, 26.21661], [120.01812, 26.2166], [120.01813, 26.21656], [120.01817, 26.21651], [120.01817, 26.21651], [120.01817, 26.2165], [120.01815, 26.21648], [120.01814, 26.21647], [120.01813, 26.21647], [120.01809, 26.21646], [120.01808, 26.21645], [120.01803, 26.21643], [120.01801, 26.21642], [120.01799, 26.21641], [120.01797, 26.2164], [120.01795, 26.21639], [120.01793, 26.21638], [120.01791, 26.21639], [120.01789, 26.21641], [120.01789, 26.21641]]], [[[120.01707, 26.2166], [120.01709, 26.21661], [120.01709, 26.21661], [120.01712, 26.21662], [120.01714, 26.21662], [120.01716, 26.21663], [120.01718, 26.21665], [120.01719, 26.21666], [120.01722, 26.21669], [120.01725, 26.21671], [120.01728, 26.21671], [120.01728, 26.21671], [120.01732, 26.21668], [120.01732, 26.21668], [120.0173, 26.21666], [120.01729, 26.21664], [120.01729, 26.21663], [120.0173, 26.2166], [120.0173, 26.21658], [120.01729, 26.21656], [120.01727, 26.21654], [120.01724, 26.21652], [120.01722, 26.21652], [120.0172, 26.21651], [120.01717, 26.21651], [120.01716, 26.21651], [120.01711, 26.21652], [120.0171, 26.21652], [120.01708, 26.21653], [120.01707, 26.21655], [120.01707, 26.21656], [120.01707, 26.21658], [120.01707, 26.2166], [120.01707, 26.2166]]], [[[120.0172, 26.21688], [120.01719, 26.21688], [120.01719, 26.21688], [120.01719, 26.21689], [120.01719, 26.21691], [120.01719, 26.21693], [120.0172, 26.21694], [120.0172, 26.21695], [120.01722, 26.21697], [120.01722, 26.21697], [120.01725, 26.21698], [120.01727, 26.21699], [120.0173, 26.21699], [120.01732, 26.21699], [120.01733, 26.21697], [120.01733, 26.21696], [120.01732, 26.21695], [120.0173, 26.21692], [120.01727, 26.21691], [120.01726, 26.2169], [120.01722, 26.21688], [120.0172, 26.21688]]], [[[120.01735, 26.21421], [120.01734, 26.21421], [120.01735, 26.2143], [120.01739, 26.2144], [120.01745, 26.21448], [120.01746, 26.21448], [120.01747, 26.21445], [120.01747, 26.21444], [120.01746, 26.21436], [120.01746, 26.21433], [120.01746, 26.2143], [120.01745, 26.21427], [120.01737, 26.21418], [120.01736, 26.21418], [120.01735, 26.21421]]], [[[120.0173, 26.21675], [120.01726, 26.21674], [120.01725, 26.21674], [120.01722, 26.21673], [120.0172, 26.21673], [120.01718, 26.21674], [120.01714, 26.21674], [120.0171, 26.21677], [120.01713, 26.21679], [120.01715, 26.21679], [120.01718, 26.21679], [120.01719, 26.21679], [120.01723, 26.21679], [120.01725, 26.21679], [120.01728, 26.2168], [120.01734, 26.21682], [120.0174, 26.21682], [120.01742, 26.21679], [120.0174, 26.21677], [120.01737, 26.21675], [120.01736, 26.21675], [120.01734, 26.21675], [120.0173, 26.21675]]], [[[120.01717, 26.21629], [120.01718, 26.2163], [120.01719, 26.2163], [120.01723, 26.21632], [120.01729, 26.21635], [120.01734, 26.21637], [120.01739, 26.21638], [120.0174, 26.21639], [120.01743, 26.21641], [120.01743, 26.21642], [120.01744, 26.21644], [120.01745, 26.21646], [120.01745, 26.21646], [120.01747, 26.21648], [120.0175, 26.21649], [120.01751, 26.2165], [120.01754, 26.21652], [120.0176, 26.21653], [120.01761, 26.21653], [120.01764, 26.21652], [120.01765, 26.21651], [120.01767, 26.21649], [120.01768, 26.21648], [120.01769, 26.21648], [120.0177, 26.21646], [120.01771, 26.21643], [120.01772, 26.2164], [120.01772, 26.21639], [120.01773, 26.21637], [120.01772, 26.21634], [120.0177, 26.21629], [120.0177, 26.21629], [120.01768, 26.21626], [120.01766, 26.21625], [120.01764, 26.21624], [120.01762, 26.21623], [120.0176, 26.21622], [120.01758, 26.21621], [120.01757, 26.21621], [120.01756, 26.2162], [120.01756, 26.2162], [120.01758, 26.21619], [120.01759, 26.21619], [120.01759, 26.21618], [120.0176, 26.21617], [120.01759, 26.21614], [120.01755, 26.21611], [120.0175, 26.21609], [120.01743, 26.21607], [120.01737, 26.21606], [120.01731, 26.21606], [120.01726, 26.21606], [120.01719, 26.21606], [120.01716, 26.2161], [120.01717, 26.21612], [120.01718, 26.21614], [120.01718, 26.21614], [120.01717, 26.21615], [120.01715, 26.21619], [120.01715, 26.21619], [120.01716, 26.21624], [120.01716, 26.21626], [120.01717, 26.21628], [120.01717, 26.21629]]], [[[120.01795, 26.22076], [120.01796, 26.22075], [120.01798, 26.22074], [120.01799, 26.22072], [120.01799, 26.22072], [120.018, 26.22071], [120.018, 26.22069], [120.01798, 26.22067], [120.01796, 26.22066], [120.01794, 26.22064], [120.01789, 26.22061], [120.01789, 26.2206], [120.01784, 26.2206], [120.01783, 26.2206], [120.0178, 26.22057], [120.01777, 26.22055], [120.01775, 26.22055], [120.01772, 26.22055], [120.0177, 26.22057], [120.01767, 26.22059], [120.01767, 26.22061], [120.01769, 26.22063], [120.01771, 26.22065], [120.01772, 26.22066], [120.01775, 26.22069], [120.01778, 26.22072], [120.01779, 26.22072], [120.01782, 26.22073], [120.01784, 26.22074], [120.01786, 26.22075], [120.0179, 26.22076], [120.01791, 26.22076], [120.01795, 26.22076]]], [[[120.02099, 26.21295], [120.02101, 26.21299], [120.02103, 26.21303], [120.02109, 26.21311], [120.02115, 26.21317], [120.02117, 26.21317], [120.02119, 26.21317], [120.02127, 26.21316], [120.02134, 26.21316], [120.02135, 26.21315], [120.02136, 26.21313], [120.02136, 26.2131], [120.02135, 26.2131], [120.02127, 26.21305], [120.02127, 26.21303], [120.0212, 26.21299], [120.02109, 26.21296], [120.02099, 26.21294], [120.02099, 26.21295], [120.02099, 26.21295]]], [[[120.01876, 26.21273], [120.01876, 26.21277], [120.01875, 26.21278], [120.01881, 26.21279], [120.01891, 26.21281], [120.01902, 26.21282], [120.01908, 26.21282], [120.01913, 26.21278], [120.01913, 26.21278], [120.01912, 26.21272], [120.01907, 26.2127], [120.01901, 26.2127], [120.01898, 26.2127], [120.01897, 26.2127], [120.01886, 26.21272], [120.01878, 26.21272], [120.01877, 26.21272], [120.01876, 26.21273], [120.01876, 26.21273]]], [[[120.01919, 26.2099], [120.01918, 26.20992], [120.01918, 26.20992], [120.01917, 26.20994], [120.01917, 26.20994], [120.01917, 26.20996], [120.01917, 26.20997], [120.01917, 26.20998], [120.01916, 26.20999], [120.01916, 26.21], [120.01916, 26.21], [120.01917, 26.21002], [120.01918, 26.21003], [120.01919, 26.21004], [120.0192, 26.21004], [120.01921, 26.21005], [120.01922, 26.21004], [120.01923, 26.21004], [120.01926, 26.21001], [120.01926, 26.21], [120.01927, 26.20998], [120.01927, 26.20996], [120.01928, 26.20995], [120.01929, 26.20992], [120.01929, 26.20991], [120.01928, 26.20989], [120.01927, 26.20988], [120.01926, 26.20987], [120.01926, 26.20987], [120.01925, 26.20986], [120.01924, 26.20986], [120.01923, 26.20986], [120.01922, 26.20987], [120.01921, 26.20987], [120.0192, 26.20988], [120.01919, 26.20989], [120.01919, 26.2099], [120.01919, 26.2099]]], [[[120.01642, 26.20914], [120.01652, 26.20917], [120.0166, 26.20918], [120.01662, 26.20918], [120.01663, 26.20916], [120.01663, 26.20914], [120.01662, 26.2091], [120.01661, 26.20906], [120.0166, 26.20905], [120.01659, 26.20904], [120.01655, 26.20902], [120.01651, 26.20901], [120.0165, 26.20901], [120.01643, 26.20904], [120.0164, 26.20905], [120.01639, 26.20907], [120.01639, 26.20912], [120.01642, 26.20914], [120.01642, 26.20914]]], [[[120.01849, 26.20839], [120.01648, 26.20866], [120.01754, 26.21015], [120.02021, 26.20981], [120.01849, 26.20839]]], [[[120.0186, 26.21266], [120.02106, 26.2121], [120.01784, 26.21119], [120.0172, 26.21289], [120.0186, 26.21266]]], [[[120.02089, 26.21197], [120.0209, 26.212], [120.02092, 26.212], [120.02092, 26.212], [120.02096, 26.21203], [120.02106, 26.21207], [120.02111, 26.21209], [120.02115, 26.21213], [120.02119, 26.21222], [120.02127, 26.21229], [120.02134, 26.21236], [120.02138, 26.21245], [120.02146, 26.21252], [120.02153, 26.21254], [120.02156, 26.21254], [120.02157, 26.21251], [120.02157, 26.2125], [120.02156, 26.21248], [120.02159, 26.21246], [120.02163, 26.21243], [120.02166, 26.2124], [120.02165, 26.21237], [120.02163, 26.21233], [120.02155, 26.21227], [120.02147, 26.2122], [120.02145, 26.21215], [120.02146, 26.21211], [120.02146, 26.2121], [120.02145, 26.21209], [120.02139, 26.21203], [120.0213, 26.21198], [120.02129, 26.21197], [120.0212, 26.21197], [120.02119, 26.21197], [120.02114, 26.212], [120.02111, 26.212], [120.02109, 26.212], [120.02109, 26.212], [120.021, 26.21196], [120.02093, 26.21195], [120.0209, 26.21195], [120.02089, 26.21196], [120.02089, 26.21197]]], [[[120.02102, 26.21259], [120.021, 26.2126], [120.021, 26.21262], [120.021, 26.21263], [120.021, 26.21263], [120.02099, 26.21264], [120.02095, 26.21265], [120.02094, 26.2127], [120.02093, 26.21273], [120.02094, 26.21279], [120.02096, 26.21283], [120.02099, 26.21286], [120.02101, 26.21286], [120.02104, 26.21285], [120.02106, 26.21284], [120.0211, 26.21284], [120.02111, 26.21288], [120.02111, 26.21289], [120.02118, 26.21296], [120.0212, 26.21295], [120.02122, 26.21294], [120.02125, 26.21292], [120.02128, 26.21293], [120.02131, 26.21294], [120.02136, 26.21295], [120.02138, 26.21295], [120.02141, 26.21294], [120.02145, 26.21293], [120.02147, 26.21292], [120.02147, 26.2129], [120.02147, 26.21289], [120.02146, 26.21286], [120.0214, 26.21282], [120.02133, 26.21277], [120.02135, 26.21274], [120.02136, 26.2127], [120.02137, 26.21268], [120.02137, 26.21266], [120.02134, 26.21265], [120.02124, 26.21262], [120.02114, 26.21261], [120.02102, 26.21259]]], [[[119.98819, 26.22541], [119.9882, 26.22543], [119.9882, 26.22544], [119.98826, 26.22551], [119.98836, 26.22555], [119.98847, 26.22556], [119.98853, 26.22555], [119.98856, 26.22558], [119.98858, 26.2256], [119.98858, 26.2256], [119.98868, 26.2256], [119.98875, 26.22553], [119.98876, 26.22543], [119.98874, 26.22533], [119.9887, 26.22524], [119.98869, 26.22523], [119.98867, 26.22521], [119.98864, 26.22517], [119.9886, 26.22508], [119.98855, 26.22502], [119.98853, 26.22501], [119.98842, 26.225], [119.98833, 26.22498], [119.98832, 26.22497], [119.98829, 26.22496], [119.98821, 26.22499], [119.98817, 26.22502], [119.98814, 26.22505], [119.9881, 26.22514], [119.9881, 26.22523], [119.98814, 26.22533], [119.98819, 26.2254], [119.98819, 26.22541]]], [[[119.97815, 26.20808], [119.97817, 26.20809], [119.97819, 26.2081], [119.9782, 26.2081], [119.97821, 26.2081], [119.97823, 26.20811], [119.97827, 26.20808], [119.9783, 26.20805], [119.9783, 26.20804], [119.97828, 26.20794], [119.97826, 26.2079], [119.97824, 26.20788], [119.97822, 26.20787], [119.97815, 26.20787], [119.97812, 26.20789], [119.9781, 26.20792], [119.97812, 26.20798], [119.97815, 26.20808], [119.97815, 26.20808]]], [[[119.97266, 26.19246], [119.97269, 26.1925], [119.9727, 26.19251], [119.97276, 26.19255], [119.97279, 26.19257], [119.97289, 26.19261], [119.97299, 26.19263], [119.97309, 26.19266], [119.97313, 26.19264], [119.97315, 26.19262], [119.97317, 26.1926], [119.97317, 26.19257], [119.97313, 26.19254], [119.97311, 26.19252], [119.97305, 26.1925], [119.97305, 26.19246], [119.97304, 26.19245], [119.973, 26.19242], [119.97296, 26.19242], [119.97295, 26.19242], [119.97294, 26.19241], [119.97289, 26.19239], [119.97285, 26.19238], [119.97284, 26.19238], [119.97274, 26.19239], [119.97267, 26.19243], [119.97266, 26.19245], [119.97266, 26.19246], [119.97266, 26.19246]]], [[[119.97645, 26.15969], [119.97644, 26.15971], [119.97643, 26.15973], [119.97642, 26.15976], [119.9764, 26.15974], [119.97638, 26.15972], [119.97637, 26.15971], [119.97635, 26.1597], [119.97635, 26.15972], [119.97636, 26.15976], [119.97637, 26.15979], [119.97637, 26.1598], [119.97636, 26.1598], [119.97635, 26.15979], [119.9763, 26.15975], [119.97627, 26.15973], [119.97626, 26.15973], [119.97626, 26.15973], [119.97622, 26.15975], [119.9762, 26.15979], [119.9762, 26.1598], [119.97619, 26.15982], [119.9762, 26.15984], [119.97621, 26.15984], [119.97621, 26.15985], [119.97623, 26.15986], [119.97623, 26.15987], [119.97623, 26.15988], [119.97623, 26.15988], [119.97626, 26.15992], [119.9763, 26.15995], [119.97631, 26.15996], [119.97634, 26.15996], [119.97635, 26.15996], [119.97636, 26.15996], [119.9764, 26.15993], [119.97642, 26.15992], [119.97643, 26.1599], [119.97644, 26.1599], [119.97645, 26.15989], [119.97646, 26.15989], [119.97648, 26.15991], [119.97649, 26.15991], [119.97651, 26.15992], [119.97652, 26.15993], [119.97651, 26.15994], [119.97652, 26.15995], [119.97652, 26.15996], [119.97651, 26.15997], [119.97649, 26.15999], [119.97648, 26.16], [119.97649, 26.16001], [119.97652, 26.16003], [119.97657, 26.16004], [119.97659, 26.16004], [119.97663, 26.16003], [119.97663, 26.16003], [119.97664, 26.16002], [119.97666, 26.16], [119.97666, 26.15999], [119.97666, 26.15999], [119.97665, 26.15999], [119.97662, 26.15995], [119.97662, 26.15994], [119.97661, 26.15994], [119.97661, 26.15993], [119.97661, 26.1599], [119.97661, 26.15987], [119.97661, 26.15987], [119.97665, 26.15988], [119.97667, 26.15988], [119.97668, 26.15988], [119.9767, 26.15989], [119.9767, 26.15989], [119.97675, 26.15992], [119.97678, 26.15993], [119.97678, 26.15994], [119.9768, 26.15993], [119.9768, 26.15993], [119.97682, 26.1599], [119.97681, 26.15989], [119.97681, 26.15988], [119.97686, 26.15986], [119.97691, 26.15984], [119.97692, 26.15983], [119.97694, 26.15982], [119.97695, 26.15982], [119.97699, 26.15982], [119.977, 26.15982], [119.977, 26.15982], [119.97701, 26.15982], [119.97702, 26.15981], [119.977, 26.15979], [119.97697, 26.15978], [119.97692, 26.15978], [119.97686, 26.15977], [119.97686, 26.15977], [119.97685, 26.15977], [119.97684, 26.15976], [119.97682, 26.15976], [119.97681, 26.15976], [119.97676, 26.15976], [119.9767, 26.15977], [119.97664, 26.15976], [119.97663, 26.15976], [119.9766, 26.15974], [119.9766, 26.15974], [119.97658, 26.15973], [119.97658, 26.15973], [119.97657, 26.15973], [119.97656, 26.15973], [119.97655, 26.15974], [119.97652, 26.15971], [119.97647, 26.15969], [119.97647, 26.15969], [119.97645, 26.15969]]], [[[119.97983, 26.16747], [119.97982, 26.16746], [119.97982, 26.16746], [119.97982, 26.16746], [119.97981, 26.16746], [119.97981, 26.16746], [119.97981, 26.16747], [119.97979, 26.16749], [119.97979, 26.1675], [119.9798, 26.1675], [119.97985, 26.16751], [119.97985, 26.1675], [119.97985, 26.16749], [119.97984, 26.16749], [119.97983, 26.16747]]], [[[119.97995, 26.16738], [119.97994, 26.16738], [119.97994, 26.16738], [119.97993, 26.16738], [119.97992, 26.16739], [119.97991, 26.16739], [119.97991, 26.16739], [119.97991, 26.1674], [119.9799, 26.16741], [119.9799, 26.16742], [119.97992, 26.16744], [119.97994, 26.16745], [119.97996, 26.16746], [119.97999, 26.16744], [119.97998, 26.16744], [119.97997, 26.16741], [119.97996, 26.16741], [119.97995, 26.16738]]], [[[119.97989, 26.16742], [119.97987, 26.16743], [119.97987, 26.16744], [119.97987, 26.16744], [119.97987, 26.16746], [119.97987, 26.16746], [119.97989, 26.16751], [119.97989, 26.16751], [119.9799, 26.16751], [119.97991, 26.1675], [119.97992, 26.16749], [119.97991, 26.16748], [119.97991, 26.16747], [119.97989, 26.16743], [119.97989, 26.16742]]], [[[119.97994, 26.16736], [119.97994, 26.16737], [119.97994, 26.16737], [119.97995, 26.16737], [119.97997, 26.1674], [119.97998, 26.1674], [119.97999, 26.16739], [119.97999, 26.16737], [119.97998, 26.16735], [119.97997, 26.16734], [119.97995, 26.16734], [119.97995, 26.16735], [119.97994, 26.16736]]], [[[119.97997, 26.16747], [119.97996, 26.16747], [119.97995, 26.16747], [119.97994, 26.16748], [119.97994, 26.16749], [119.97993, 26.1675], [119.97994, 26.16752], [119.97994, 26.16753], [119.97995, 26.16753], [119.97997, 26.16751], [119.97998, 26.1675], [119.97998, 26.16748], [119.97998, 26.16747], [119.97997, 26.16747], [119.97997, 26.16747], [119.97997, 26.16747]]], [[[119.97919, 26.16787], [119.97919, 26.16786], [119.97918, 26.16785], [119.97918, 26.16784], [119.97917, 26.16784], [119.97916, 26.16781], [119.97916, 26.1678], [119.97913, 26.16776], [119.9791, 26.16772], [119.97909, 26.16769], [119.97907, 26.16768], [119.97907, 26.16768], [119.97906, 26.16768], [119.97903, 26.1677], [119.97902, 26.16773], [119.97904, 26.16774], [119.97904, 26.16775], [119.97904, 26.16775], [119.97903, 26.16776], [119.97904, 26.16777], [119.97904, 26.16777], [119.97905, 26.16777], [119.97906, 26.16779], [119.97907, 26.1678], [119.97908, 26.16784], [119.97909, 26.16784], [119.97911, 26.16784], [119.97912, 26.16783], [119.97913, 26.16784], [119.97913, 26.16784], [119.97913, 26.16785], [119.97911, 26.16787], [119.97912, 26.16788], [119.97913, 26.16789], [119.97917, 26.16791], [119.97919, 26.16791], [119.97919, 26.16787], [119.97919, 26.16787]]], [[[119.97926, 26.16795], [119.97925, 26.16798], [119.97925, 26.16798], [119.97925, 26.16799], [119.97926, 26.168], [119.97927, 26.16801], [119.97928, 26.16801], [119.97929, 26.16804], [119.97931, 26.16805], [119.97934, 26.16806], [119.97936, 26.16806], [119.9794, 26.16804], [119.97941, 26.16804], [119.97945, 26.16802], [119.97945, 26.16801], [119.97947, 26.16795], [119.97947, 26.16795], [119.97948, 26.16797], [119.97949, 26.16799], [119.9795, 26.168], [119.9795, 26.16801], [119.97951, 26.16801], [119.97951, 26.16801], [119.97954, 26.168], [119.97954, 26.16799], [119.97955, 26.16798], [119.97958, 26.16796], [119.97957, 26.16794], [119.97956, 26.16794], [119.97952, 26.16793], [119.97951, 26.16792], [119.97949, 26.16791], [119.97948, 26.16791], [119.97948, 26.16791], [119.97947, 26.1679], [119.97946, 26.16786], [119.97946, 26.16784], [119.97946, 26.16783], [119.97945, 26.16782], [119.97943, 26.1678], [119.97941, 26.16778], [119.97941, 26.16778], [119.9794, 26.16773], [119.97938, 26.16769], [119.97938, 26.16769], [119.97938, 26.16767], [119.97938, 26.16767], [119.97938, 26.16766], [119.97936, 26.16765], [119.97933, 26.16762], [119.97933, 26.16761], [119.97933, 26.1676], [119.97933, 26.16757], [119.97931, 26.16755], [119.9793, 26.16754], [119.97929, 26.16754], [119.97924, 26.16751], [119.97924, 26.16751], [119.97923, 26.16751], [119.97921, 26.16752], [119.9792, 26.16753], [119.97919, 26.16753], [119.97917, 26.16755], [119.97916, 26.16754], [119.97915, 26.16753], [119.97914, 26.16753], [119.97914, 26.16753], [119.97913, 26.16753], [119.97912, 26.16752], [119.97912, 26.16751], [119.97911, 26.16751], [119.97909, 26.16753], [119.97909, 26.16754], [119.97909, 26.16755], [119.97906, 26.16758], [119.97906, 26.16758], [119.97908, 26.16762], [119.9791, 26.16766], [119.97912, 26.1677], [119.97912, 26.16771], [119.97912, 26.16771], [119.97912, 26.16772], [119.97913, 26.16773], [119.97914, 26.16774], [119.97915, 26.16774], [119.97917, 26.16776], [119.97917, 26.16778], [119.97917, 26.16779], [119.97918, 26.16781], [119.97919, 26.16783], [119.9792, 26.16784], [119.97921, 26.16785], [119.97923, 26.16785], [119.97924, 26.16786], [119.97925, 26.16789], [119.97925, 26.1679], [119.97926, 26.16791], [119.97926, 26.16794], [119.97926, 26.16795]]], [[[119.97858, 26.16763], [119.97857, 26.16763], [119.97856, 26.16765], [119.97855, 26.16766], [119.97854, 26.16767], [119.97855, 26.16768], [119.97857, 26.16767], [119.97857, 26.16767], [119.97859, 26.16763], [119.97858, 26.16763], [119.97858, 26.16763]]], [[[119.97818, 26.16752], [119.97815, 26.16754], [119.97816, 26.16754], [119.97819, 26.16755], [119.9782, 26.16755], [119.97821, 26.16754], [119.97821, 26.16754], [119.97819, 26.16753], [119.97818, 26.16752], [119.97818, 26.16752]]], [[[119.97803, 26.16746], [119.97803, 26.16746], [119.97803, 26.16747], [119.97804, 26.16747], [119.97807, 26.16748], [119.97809, 26.16747], [119.9781, 26.16746], [119.97809, 26.16746], [119.97808, 26.16745], [119.97805, 26.16745], [119.97803, 26.16745], [119.97803, 26.16745], [119.97803, 26.16746]]], [[[119.97831, 26.16761], [119.9783, 26.16761], [119.97829, 26.16762], [119.97828, 26.16763], [119.97829, 26.16764], [119.97829, 26.16764], [119.9783, 26.16764], [119.97832, 26.16764], [119.97835, 26.16763], [119.97835, 26.16763], [119.97834, 26.1676], [119.97833, 26.1676], [119.97831, 26.16761], [119.97831, 26.16761], [119.97831, 26.16761]]], [[[119.9785, 26.16692], [119.97849, 26.16692], [119.97849, 26.16692], [119.97848, 26.16695], [119.97847, 26.16696], [119.97847, 26.16696], [119.97846, 26.16695], [119.97846, 26.16694], [119.97846, 26.16693], [119.97845, 26.16691], [119.97843, 26.16691], [119.97842, 26.16691], [119.97841, 26.16695], [119.97841, 26.16696], [119.97842, 26.16696], [119.97844, 26.16698], [119.97845, 26.16699], [119.97846, 26.16699], [119.97849, 26.16702], [119.97849, 26.16702], [119.97852, 26.167], [119.97854, 26.16699], [119.97854, 26.16692], [119.9785, 26.16692]]], [[[119.97655, 26.16653], [119.97654, 26.16653], [119.97654, 26.16653], [119.97654, 26.16653], [119.97654, 26.16654], [119.97654, 26.16654], [119.97656, 26.16657], [119.97658, 26.16656], [119.97658, 26.16655], [119.97656, 26.16653], [119.97655, 26.16653], [119.97655, 26.16653]]], [[[119.97662, 26.16685], [119.97661, 26.16686], [119.97661, 26.16685], [119.97661, 26.16686], [119.97661, 26.16687], [119.97661, 26.16688], [119.97663, 26.16689], [119.97665, 26.16689], [119.97666, 26.16689], [119.97668, 26.16692], [119.97671, 26.16692], [119.9767, 26.16691], [119.97668, 26.16689], [119.97667, 26.16688], [119.97665, 26.16687], [119.97663, 26.16686], [119.97662, 26.16685], [119.97662, 26.16685]]], [[[119.97362, 26.16719], [119.97361, 26.16718], [119.97361, 26.16719], [119.97357, 26.1672], [119.97356, 26.1672], [119.97356, 26.16721], [119.97355, 26.16721], [119.97352, 26.16723], [119.97352, 26.16723], [119.97351, 26.16724], [119.9735, 26.16727], [119.9735, 26.16732], [119.97349, 26.16736], [119.97349, 26.16739], [119.97349, 26.16741], [119.97349, 26.16741], [119.97349, 26.16744], [119.9735, 26.16745], [119.97353, 26.16744], [119.97357, 26.16741], [119.97362, 26.16739], [119.97366, 26.16736], [119.97369, 26.16733], [119.97369, 26.16732], [119.97369, 26.16731], [119.97365, 26.1673], [119.97365, 26.1673], [119.97363, 26.1673], [119.97362, 26.1673], [119.97361, 26.16729], [119.9736, 26.16728], [119.97361, 26.16727], [119.97362, 26.16726], [119.97363, 26.16724], [119.97363, 26.1672], [119.97362, 26.16719], [119.97362, 26.16719]]], [[[119.97965, 26.16494], [119.97963, 26.16495], [119.97962, 26.16496], [119.97962, 26.16496], [119.97962, 26.16497], [119.97964, 26.16499], [119.97967, 26.16501], [119.97969, 26.16501], [119.97973, 26.16498], [119.97973, 26.16498], [119.9797, 26.16494], [119.97968, 26.16495], [119.97965, 26.16494], [119.97965, 26.16494]]], [[[119.97969, 26.16505], [119.97969, 26.16505], [119.9797, 26.16507], [119.97969, 26.16509], [119.97969, 26.16509], [119.9797, 26.1651], [119.97972, 26.16509], [119.97973, 26.16509], [119.97974, 26.16508], [119.97974, 26.16506], [119.97974, 26.16506], [119.97973, 26.16503], [119.97972, 26.16502], [119.97972, 26.16502], [119.97969, 26.16505]]], [[[119.97952, 26.16499], [119.97948, 26.16502], [119.97946, 26.16503], [119.97946, 26.16503], [119.97945, 26.16505], [119.97945, 26.16507], [119.97948, 26.16508], [119.97949, 26.16508], [119.9795, 26.16508], [119.9795, 26.16508], [119.97955, 26.16507], [119.97956, 26.16506], [119.97956, 26.16504], [119.97955, 26.16502], [119.97952, 26.16499], [119.97952, 26.16499]]], [[[119.97945, 26.16434], [119.97945, 26.16434], [119.97945, 26.16435], [119.97946, 26.16435], [119.97949, 26.16436], [119.9795, 26.16436], [119.9795, 26.16437], [119.97951, 26.16438], [119.97951, 26.1644], [119.97951, 26.16441], [119.9795, 26.16443], [119.97949, 26.16444], [119.9795, 26.16445], [119.97951, 26.16445], [119.97956, 26.16445], [119.97959, 26.16444], [119.97959, 26.16443], [119.97958, 26.16442], [119.97958, 26.16441], [119.97957, 26.16439], [119.97955, 26.16436], [119.97951, 26.16435], [119.97946, 26.16434], [119.97945, 26.16434]]], [[[119.97918, 26.16372], [119.97914, 26.16374], [119.97911, 26.16377], [119.9791, 26.16378], [119.97911, 26.1638], [119.97912, 26.16381], [119.97917, 26.16383], [119.97921, 26.16384], [119.97922, 26.16384], [119.97923, 26.16384], [119.97925, 26.16381], [119.97925, 26.1638], [119.97922, 26.16376], [119.97919, 26.16372], [119.97918, 26.16372]]], [[[119.97893, 26.16376], [119.97892, 26.16378], [119.97892, 26.16378], [119.97892, 26.16378], [119.97893, 26.16379], [119.97894, 26.1638], [119.97894, 26.1638], [119.97895, 26.16379], [119.97895, 26.16378], [119.97895, 26.16378], [119.97896, 26.16377], [119.97894, 26.16375], [119.97893, 26.16376]]], [[[119.97899, 26.16377], [119.97897, 26.16379], [119.97898, 26.16379], [119.97897, 26.16379], [119.97897, 26.1638], [119.97898, 26.1638], [119.97898, 26.16381], [119.97899, 26.16381], [119.97903, 26.16378], [119.97901, 26.16377], [119.979, 26.16377], [119.979, 26.16377], [119.97899, 26.16377]]], [[[119.97925, 26.1637], [119.97925, 26.16371], [119.97925, 26.16371], [119.97924, 26.16373], [119.97925, 26.16373], [119.97926, 26.16373], [119.97928, 26.16375], [119.97929, 26.16375], [119.97931, 26.16374], [119.9793, 26.16372], [119.97927, 26.1637], [119.97926, 26.1637], [119.97925, 26.1637]]], [[[119.97904, 26.16383], [119.97906, 26.16382], [119.97906, 26.16382], [119.97907, 26.16381], [119.97906, 26.16379], [119.97905, 26.16379], [119.97903, 26.16379], [119.97903, 26.1638], [119.97903, 26.16382], [119.97904, 26.16383]]], [[[119.97917, 26.16408], [119.97919, 26.1641], [119.9792, 26.16411], [119.97926, 26.16408], [119.97925, 26.16407], [119.97924, 26.16406], [119.97922, 26.16406], [119.97921, 26.16406], [119.97917, 26.16407], [119.97917, 26.16408]]], [[[119.97909, 26.16407], [119.97904, 26.16412], [119.97904, 26.16412], [119.97905, 26.16413], [119.97909, 26.16414], [119.97914, 26.16416], [119.97916, 26.16416], [119.97919, 26.16414], [119.97918, 26.16413], [119.97918, 26.16412], [119.97913, 26.1641], [119.97909, 26.16407]]], [[[119.97898, 26.16252], [119.97897, 26.16252], [119.97898, 26.16253], [119.979, 26.16253], [119.97901, 26.16254], [119.97902, 26.16255], [119.97902, 26.16255], [119.97903, 26.16255], [119.97904, 26.16254], [119.97905, 26.16253], [119.97906, 26.16253], [119.97907, 26.16252], [119.97909, 26.16247], [119.97908, 26.16247], [119.97907, 26.16247], [119.97906, 26.16248], [119.97905, 26.16249], [119.97903, 26.1625], [119.97903, 26.16249], [119.97902, 26.16248], [119.97901, 26.16248], [119.97901, 26.16248], [119.979, 26.1625], [119.97898, 26.16252], [119.97898, 26.16252]]], [[[119.97833, 26.16609], [119.9784, 26.1661], [119.97842, 26.1661], [119.97845, 26.16609], [119.97849, 26.16606], [119.97851, 26.16604], [119.97851, 26.16603], [119.97851, 26.16602], [119.97852, 26.16602], [119.97852, 26.16601], [119.97853, 26.166], [119.97855, 26.16599], [119.97856, 26.16598], [119.97857, 26.16596], [119.97858, 26.16595], [119.97859, 26.16594], [119.9786, 26.16591], [119.97858, 26.1659], [119.97857, 26.16589], [119.97855, 26.16588], [119.97854, 26.16589], [119.97854, 26.16589], [119.9785, 26.16592], [119.97847, 26.16594], [119.97846, 26.16594], [119.97845, 26.16594], [119.97842, 26.16598], [119.97838, 26.16601], [119.97832, 26.16608], [119.97833, 26.16609]]], [[[119.97871, 26.1637], [119.97873, 26.16371], [119.97875, 26.16372], [119.97875, 26.16373], [119.97874, 26.16376], [119.97874, 26.16376], [119.97875, 26.16377], [119.97878, 26.16377], [119.97879, 26.16377], [119.9788, 26.16377], [119.97881, 26.16377], [119.97881, 26.16376], [119.97881, 26.16375], [119.9788, 26.16374], [119.97878, 26.16372], [119.97878, 26.16372], [119.97877, 26.16371], [119.97877, 26.16371], [119.97877, 26.16368], [119.97876, 26.16367], [119.97876, 26.16366], [119.97877, 26.16365], [119.97878, 26.16365], [119.97879, 26.16366], [119.97882, 26.16366], [119.97882, 26.16366], [119.97882, 26.16365], [119.97883, 26.16364], [119.97883, 26.16362], [119.97883, 26.16362], [119.97883, 26.16361], [119.97883, 26.16359], [119.97882, 26.16357], [119.9788, 26.16353], [119.97875, 26.1635], [119.9787, 26.16347], [119.97865, 26.16345], [119.97862, 26.16344], [119.97861, 26.16344], [119.9786, 26.16344], [119.97859, 26.16344], [119.97856, 26.16346], [119.97856, 26.16347], [119.97855, 26.16347], [119.9785, 26.16346], [119.97849, 26.16344], [119.97847, 26.16343], [119.97842, 26.1634], [119.9784, 26.1634], [119.97837, 26.16342], [119.97835, 26.16345], [119.97835, 26.16346], [119.97836, 26.16348], [119.97837, 26.16349], [119.97839, 26.16349], [119.97839, 26.1635], [119.97844, 26.16351], [119.97846, 26.16352], [119.97848, 26.16354], [119.97852, 26.16357], [119.97853, 26.16358], [119.97854, 26.16359], [119.97858, 26.16362], [119.97858, 26.16363], [119.97858, 26.16363], [119.97861, 26.16365], [119.97862, 26.16366], [119.97863, 26.16366], [119.97866, 26.16367], [119.97871, 26.16369], [119.97871, 26.1637]]], [[[119.97629, 26.16626], [119.97629, 26.16625], [119.97629, 26.16625], [119.97628, 26.16625], [119.97627, 26.16625], [119.97626, 26.16626], [119.97627, 26.16627], [119.97628, 26.16627], [119.9763, 26.16626], [119.9763, 26.16626], [119.97629, 26.16626]]], [[[119.97627, 26.16617], [119.97627, 26.16617], [119.97627, 26.16617], [119.97626, 26.16617], [119.97626, 26.16617], [119.97627, 26.16619], [119.97629, 26.16617], [119.97628, 26.16617], [119.97627, 26.16617], [119.97627, 26.16617]]], [[[119.97627, 26.16621], [119.97627, 26.16621], [119.97627, 26.16621], [119.97626, 26.16621], [119.97626, 26.16622], [119.97626, 26.16622], [119.97626, 26.16623], [119.97627, 26.16623], [119.97631, 26.16623], [119.9763, 26.16622], [119.97629, 26.16621], [119.97627, 26.16621]]], [[[119.97635, 26.1664], [119.97636, 26.1664], [119.97636, 26.1664], [119.97636, 26.16641], [119.97637, 26.1664], [119.97638, 26.1664], [119.97638, 26.16639], [119.97638, 26.16638], [119.97636, 26.16635], [119.97635, 26.16635], [119.97634, 26.16635], [119.97634, 26.16636], [119.97634, 26.16637], [119.97634, 26.16638], [119.97634, 26.16638], [119.97635, 26.1664]]], [[[119.97806, 26.16314], [119.97804, 26.16315], [119.97804, 26.16315], [119.97803, 26.16316], [119.97803, 26.16319], [119.97804, 26.16319], [119.97808, 26.16319], [119.97808, 26.16318], [119.97809, 26.16317], [119.97809, 26.16316], [119.97808, 26.16315], [119.97807, 26.16314], [119.97806, 26.16314], [119.97806, 26.16314]]], [[[119.97841, 26.16229], [119.97837, 26.1623], [119.97837, 26.1623], [119.97837, 26.16231], [119.97837, 26.16232], [119.97838, 26.16233], [119.97843, 26.16235], [119.97847, 26.16238], [119.9785, 26.16239], [119.97853, 26.16237], [119.97851, 26.16235], [119.97847, 26.16232], [119.97843, 26.1623], [119.97841, 26.16229]]], [[[119.97842, 26.16215], [119.97845, 26.16218], [119.97846, 26.16217], [119.97848, 26.16216], [119.97849, 26.16215], [119.97853, 26.16215], [119.97854, 26.16215], [119.97855, 26.16214], [119.97855, 26.16214], [119.97855, 26.16214], [119.97853, 26.16214], [119.97852, 26.16214], [119.97851, 26.16214], [119.9785, 26.16213], [119.97847, 26.16213], [119.97843, 26.16214], [119.97842, 26.16215], [119.97842, 26.16215]]], [[[119.97792, 26.16233], [119.97795, 26.16236], [119.97799, 26.16239], [119.97804, 26.1624], [119.97808, 26.16237], [119.97808, 26.16236], [119.97807, 26.16233], [119.97806, 26.16232], [119.97806, 26.16232], [119.97801, 26.16231], [119.97796, 26.1623], [119.97794, 26.16229], [119.97792, 26.16231], [119.97792, 26.16232], [119.97792, 26.16233]]], [[[119.97809, 26.1624], [119.97808, 26.16241], [119.97805, 26.16242], [119.97804, 26.16244], [119.97802, 26.16245], [119.97802, 26.16246], [119.97803, 26.16248], [119.97803, 26.16248], [119.97802, 26.16247], [119.97801, 26.16247], [119.97801, 26.16247], [119.97801, 26.16247], [119.978, 26.16248], [119.97799, 26.16249], [119.97798, 26.16249], [119.97798, 26.1625], [119.97797, 26.16251], [119.97797, 26.16252], [119.978, 26.16255], [119.97803, 26.16257], [119.97804, 26.16257], [119.97805, 26.16256], [119.97805, 26.16256], [119.97806, 26.16255], [119.97808, 26.16254], [119.97808, 26.16254], [119.97813, 26.16256], [119.97815, 26.16256], [119.97816, 26.16256], [119.97816, 26.16256], [119.97819, 26.16256], [119.97819, 26.16256], [119.97824, 26.16256], [119.97829, 26.16258], [119.97831, 26.16259], [119.97833, 26.16258], [119.97833, 26.16256], [119.97833, 26.16256], [119.97833, 26.16255], [119.97833, 26.16254], [119.97832, 26.16254], [119.97831, 26.16253], [119.9783, 26.16251], [119.97832, 26.16251], [119.97837, 26.16251], [119.97842, 26.16252], [119.97843, 26.16252], [119.97844, 26.16252], [119.97844, 26.16251], [119.97845, 26.16249], [119.97845, 26.16249], [119.97841, 26.16246], [119.97836, 26.16244], [119.97831, 26.16242], [119.97826, 26.1624], [119.97822, 26.16238], [119.97821, 26.16238], [119.97817, 26.16239], [119.97816, 26.1624], [119.97814, 26.16239], [119.97811, 26.16238], [119.97811, 26.16238], [119.97809, 26.16238], [119.97809, 26.16239], [119.97809, 26.1624], [119.97809, 26.1624]]], [[[119.97732, 26.16194], [119.9773, 26.16193], [119.9773, 26.16193], [119.97727, 26.16194], [119.97727, 26.16196], [119.97728, 26.16197], [119.9773, 26.16197], [119.9773, 26.16198], [119.97731, 26.16198], [119.97732, 26.16198], [119.97735, 26.16199], [119.97736, 26.16199], [119.97738, 26.16199], [119.9774, 26.16198], [119.9774, 26.16197], [119.9774, 26.16196], [119.97738, 26.16195], [119.97735, 26.16194], [119.97733, 26.16193], [119.97732, 26.16194]]], [[[119.97729, 26.16186], [119.97727, 26.16185], [119.97725, 26.16185], [119.97725, 26.16186], [119.97726, 26.16187], [119.97727, 26.16187], [119.97728, 26.16187], [119.97729, 26.16186]]], [[[119.97731, 26.16171], [119.9773, 26.16173], [119.9773, 26.16175], [119.9773, 26.16176], [119.97732, 26.16179], [119.97733, 26.1618], [119.97734, 26.16182], [119.97736, 26.16184], [119.97737, 26.16185], [119.97741, 26.16186], [119.97746, 26.16187], [119.97751, 26.16186], [119.97756, 26.16184], [119.97759, 26.16183], [119.97761, 26.16182], [119.97762, 26.1618], [119.97764, 26.16179], [119.97764, 26.16178], [119.97761, 26.16174], [119.97757, 26.16171], [119.97756, 26.1617], [119.97752, 26.16168], [119.97751, 26.16168], [119.97748, 26.16167], [119.97747, 26.16167], [119.97742, 26.16168], [119.97737, 26.16169], [119.97732, 26.16171], [119.97731, 26.16171]]], [[[119.97777, 26.16187], [119.97776, 26.16188], [119.97776, 26.16189], [119.97777, 26.16189], [119.97781, 26.16192], [119.97781, 26.16192], [119.97783, 26.16194], [119.97784, 26.16196], [119.97785, 26.16197], [119.97786, 26.16197], [119.97789, 26.16198], [119.9779, 26.16198], [119.97794, 26.16199], [119.97796, 26.16199], [119.97799, 26.16198], [119.97802, 26.16197], [119.97803, 26.16196], [119.97803, 26.16195], [119.97802, 26.16195], [119.97798, 26.16192], [119.97796, 26.16191], [119.97795, 26.1619], [119.97794, 26.16189], [119.97793, 26.16188], [119.9779, 26.16185], [119.97787, 26.16183], [119.97786, 26.16183], [119.97785, 26.16182], [119.97781, 26.16185], [119.97781, 26.16185], [119.97777, 26.16187]]], [[[119.97306, 26.16645], [119.97307, 26.16645], [119.97307, 26.16646], [119.97308, 26.16646], [119.97308, 26.16646], [119.97312, 26.16645], [119.97313, 26.16645], [119.97314, 26.16642], [119.97313, 26.16641], [119.97311, 26.16641], [119.9731, 26.16641], [119.9731, 26.16642], [119.97309, 26.16642], [119.97307, 26.16644], [119.97306, 26.16645]]], [[[119.97054, 26.1644], [119.97054, 26.16441], [119.97054, 26.16441], [119.97057, 26.16442], [119.97057, 26.16442], [119.97058, 26.16442], [119.97059, 26.16442], [119.97062, 26.16437], [119.97061, 26.16437], [119.9706, 26.16437], [119.9706, 26.16437], [119.97059, 26.16437], [119.97058, 26.16438], [119.97057, 26.16438], [119.97054, 26.1644]]], [[[119.97054, 26.16421], [119.97053, 26.16423], [119.97053, 26.16423], [119.97053, 26.16424], [119.97053, 26.16425], [119.97054, 26.16425], [119.97055, 26.16425], [119.97055, 26.16425], [119.97057, 26.16425], [119.97057, 26.16425], [119.97057, 26.16425], [119.97057, 26.16426], [119.97056, 26.16427], [119.97055, 26.16427], [119.97053, 26.16427], [119.97053, 26.16428], [119.97052, 26.1643], [119.97052, 26.16432], [119.97052, 26.16433], [119.97052, 26.16434], [119.97053, 26.16434], [119.97053, 26.16435], [119.97054, 26.16436], [119.97055, 26.16435], [119.97055, 26.16435], [119.97058, 26.16432], [119.97058, 26.16431], [119.97059, 26.16431], [119.9706, 26.16431], [119.97062, 26.16428], [119.97062, 26.16427], [119.97062, 26.16426], [119.97063, 26.16427], [119.97063, 26.16428], [119.97064, 26.16428], [119.97066, 26.16428], [119.97067, 26.16427], [119.97069, 26.16423], [119.97069, 26.16422], [119.9707, 26.16422], [119.97071, 26.1642], [119.9707, 26.1642], [119.97069, 26.16419], [119.97066, 26.16419], [119.97062, 26.16418], [119.97061, 26.16418], [119.9706, 26.16418], [119.97059, 26.16418], [119.97059, 26.16421], [119.97059, 26.16421], [119.97059, 26.16422], [119.97058, 26.16422], [119.97058, 26.16422], [119.97054, 26.16421]]], [[[119.97724, 26.15972], [119.97723, 26.15971], [119.97722, 26.15971], [119.9772, 26.15971], [119.97719, 26.15972], [119.97718, 26.15973], [119.97718, 26.15973], [119.97718, 26.15977], [119.97717, 26.1598], [119.97715, 26.15981], [119.97715, 26.15981], [119.97714, 26.1598], [119.97713, 26.1598], [119.9771, 26.15981], [119.9771, 26.15981], [119.97708, 26.15982], [119.97707, 26.15984], [119.97707, 26.15985], [119.97707, 26.15986], [119.97705, 26.15988], [119.97706, 26.15989], [119.97707, 26.15989], [119.9771, 26.15988], [119.97711, 26.15987], [119.97712, 26.15987], [119.97712, 26.15987], [119.97713, 26.15988], [119.97717, 26.15986], [119.9772, 26.15982], [119.9772, 26.15982], [119.9772, 26.15978], [119.97721, 26.15977], [119.97723, 26.15978], [119.97725, 26.15979], [119.97725, 26.15979], [119.97726, 26.1598], [119.97727, 26.1598], [119.97729, 26.15978], [119.97729, 26.15978], [119.97729, 26.15976], [119.97726, 26.15974], [119.97724, 26.15972]]], [[[119.97628, 26.16015], [119.97631, 26.16015], [119.97632, 26.16013], [119.97632, 26.16011], [119.9763, 26.16011], [119.97627, 26.16013], [119.97627, 26.16014], [119.97628, 26.16015]]], [[[119.97672, 26.16026], [119.9767, 26.16024], [119.97669, 26.16024], [119.97668, 26.16024], [119.97668, 26.16024], [119.97668, 26.16024], [119.97667, 26.16026], [119.97666, 26.16028], [119.97666, 26.16029], [119.97666, 26.16029], [119.97667, 26.16033], [119.9767, 26.16036], [119.97671, 26.16036], [119.97671, 26.16036], [119.97672, 26.16035], [119.97672, 26.16033], [119.97672, 26.16032], [119.97672, 26.16032], [119.97673, 26.16031], [119.97673, 26.1603], [119.97672, 26.16026]]], [[[119.97679, 26.16023], [119.9768, 26.16025], [119.9768, 26.16025], [119.97681, 26.16027], [119.97681, 26.16027], [119.97683, 26.16027], [119.97685, 26.16027], [119.97686, 26.16026], [119.97689, 26.16024], [119.97691, 26.16024], [119.97693, 26.16023], [119.97694, 26.16021], [119.97694, 26.1602], [119.97694, 26.1602], [119.9769, 26.16017], [119.97689, 26.16016], [119.97687, 26.16016], [119.97685, 26.16015], [119.97684, 26.16015], [119.97682, 26.16017], [119.97681, 26.16018], [119.97681, 26.16018], [119.9768, 26.16023], [119.97679, 26.16023]]], [[[119.97696, 26.15959], [119.97697, 26.15959], [119.97698, 26.15959], [119.97701, 26.15959], [119.97702, 26.15959], [119.97705, 26.15959], [119.97705, 26.15959], [119.97706, 26.15959], [119.97707, 26.15957], [119.97706, 26.15957], [119.97707, 26.15955], [119.97707, 26.15953], [119.97707, 26.15952], [119.97707, 26.15951], [119.97706, 26.1595], [119.97705, 26.15949], [119.97705, 26.15949], [119.97704, 26.15948], [119.97701, 26.15948], [119.97699, 26.15949], [119.97699, 26.15949], [119.97699, 26.1595], [119.97699, 26.15952], [119.97698, 26.15954], [119.97696, 26.15954], [119.97695, 26.15956], [119.97695, 26.15959], [119.97696, 26.15959], [119.97696, 26.15959]]], [[[119.97669, 26.15951], [119.97667, 26.15948], [119.97667, 26.15948], [119.97666, 26.15948], [119.97665, 26.15949], [119.97665, 26.15949], [119.97665, 26.15949], [119.97664, 26.1595], [119.97662, 26.15951], [119.97661, 26.15952], [119.97661, 26.15952], [119.97661, 26.15957], [119.97661, 26.15957], [119.97661, 26.15958], [119.97664, 26.1596], [119.97665, 26.1596], [119.97665, 26.1596], [119.97666, 26.1596], [119.97667, 26.15959], [119.97667, 26.15956], [119.97667, 26.15953], [119.97668, 26.15953], [119.97669, 26.15953], [119.97669, 26.15953], [119.97669, 26.15951], [119.97669, 26.15951]]], [[[119.97631, 26.15952], [119.97631, 26.15953], [119.97631, 26.15954], [119.97632, 26.15954], [119.97634, 26.15954], [119.97634, 26.15952], [119.97632, 26.15951], [119.97631, 26.15952]]], [[[119.97685, 26.15961], [119.97683, 26.15959], [119.9768, 26.15955], [119.9768, 26.15955], [119.97679, 26.15953], [119.97677, 26.15952], [119.97677, 26.15952], [119.97677, 26.15952], [119.97676, 26.15954], [119.97677, 26.15956], [119.97677, 26.15958], [119.97676, 26.15961], [119.97676, 26.15961], [119.97675, 26.15963], [119.97676, 26.15965], [119.97676, 26.15966], [119.97677, 26.15967], [119.97678, 26.15968], [119.9768, 26.15969], [119.97684, 26.1597], [119.97685, 26.1597], [119.97686, 26.15969], [119.97687, 26.15967], [119.97688, 26.15966], [119.97688, 26.15964], [119.97687, 26.15962], [119.97686, 26.15961], [119.97685, 26.15961]]], [[[119.97666, 26.15962], [119.97665, 26.15962], [119.97664, 26.15962], [119.97664, 26.15963], [119.97665, 26.15964], [119.97665, 26.15964], [119.97666, 26.15965], [119.97668, 26.15967], [119.97669, 26.15967], [119.9767, 26.15965], [119.9767, 26.15965], [119.9767, 26.15964], [119.97669, 26.15963], [119.97667, 26.15962], [119.97667, 26.15962], [119.97666, 26.15962]]], [[[119.97555, 26.16008], [119.97556, 26.1601], [119.97556, 26.1601], [119.9756, 26.16012], [119.9756, 26.16012], [119.97561, 26.16011], [119.97563, 26.16011], [119.97563, 26.16011], [119.97564, 26.16012], [119.97565, 26.16011], [119.97566, 26.16007], [119.97566, 26.16006], [119.97565, 26.16006], [119.97565, 26.16005], [119.97564, 26.16002], [119.97564, 26.16001], [119.97563, 26.16001], [119.97561, 26.15998], [119.9756, 26.15999], [119.9756, 26.15999], [119.97559, 26.16001], [119.97558, 26.16003], [119.97557, 26.16003], [119.97555, 26.16008], [119.97555, 26.16008]]], [[[119.97555, 26.15995], [119.97557, 26.15995], [119.97558, 26.15994], [119.97558, 26.15993], [119.97557, 26.15993], [119.97556, 26.15993], [119.97555, 26.15994], [119.97555, 26.15994], [119.97555, 26.15995]]], [[[119.97579, 26.16017], [119.9758, 26.16018], [119.97581, 26.16018], [119.97582, 26.1602], [119.97584, 26.1602], [119.97586, 26.16019], [119.97587, 26.16017], [119.97586, 26.16016], [119.97584, 26.16015], [119.97581, 26.16016], [119.9758, 26.16016], [119.97579, 26.16017]]], [[[119.97803, 26.16034], [119.97801, 26.16035], [119.97804, 26.16035], [119.97805, 26.16035], [119.97809, 26.16035], [119.97811, 26.16035], [119.97812, 26.16034], [119.97813, 26.16033], [119.97814, 26.16033], [119.97818, 26.16034], [119.97819, 26.16035], [119.97819, 26.16036], [119.9782, 26.16037], [119.97821, 26.16038], [119.97823, 26.16037], [119.97824, 26.16037], [119.97826, 26.16037], [119.97829, 26.16037], [119.97834, 26.16038], [119.97837, 26.16038], [119.97838, 26.16038], [119.97839, 26.16037], [119.97842, 26.16034], [119.97845, 26.16032], [119.97846, 26.16033], [119.97847, 26.16033], [119.97848, 26.16033], [119.97849, 26.16032], [119.97849, 26.1603], [119.97849, 26.1603], [119.97846, 26.16029], [119.97842, 26.16026], [119.97837, 26.16025], [119.97832, 26.16024], [119.97829, 26.16025], [119.97826, 26.16025], [119.97825, 26.16025], [119.97824, 26.16026], [119.97823, 26.16026], [119.97822, 26.16025], [119.97821, 26.16025], [119.97816, 26.16026], [119.97811, 26.16028], [119.97808, 26.16031], [119.97803, 26.16034], [119.97803, 26.16034]]], [[[119.97853, 26.16223], [119.97851, 26.16225], [119.97851, 26.16226], [119.97852, 26.16227], [119.97855, 26.16231], [119.97855, 26.16231], [119.97855, 26.16232], [119.97858, 26.16234], [119.97862, 26.16238], [119.97866, 26.16241], [119.97871, 26.16244], [119.97875, 26.16247], [119.9788, 26.16249], [119.97885, 26.1625], [119.97885, 26.1625], [119.9789, 26.16247], [119.9789, 26.16247], [119.97894, 26.16248], [119.97894, 26.16247], [119.97895, 26.16247], [119.97898, 26.16247], [119.979, 26.16247], [119.97905, 26.16244], [119.97908, 26.16241], [119.97908, 26.1624], [119.97912, 26.16238], [119.97912, 26.16238], [119.97912, 26.16236], [119.9791, 26.16234], [119.97907, 26.16232], [119.97905, 26.16231], [119.97904, 26.1623], [119.97901, 26.16229], [119.979, 26.16228], [119.979, 26.16224], [119.97903, 26.16223], [119.97903, 26.16222], [119.979, 26.1622], [119.97896, 26.16217], [119.97894, 26.16216], [119.97893, 26.16216], [119.97891, 26.16218], [119.97891, 26.16218], [119.97889, 26.16218], [119.97886, 26.16218], [119.97885, 26.16219], [119.97881, 26.16219], [119.97879, 26.1622], [119.97877, 26.16221], [119.97876, 26.16221], [119.97871, 26.1622], [119.9787, 26.16219], [119.97866, 26.16217], [119.97862, 26.16215], [119.97862, 26.16216], [119.97861, 26.16218], [119.97857, 26.16218], [119.97856, 26.16218], [119.97859, 26.16221], [119.97859, 26.16222], [119.97858, 26.16222], [119.97857, 26.16222], [119.97857, 26.16222], [119.97853, 26.16223], [119.97853, 26.16223]]], [[[119.97895, 26.16591], [119.97893, 26.16592], [119.97891, 26.16593], [119.97891, 26.16594], [119.9789, 26.16595], [119.97889, 26.16596], [119.97888, 26.16597], [119.97887, 26.16597], [119.97883, 26.16598], [119.97878, 26.16601], [119.97875, 26.16604], [119.97874, 26.16605], [119.97871, 26.16608], [119.97867, 26.16612], [119.97864, 26.16615], [119.97862, 26.16617], [119.97861, 26.16619], [119.97861, 26.1662], [119.97862, 26.16622], [119.97865, 26.16621], [119.97866, 26.1662], [119.97868, 26.16617], [119.97871, 26.16615], [119.97873, 26.16614], [119.97876, 26.16613], [119.97878, 26.16613], [119.97879, 26.16613], [119.97882, 26.16612], [119.97882, 26.16611], [119.97886, 26.16608], [119.9789, 26.16604], [119.97894, 26.166], [119.97897, 26.16597], [119.97898, 26.16598], [119.97899, 26.16598], [119.97899, 26.166], [119.97899, 26.16601], [119.979, 26.16602], [119.97903, 26.16601], [119.97906, 26.16597], [119.97909, 26.16593], [119.97909, 26.16593], [119.9791, 26.16589], [119.9791, 26.16588], [119.97906, 26.16587], [119.97905, 26.16587], [119.979, 26.16589], [119.97895, 26.16591], [119.97895, 26.16591]]], [[[119.97839, 26.16363], [119.97596, 26.15998], [119.97518, 26.16386], [119.97674, 26.16719], [119.97876, 26.16734], [119.97784, 26.16497], [119.97958, 26.16477], [119.97839, 26.16363]]], [[[119.96592, 26.156], [119.96592, 26.15601], [119.96593, 26.15601], [119.96594, 26.15602], [119.96594, 26.15602], [119.96596, 26.15602], [119.96597, 26.15602], [119.96599, 26.15601], [119.96599, 26.156], [119.96598, 26.15598], [119.96597, 26.15597], [119.96596, 26.15597], [119.96593, 26.15599], [119.96592, 26.156], [119.96592, 26.156]]], [[[119.96506, 26.15552], [119.96507, 26.15553], [119.96508, 26.15553], [119.9651, 26.15552], [119.9651, 26.15549], [119.96509, 26.15549], [119.96506, 26.15549], [119.96506, 26.1555], [119.96506, 26.15551], [119.96506, 26.15552], [119.96506, 26.15552]]], [[[119.96468, 26.15573], [119.96468, 26.15575], [119.96468, 26.15575], [119.96469, 26.15577], [119.96472, 26.15581], [119.96475, 26.15582], [119.96477, 26.15583], [119.96477, 26.15583], [119.96477, 26.15583], [119.96477, 26.15583], [119.96481, 26.15583], [119.96482, 26.15581], [119.96484, 26.15577], [119.96485, 26.15577], [119.96485, 26.15575], [119.96486, 26.15573], [119.96486, 26.15572], [119.96485, 26.15572], [119.96482, 26.15569], [119.96478, 26.15568], [119.96477, 26.15568], [119.96477, 26.15568], [119.96475, 26.15569], [119.96473, 26.1557], [119.96472, 26.1557], [119.96469, 26.15572], [119.96468, 26.15573]]], [[[119.96487, 26.15579], [119.96487, 26.1558], [119.96488, 26.1558], [119.96489, 26.15579], [119.96492, 26.15579], [119.96492, 26.15576], [119.96491, 26.15576], [119.96491, 26.15576], [119.96488, 26.15577], [119.96487, 26.15577], [119.96487, 26.15578], [119.96487, 26.15579], [119.96487, 26.15579]]], [[[119.96489, 26.15545], [119.9649, 26.15545], [119.9649, 26.15545], [119.9649, 26.15546], [119.96491, 26.15546], [119.96493, 26.15546], [119.96493, 26.15545], [119.96494, 26.15543], [119.96494, 26.15543], [119.96493, 26.15542], [119.9649, 26.15542], [119.96489, 26.15544], [119.96489, 26.15545], [119.96489, 26.15545]]], [[[119.9648, 26.15549], [119.9648, 26.15552], [119.9648, 26.15552], [119.9648, 26.15553], [119.96485, 26.15553], [119.96485, 26.15552], [119.96484, 26.15551], [119.96481, 26.15549], [119.96481, 26.15549], [119.9648, 26.15549]]], [[[119.96476, 26.15561], [119.96477, 26.15564], [119.96477, 26.15564], [119.96477, 26.15565], [119.96478, 26.15566], [119.96478, 26.15565], [119.9648, 26.15562], [119.96479, 26.15561], [119.96478, 26.1556], [119.96476, 26.1556], [119.96476, 26.15561], [119.96476, 26.15561]]], [[[119.96491, 26.15587], [119.96491, 26.15589], [119.96492, 26.1559], [119.96496, 26.1559], [119.96496, 26.15589], [119.96495, 26.15589], [119.96493, 26.15585], [119.96491, 26.15587], [119.96491, 26.15587], [119.96491, 26.15587]]], [[[119.96502, 26.15547], [119.96503, 26.15546], [119.96504, 26.15546], [119.96506, 26.15545], [119.96504, 26.15541], [119.96504, 26.15541], [119.96503, 26.15542], [119.96499, 26.15544], [119.96494, 26.15548], [119.96491, 26.15547], [119.96489, 26.15548], [119.96488, 26.15549], [119.96488, 26.1555], [119.96488, 26.15551], [119.96487, 26.15552], [119.96488, 26.15554], [119.96488, 26.15554], [119.96489, 26.15556], [119.9649, 26.15558], [119.96491, 26.15558], [119.96495, 26.15559], [119.96496, 26.15559], [119.96497, 26.15558], [119.965, 26.15555], [119.96502, 26.15551], [119.96502, 26.15551], [119.96501, 26.15548], [119.96502, 26.15547]]], [[[119.96491, 26.15561], [119.96491, 26.15562], [119.96491, 26.15564], [119.96491, 26.15565], [119.96493, 26.15567], [119.96495, 26.15568], [119.96496, 26.15568], [119.965, 26.15567], [119.965, 26.15566], [119.96499, 26.15565], [119.96496, 26.15563], [119.96493, 26.15561], [119.96492, 26.15561], [119.96491, 26.15561]]], [[[119.96114, 26.1488], [119.96114, 26.14881], [119.96114, 26.14882], [119.9612, 26.14889], [119.96121, 26.1489], [119.96126, 26.14892], [119.96129, 26.14892], [119.9614, 26.1489], [119.96142, 26.14889], [119.96144, 26.14888], [119.96142, 26.14885], [119.96139, 26.14881], [119.96139, 26.14881], [119.96136, 26.14877], [119.96131, 26.14875], [119.96129, 26.14874], [119.96126, 26.14873], [119.96121, 26.14873], [119.96117, 26.14877], [119.96114, 26.1488]]], [[[119.96112, 26.14916], [119.96115, 26.14917], [119.96117, 26.14917], [119.96119, 26.14917], [119.96125, 26.14919], [119.96129, 26.14919], [119.9613, 26.14918], [119.96128, 26.14916], [119.96126, 26.14915], [119.9612, 26.1491], [119.96117, 26.14908], [119.96115, 26.14908], [119.96112, 26.14912], [119.96111, 26.14915], [119.96111, 26.14915], [119.96112, 26.14916]]], [[[119.96055, 26.14913], [119.96055, 26.14914], [119.96059, 26.14916], [119.96062, 26.14917], [119.96062, 26.14917], [119.96071, 26.14922], [119.96079, 26.14929], [119.96086, 26.14926], [119.96087, 26.14923], [119.96087, 26.14923], [119.96079, 26.14916], [119.9608, 26.14911], [119.96083, 26.14913], [119.96086, 26.14913], [119.96085, 26.1491], [119.96081, 26.14907], [119.96074, 26.14904], [119.96072, 26.14903], [119.96069, 26.14902], [119.96063, 26.14906], [119.96058, 26.14909], [119.96055, 26.14913]]], [[[119.96115, 26.14949], [119.96125, 26.14953], [119.96132, 26.14958], [119.96133, 26.14958], [119.96134, 26.14958], [119.9614, 26.14956], [119.96142, 26.14955], [119.96143, 26.14953], [119.96137, 26.14946], [119.96137, 26.14945], [119.9614, 26.14945], [119.96147, 26.14943], [119.96154, 26.14943], [119.96156, 26.14938], [119.96149, 26.14934], [119.96147, 26.14933], [119.96137, 26.14935], [119.96127, 26.14937], [119.96117, 26.14935], [119.96107, 26.14935], [119.96107, 26.14935], [119.96102, 26.14936], [119.96099, 26.14937], [119.96098, 26.14937], [119.96097, 26.14939], [119.96097, 26.1494], [119.96099, 26.14941], [119.96099, 26.14941], [119.96099, 26.14942], [119.96105, 26.14946], [119.96107, 26.14947], [119.96108, 26.14947], [119.96111, 26.14948], [119.96113, 26.14948], [119.96115, 26.14949], [119.96115, 26.14949]]], [[[119.95128, 26.14486], [119.95129, 26.14487], [119.95133, 26.14487], [119.95134, 26.14487], [119.95139, 26.14489], [119.95141, 26.14489], [119.95144, 26.14489], [119.95147, 26.14486], [119.95148, 26.14485], [119.95148, 26.14484], [119.95151, 26.14477], [119.95152, 26.14477], [119.95159, 26.14474], [119.95162, 26.14472], [119.95166, 26.14471], [119.95168, 26.1447], [119.95171, 26.14469], [119.95174, 26.14467], [119.95174, 26.14466], [119.95174, 26.14461], [119.95172, 26.1446], [119.95168, 26.14462], [119.95165, 26.14465], [119.95165, 26.14465], [119.95157, 26.14463], [119.95148, 26.14462], [119.95142, 26.14464], [119.9514, 26.14466], [119.95138, 26.14466], [119.95133, 26.14467], [119.95132, 26.14467], [119.95131, 26.14468], [119.95128, 26.14469], [119.95127, 26.1447], [119.95126, 26.14472], [119.95125, 26.14476], [119.95125, 26.14478], [119.95125, 26.1448], [119.95125, 26.14481], [119.95128, 26.14485], [119.95128, 26.14486]]], [[[119.9512, 26.14501], [119.95119, 26.14502], [119.95119, 26.14503], [119.9512, 26.14504], [119.95121, 26.14505], [119.95126, 26.14508], [119.95128, 26.14507], [119.95129, 26.14507], [119.95135, 26.14504], [119.95136, 26.14503], [119.95138, 26.14499], [119.95135, 26.14496], [119.95131, 26.14494], [119.9513, 26.14494], [119.95126, 26.14496], [119.95125, 26.14497], [119.9512, 26.145], [119.9512, 26.14501]]], [[[119.93406, 26.1685], [119.93407, 26.16852], [119.93407, 26.16852], [119.9341, 26.16854], [119.93412, 26.16855], [119.93415, 26.16853], [119.93422, 26.16851], [119.93423, 26.16851], [119.93428, 26.1685], [119.9343, 26.1685], [119.93436, 26.1685], [119.93438, 26.1685], [119.93439, 26.16849], [119.93438, 26.16848], [119.93438, 26.16847], [119.93435, 26.16847], [119.9343, 26.16846], [119.93429, 26.16846], [119.93425, 26.16846], [119.93421, 26.16845], [119.9342, 26.16845], [119.93418, 26.16844], [119.93415, 26.16843], [119.93413, 26.16844], [119.9341, 26.16846], [119.93408, 26.16847], [119.93406, 26.16849], [119.93406, 26.1685]]], [[[119.93672, 26.16081], [119.93674, 26.16082], [119.93674, 26.16082], [119.93679, 26.16085], [119.93681, 26.16085], [119.93689, 26.16088], [119.9369, 26.16089], [119.93692, 26.16088], [119.93693, 26.16087], [119.93693, 26.16084], [119.93695, 26.16083], [119.93696, 26.16081], [119.93695, 26.16079], [119.93692, 26.16078], [119.93691, 26.16077], [119.9369, 26.16077], [119.93686, 26.16075], [119.93682, 26.16075], [119.93681, 26.16075], [119.93674, 26.16077], [119.93674, 26.16077], [119.93671, 26.16077], [119.9367, 26.16076], [119.93667, 26.16076], [119.93665, 26.16076], [119.93665, 26.16077], [119.93666, 26.16078], [119.93669, 26.1608], [119.93672, 26.16081]]], [[[119.92574, 26.17331], [119.92574, 26.17332], [119.92575, 26.17333], [119.92575, 26.17333], [119.92576, 26.17333], [119.92583, 26.17334], [119.92589, 26.17334], [119.92591, 26.17334], [119.92592, 26.17331], [119.9259, 26.17331], [119.92588, 26.1733], [119.92585, 26.17329], [119.92582, 26.17329], [119.9258, 26.17329], [119.92578, 26.17329], [119.92576, 26.17329], [119.92574, 26.17331], [119.92574, 26.17331], [119.92574, 26.17331]]], [[[119.92952, 26.13678], [119.92952, 26.13679], [119.92956, 26.13682], [119.92959, 26.13684], [119.92963, 26.13689], [119.92971, 26.13695], [119.92978, 26.13701], [119.92979, 26.13701], [119.92985, 26.13702], [119.92986, 26.13701], [119.92987, 26.13701], [119.9299, 26.137], [119.93, 26.13698], [119.93005, 26.13691], [119.93003, 26.13689], [119.93002, 26.13686], [119.93009, 26.13684], [119.9301, 26.13682], [119.9301, 26.1368], [119.93011, 26.13678], [119.93011, 26.13673], [119.93011, 26.13672], [119.93011, 26.13668], [119.93015, 26.13664], [119.93016, 26.13664], [119.93019, 26.13662], [119.93019, 26.13661], [119.93017, 26.13657], [119.93015, 26.13655], [119.93012, 26.13651], [119.93012, 26.13648], [119.93012, 26.13646], [119.93012, 26.13646], [119.93005, 26.13638], [119.92997, 26.13632], [119.92993, 26.1363], [119.92987, 26.13629], [119.92978, 26.13631], [119.92976, 26.13631], [119.92969, 26.13636], [119.92968, 26.13638], [119.92968, 26.13641], [119.92969, 26.13646], [119.9297, 26.13647], [119.92977, 26.13653], [119.92981, 26.13659], [119.92979, 26.1366], [119.92973, 26.13656], [119.92967, 26.13654], [119.92962, 26.13652], [119.92955, 26.1365], [119.92952, 26.13651], [119.9295, 26.13655], [119.92948, 26.13658], [119.92948, 26.1366], [119.92947, 26.13665], [119.92948, 26.13669], [119.92948, 26.13669], [119.92951, 26.13677], [119.92952, 26.13678]]], [[[119.97804, 26.16754], [119.97803, 26.16754], [119.97803, 26.16753], [119.97803, 26.16753], [119.97802, 26.16753], [119.97801, 26.16753], [119.978, 26.16754], [119.978, 26.16754], [119.978, 26.16755], [119.97803, 26.16755], [119.97803, 26.16755], [119.97804, 26.16754]]], [[[119.97666, 26.16672], [119.97665, 26.16672], [119.97665, 26.16672], [119.97665, 26.16672], [119.97665, 26.16673], [119.97666, 26.16674], [119.97669, 26.16673], [119.97667, 26.16672], [119.97666, 26.16672], [119.97666, 26.16672]]], [[[119.97831, 26.1634], [119.97828, 26.1634], [119.97828, 26.16341], [119.97826, 26.16341], [119.97826, 26.16341], [119.97825, 26.16342], [119.97827, 26.16345], [119.97827, 26.16345], [119.97829, 26.16347], [119.97832, 26.16348], [119.97833, 26.16348], [119.97834, 26.16348], [119.97834, 26.16345], [119.97833, 26.16345], [119.97833, 26.16345], [119.97832, 26.16344], [119.97831, 26.16341], [119.97831, 26.1634], [119.97831, 26.1634]]], [[[119.97753, 26.16196], [119.97752, 26.16196], [119.97752, 26.16196], [119.97751, 26.16196], [119.9775, 26.16197], [119.97748, 26.16198], [119.97746, 26.16199], [119.97746, 26.162], [119.97746, 26.16201], [119.97746, 26.16202], [119.97747, 26.16203], [119.97747, 26.16203], [119.97748, 26.16205], [119.97751, 26.16205], [119.97754, 26.16206], [119.97756, 26.16206], [119.97757, 26.16206], [119.97759, 26.16206], [119.97761, 26.16206], [119.97761, 26.16206], [119.97763, 26.16205], [119.97763, 26.16205], [119.97764, 26.16205], [119.97764, 26.16203], [119.97763, 26.16202], [119.97762, 26.16201], [119.9776, 26.162], [119.97758, 26.16198], [119.97753, 26.16196], [119.97753, 26.16196]]], [[[119.97791, 26.16162], [119.97792, 26.16163], [119.97792, 26.16163], [119.97795, 26.16164], [119.978, 26.16166], [119.978, 26.16167], [119.97802, 26.16169], [119.97803, 26.1617], [119.97808, 26.16168], [119.97805, 26.16164], [119.97802, 26.16162], [119.97801, 26.16161], [119.97796, 26.1616], [119.97795, 26.1616], [119.97793, 26.16161], [119.97791, 26.16162], [119.97791, 26.16162]]], [[[119.97799, 26.16178], [119.97795, 26.16179], [119.97795, 26.16179], [119.97795, 26.1618], [119.97795, 26.16181], [119.97797, 26.16182], [119.97798, 26.16182], [119.97799, 26.16183], [119.97803, 26.16183], [119.97807, 26.16183], [119.97808, 26.16183], [119.97808, 26.16182], [119.97807, 26.1618], [119.97806, 26.16179], [119.97804, 26.16179], [119.97802, 26.16179], [119.978, 26.16179], [119.97799, 26.16178], [119.97799, 26.16178]]], [[[119.97733, 26.16185], [119.97733, 26.16186], [119.97734, 26.16186], [119.97735, 26.16186], [119.97736, 26.16188], [119.97738, 26.16188], [119.97738, 26.16187], [119.97738, 26.16186], [119.97734, 26.16184], [119.97733, 26.16185]]], [[[119.97764, 26.16183], [119.97762, 26.16183], [119.97762, 26.16183], [119.97759, 26.16184], [119.97758, 26.16184], [119.97758, 26.16185], [119.97757, 26.16186], [119.97755, 26.16189], [119.97755, 26.16189], [119.97757, 26.1619], [119.9776, 26.16191], [119.97763, 26.1619], [119.97765, 26.16189], [119.97765, 26.16189], [119.97765, 26.16188], [119.97765, 26.16187], [119.97765, 26.16184], [119.97764, 26.16184], [119.97764, 26.16183]]], [[[119.97887, 26.16372], [119.97884, 26.16372], [119.97884, 26.16372], [119.97884, 26.16373], [119.97884, 26.16376], [119.97888, 26.1638], [119.97889, 26.16379], [119.9789, 26.16375], [119.9789, 26.16373], [119.97887, 26.16372]]], [[[119.96327, 26.16713], [119.96327, 26.16714], [119.96326, 26.16719], [119.96326, 26.16719], [119.96329, 26.16721], [119.96332, 26.1672], [119.96333, 26.16719], [119.96333, 26.16719], [119.96334, 26.16719], [119.96337, 26.16718], [119.96338, 26.16717], [119.96339, 26.16716], [119.96339, 26.16715], [119.96339, 26.16715], [119.96339, 26.16714], [119.96337, 26.16713], [119.96333, 26.16711], [119.96333, 26.16711], [119.96331, 26.1671], [119.9633, 26.16709], [119.96329, 26.16709], [119.96328, 26.16709], [119.96327, 26.16711], [119.96327, 26.16713]]], [[[120.50449, 26.36152], [120.50447, 26.36149], [120.50447, 26.36148], [120.50441, 26.36142], [120.50433, 26.36137], [120.50432, 26.36137], [120.50429, 26.36137], [120.50426, 26.36138], [120.50425, 26.3614], [120.50424, 26.36143], [120.50426, 26.36148], [120.50428, 26.36151], [120.50428, 26.36152], [120.50428, 26.36153], [120.50428, 26.36156], [120.50427, 26.36161], [120.50429, 26.3617], [120.50431, 26.36179], [120.50432, 26.36188], [120.50434, 26.36198], [120.50436, 26.36204], [120.50437, 26.36206], [120.50439, 26.36207], [120.5044, 26.36207], [120.50442, 26.36206], [120.50443, 26.36203], [120.50444, 26.36199], [120.50445, 26.3619], [120.50447, 26.36181], [120.50448, 26.36172], [120.50449, 26.36162], [120.50449, 26.36152], [120.50449, 26.36152]]], [[[120.50305, 26.36056], [120.5031, 26.36055], [120.5031, 26.36055], [120.50317, 26.36052], [120.50327, 26.36046], [120.50333, 26.36041], [120.50334, 26.36038], [120.50334, 26.36038], [120.50331, 26.36036], [120.50324, 26.36037], [120.50314, 26.3604], [120.50304, 26.36045], [120.50303, 26.36046], [120.50301, 26.36048], [120.503, 26.3605], [120.50298, 26.36052], [120.50298, 26.36053], [120.50297, 26.36055], [120.50298, 26.36056], [120.503, 26.36056], [120.50302, 26.36056], [120.50303, 26.36056], [120.50305, 26.36056]]], [[[120.50039, 26.35677], [120.50043, 26.35678], [120.50046, 26.35677], [120.50049, 26.35676], [120.50051, 26.35678], [120.50054, 26.35677], [120.50055, 26.35675], [120.50056, 26.35674], [120.50062, 26.35669], [120.50062, 26.35666], [120.50059, 26.35661], [120.50057, 26.35659], [120.50055, 26.35659], [120.50044, 26.35659], [120.50043, 26.3566], [120.50041, 26.35664], [120.5004, 26.35668], [120.50038, 26.35676], [120.50039, 26.35677], [120.50039, 26.35677]]], [[[120.50087, 26.35778], [120.50093, 26.35784], [120.50093, 26.35784], [120.50102, 26.35782], [120.50107, 26.35779], [120.50109, 26.35777], [120.50108, 26.35775], [120.50104, 26.35766], [120.50104, 26.35765], [120.50105, 26.35763], [120.50107, 26.35761], [120.50108, 26.35759], [120.50104, 26.35756], [120.50096, 26.35751], [120.50088, 26.35749], [120.50086, 26.3575], [120.50085, 26.3575], [120.50085, 26.3575], [120.50083, 26.35752], [120.50082, 26.35754], [120.50082, 26.35758], [120.50083, 26.35763], [120.50084, 26.35768], [120.50087, 26.35778]]], [[[120.49962, 26.35555], [120.49973, 26.35555], [120.49974, 26.35555], [120.49978, 26.35555], [120.49984, 26.35556], [120.49995, 26.35555], [120.49999, 26.35551], [120.5, 26.35547], [120.49999, 26.35538], [120.49999, 26.35537], [120.49999, 26.35533], [120.49995, 26.35529], [120.49986, 26.35523], [120.4998, 26.35521], [120.49978, 26.3552], [120.49978, 26.35517], [120.49972, 26.3551], [120.49971, 26.35509], [120.49967, 26.35501], [120.49963, 26.35496], [120.49962, 26.35493], [120.49959, 26.35484], [120.49957, 26.35482], [120.4995, 26.35479], [120.49942, 26.35477], [120.4994, 26.35477], [120.49935, 26.35482], [120.49936, 26.35486], [120.49937, 26.3549], [120.49934, 26.35491], [120.49931, 26.35491], [120.49932, 26.35494], [120.49933, 26.35499], [120.49931, 26.355], [120.49931, 26.35503], [120.49934, 26.35512], [120.49938, 26.35522], [120.49942, 26.35531], [120.49949, 26.35539], [120.49955, 26.35547], [120.49958, 26.35553], [120.4996, 26.35555], [120.49962, 26.35555], [120.49962, 26.35555]]], [[[120.48904, 26.35235], [120.48902, 26.35233], [120.48894, 26.35225], [120.48885, 26.35219], [120.48882, 26.35217], [120.4888, 26.35214], [120.48878, 26.35212], [120.48868, 26.35208], [120.4886, 26.35207], [120.48859, 26.35206], [120.48858, 26.35204], [120.48857, 26.35203], [120.48849, 26.352], [120.48838, 26.35197], [120.4883, 26.35196], [120.48828, 26.35198], [120.48829, 26.35202], [120.48829, 26.35204], [120.48828, 26.35206], [120.48828, 26.35211], [120.48833, 26.3522], [120.48835, 26.35221], [120.48836, 26.3522], [120.48836, 26.35219], [120.4884, 26.35215], [120.48841, 26.35216], [120.48846, 26.35221], [120.48846, 26.35221], [120.48846, 26.35223], [120.48846, 26.35226], [120.48847, 26.35229], [120.48843, 26.3523], [120.48842, 26.35231], [120.48843, 26.35233], [120.48844, 26.35236], [120.48844, 26.35237], [120.48846, 26.35239], [120.48847, 26.35239], [120.48847, 26.35242], [120.48849, 26.35243], [120.48853, 26.35242], [120.48854, 26.35242], [120.48855, 26.35243], [120.48856, 26.35252], [120.4886, 26.35261], [120.48866, 26.35268], [120.48868, 26.35269], [120.48874, 26.35268], [120.48876, 26.3527], [120.48876, 26.35272], [120.48878, 26.35273], [120.4888, 26.35275], [120.48885, 26.35276], [120.48891, 26.35276], [120.48894, 26.35279], [120.48894, 26.3528], [120.48895, 26.3528], [120.48899, 26.35281], [120.48901, 26.35287], [120.48903, 26.3529], [120.48906, 26.35293], [120.48909, 26.35293], [120.4891, 26.35292], [120.48918, 26.35287], [120.48918, 26.35287], [120.48917, 26.35283], [120.48917, 26.35281], [120.48918, 26.35278], [120.48919, 26.35278], [120.4892, 26.35269], [120.4892, 26.35266], [120.48919, 26.35262], [120.48917, 26.35259], [120.48914, 26.3525], [120.48914, 26.3525], [120.4891, 26.35241], [120.48904, 26.35235]]], [[[120.48923, 26.3527], [120.48924, 26.35273], [120.48927, 26.3528], [120.48927, 26.35282], [120.48926, 26.35282], [120.48925, 26.35284], [120.48927, 26.35291], [120.48931, 26.353], [120.48932, 26.35302], [120.48933, 26.35307], [120.48933, 26.3531], [120.48934, 26.35319], [120.48936, 26.35325], [120.48937, 26.35327], [120.48939, 26.35328], [120.4894, 26.35329], [120.48942, 26.35332], [120.48941, 26.35337], [120.4894, 26.35342], [120.48942, 26.35347], [120.48943, 26.35347], [120.48943, 26.35347], [120.48948, 26.35338], [120.4895, 26.35334], [120.48952, 26.35329], [120.48954, 26.35321], [120.48954, 26.35317], [120.48952, 26.35311], [120.48948, 26.35306], [120.48948, 26.35304], [120.48948, 26.35303], [120.48949, 26.35299], [120.48949, 26.35293], [120.48948, 26.3529], [120.48944, 26.35289], [120.48944, 26.35288], [120.48943, 26.35285], [120.48943, 26.35285], [120.48938, 26.35281], [120.48937, 26.35278], [120.48936, 26.35267], [120.48936, 26.35266], [120.48935, 26.35261], [120.48932, 26.35259], [120.48932, 26.35259], [120.48929, 26.35258], [120.48927, 26.35258], [120.48924, 26.35258], [120.48922, 26.35259], [120.48922, 26.35261], [120.48922, 26.35264], [120.48923, 26.35267], [120.48923, 26.3527], [120.48923, 26.3527]]], [[[120.49171, 26.3538], [120.4917, 26.35377], [120.4917, 26.35377], [120.49173, 26.35372], [120.49174, 26.35369], [120.49174, 26.35368], [120.4917, 26.35363], [120.49169, 26.3536], [120.49169, 26.35359], [120.4917, 26.35355], [120.49168, 26.35352], [120.49165, 26.35352], [120.49164, 26.35351], [120.49159, 26.35344], [120.49159, 26.35343], [120.49157, 26.35339], [120.49153, 26.35337], [120.49151, 26.35337], [120.49141, 26.35339], [120.4913, 26.35341], [120.49122, 26.35348], [120.49115, 26.35355], [120.49114, 26.35357], [120.49112, 26.3536], [120.49111, 26.35363], [120.49113, 26.35373], [120.49112, 26.35379], [120.4911, 26.35381], [120.49108, 26.35381], [120.49107, 26.35381], [120.49103, 26.35383], [120.49101, 26.35386], [120.491, 26.35388], [120.49099, 26.35389], [120.49098, 26.35384], [120.49099, 26.35375], [120.49099, 26.35372], [120.49096, 26.35368], [120.49093, 26.35367], [120.49093, 26.35368], [120.4909, 26.35369], [120.49087, 26.35373], [120.49086, 26.35375], [120.49086, 26.35381], [120.49086, 26.35384], [120.49086, 26.35393], [120.4909, 26.35402], [120.49095, 26.35411], [120.49102, 26.35417], [120.49105, 26.35419], [120.49108, 26.3542], [120.49112, 26.35422], [120.49113, 26.35423], [120.49116, 26.35432], [120.49118, 26.35436], [120.49121, 26.35437], [120.49124, 26.35438], [120.49126, 26.35438], [120.49133, 26.35432], [120.4914, 26.35424], [120.49146, 26.35415], [120.49152, 26.35406], [120.49157, 26.35397], [120.49164, 26.35388], [120.4917, 26.35381], [120.49171, 26.3538]]], [[[120.48761, 26.35142], [120.48765, 26.3514], [120.48765, 26.3514], [120.48768, 26.35143], [120.48771, 26.35141], [120.48773, 26.3514], [120.48773, 26.35136], [120.48775, 26.35134], [120.48776, 26.35132], [120.48775, 26.3513], [120.48777, 26.35127], [120.48778, 26.35124], [120.48778, 26.35123], [120.48778, 26.35117], [120.48778, 26.35115], [120.48779, 26.35114], [120.48779, 26.35105], [120.48774, 26.35096], [120.4877, 26.35091], [120.48767, 26.3509], [120.48766, 26.3509], [120.48757, 26.35093], [120.48755, 26.35094], [120.48754, 26.35095], [120.48752, 26.35101], [120.4875, 26.35102], [120.4875, 26.35102], [120.48746, 26.35104], [120.48744, 26.35107], [120.48743, 26.35109], [120.48746, 26.35118], [120.48749, 26.35127], [120.48754, 26.35135], [120.48761, 26.35142], [120.48761, 26.35142]]], [[[120.48635, 26.38231], [120.48639, 26.38231], [120.48639, 26.3823], [120.4864, 26.3823], [120.48643, 26.38226], [120.48643, 26.38225], [120.48642, 26.38222], [120.4864, 26.38221], [120.48639, 26.3822], [120.48639, 26.38219], [120.48638, 26.38216], [120.48632, 26.38213], [120.4863, 26.38212], [120.48627, 26.3821], [120.48622, 26.38211], [120.48618, 26.38214], [120.48617, 26.38216], [120.48618, 26.38219], [120.48619, 26.3822], [120.48623, 26.38228], [120.48624, 26.38228], [120.48625, 26.38229], [120.48629, 26.38229], [120.48631, 26.3823], [120.48634, 26.38231], [120.48635, 26.38231]]], [[[120.48003, 26.38219], [120.48007, 26.38215], [120.48009, 26.38213], [120.4801, 26.38211], [120.48009, 26.38209], [120.48008, 26.38207], [120.48008, 26.38206], [120.48007, 26.38203], [120.48005, 26.38202], [120.48002, 26.38202], [120.48, 26.38203], [120.47999, 26.38203], [120.47997, 26.38205], [120.47997, 26.38205], [120.47996, 26.38207], [120.47996, 26.38209], [120.47997, 26.38211], [120.48, 26.38215], [120.48002, 26.38217], [120.48003, 26.38219], [120.48003, 26.38219]]], [[[120.47965, 26.38197], [120.47961, 26.38194], [120.4796, 26.38193], [120.47958, 26.38192], [120.47955, 26.38192], [120.47951, 26.38193], [120.4795, 26.38194], [120.47946, 26.38199], [120.47946, 26.38201], [120.47947, 26.38203], [120.47954, 26.38209], [120.47956, 26.38211], [120.47958, 26.38213], [120.47959, 26.38216], [120.47959, 26.38218], [120.47962, 26.38227], [120.47966, 26.38233], [120.47967, 26.38234], [120.47968, 26.38235], [120.47968, 26.38236], [120.47972, 26.38235], [120.47973, 26.38233], [120.47974, 26.38233], [120.47974, 26.38233], [120.47976, 26.38235], [120.47976, 26.38236], [120.47976, 26.38237], [120.47976, 26.38242], [120.47979, 26.38245], [120.47986, 26.38251], [120.47988, 26.3825], [120.4799, 26.38248], [120.4799, 26.38246], [120.47991, 26.38244], [120.47992, 26.38241], [120.47989, 26.38236], [120.47982, 26.38233], [120.47981, 26.38232], [120.47981, 26.38231], [120.47981, 26.38231], [120.47981, 26.3823], [120.47982, 26.38229], [120.47987, 26.38221], [120.47987, 26.3822], [120.47985, 26.38219], [120.47984, 26.38219], [120.47983, 26.38219], [120.47983, 26.38218], [120.47982, 26.38218], [120.47982, 26.38217], [120.47982, 26.38217], [120.47983, 26.38216], [120.47983, 26.38215], [120.47983, 26.38214], [120.47983, 26.38214], [120.47983, 26.38213], [120.47982, 26.38212], [120.4798, 26.3821], [120.47979, 26.38208], [120.47978, 26.38206], [120.47977, 26.38205], [120.47976, 26.38204], [120.47975, 26.38204], [120.47973, 26.38203], [120.47972, 26.38203], [120.47971, 26.38203], [120.47969, 26.38203], [120.47969, 26.38203], [120.47968, 26.38202], [120.47968, 26.38202], [120.47969, 26.38201], [120.47969, 26.38201], [120.47968, 26.382], [120.47965, 26.38197]]], [[[120.47964, 26.38178], [120.47963, 26.38177], [120.47956, 26.38173], [120.47954, 26.38173], [120.47953, 26.38174], [120.47949, 26.38179], [120.4795, 26.38181], [120.4795, 26.38181], [120.47957, 26.38183], [120.4796, 26.38185], [120.47962, 26.38187], [120.47964, 26.38188], [120.47966, 26.38188], [120.47969, 26.38188], [120.4797, 26.38187], [120.4797, 26.38187], [120.47974, 26.3819], [120.4798, 26.38188], [120.4798, 26.38188], [120.47975, 26.38184], [120.47972, 26.38183], [120.47964, 26.38178]]], [[[120.47966, 26.38167], [120.47967, 26.3817], [120.47972, 26.38178], [120.47975, 26.3818], [120.4798, 26.38184], [120.47985, 26.38192], [120.47985, 26.38193], [120.47987, 26.38195], [120.47991, 26.38196], [120.47995, 26.38196], [120.47998, 26.38196], [120.48002, 26.38195], [120.48003, 26.38194], [120.48003, 26.38193], [120.47998, 26.38188], [120.47997, 26.38187], [120.47995, 26.38186], [120.47992, 26.38184], [120.4799, 26.38182], [120.47989, 26.38181], [120.47986, 26.38178], [120.47983, 26.38176], [120.47982, 26.38175], [120.4798, 26.38173], [120.47976, 26.38168], [120.47972, 26.38165], [120.47969, 26.38163], [120.47968, 26.38163], [120.47966, 26.38164], [120.47966, 26.38167]]], [[[120.49163, 26.3547], [120.49166, 26.35467], [120.4917, 26.35463], [120.49175, 26.35454], [120.49176, 26.35451], [120.49178, 26.35445], [120.49186, 26.35438], [120.49194, 26.35434], [120.49195, 26.35434], [120.49202, 26.35433], [120.49206, 26.35432], [120.49206, 26.35432], [120.4921, 26.35423], [120.4921, 26.35423], [120.49209, 26.35421], [120.49206, 26.35419], [120.49201, 26.35418], [120.49193, 26.3542], [120.49191, 26.35421], [120.4919, 26.3542], [120.4918, 26.35419], [120.49179, 26.3542], [120.49179, 26.35421], [120.49177, 26.35424], [120.49172, 26.35426], [120.49167, 26.35431], [120.49164, 26.35432], [120.49163, 26.35432], [120.49158, 26.35433], [120.49154, 26.35436], [120.49154, 26.35437], [120.49148, 26.35445], [120.49144, 26.35452], [120.49143, 26.35454], [120.49142, 26.35456], [120.49144, 26.35462], [120.49144, 26.35463], [120.49146, 26.35465], [120.49149, 26.35466], [120.49152, 26.35469], [120.49156, 26.35471], [120.49158, 26.35471], [120.4916, 26.35468], [120.49162, 26.35469], [120.49163, 26.3547], [120.49163, 26.3547]]], [[[120.50302, 26.35999], [120.49914, 26.35531], [120.49845, 26.35768], [120.49422, 26.35576], [120.49412, 26.35765], [120.49212, 26.35821], [120.48992, 26.35417], [120.4872, 26.3574], [120.48942, 26.36164], [120.4877, 26.36347], [120.49067, 26.36212], [120.49181, 26.36363], [120.49087, 26.36731], [120.48669, 26.3692], [120.48338, 26.36659], [120.48251, 26.37741], [120.47505, 26.36951], [120.47535, 26.37586], [120.48027, 26.37811], [120.47995, 26.38182], [120.48249, 26.38191], [120.48357, 26.38026], [120.48572, 26.38237], [120.48522, 26.38059], [120.48787, 26.37911], [120.48904, 26.37581], [120.48718, 26.36967], [120.49125, 26.36818], [120.4935, 26.37024], [120.49752, 26.36916], [120.49989, 26.37616], [120.50565, 26.37644], [120.50431, 26.37116], [120.507, 26.3716], [120.50922, 26.36925], [120.51232, 26.37141], [120.51368, 26.36749], [120.51611, 26.36664], [120.51707, 26.36423], [120.51468, 26.3632], [120.51208, 26.36542], [120.50986, 26.364], [120.50744, 26.36716], [120.50622, 26.36286], [120.50302, 26.35999]]], [[[120.48036, 26.38168], [120.48041, 26.38174], [120.48046, 26.38181], [120.48047, 26.38182], [120.48047, 26.38185], [120.4805, 26.38188], [120.48051, 26.38189], [120.48054, 26.38188], [120.48055, 26.38186], [120.48055, 26.38186], [120.48055, 26.38183], [120.48053, 26.38177], [120.48047, 26.3817], [120.48039, 26.38165], [120.48038, 26.38165], [120.48036, 26.38167], [120.48036, 26.38168], [120.48036, 26.38168]]], [[[120.48777, 26.35157], [120.4878, 26.3516], [120.48787, 26.35166], [120.48787, 26.35167], [120.48787, 26.35168], [120.48786, 26.3517], [120.4879, 26.35176], [120.48799, 26.35182], [120.48805, 26.35185], [120.48808, 26.35186], [120.48808, 26.35186], [120.48812, 26.35185], [120.48814, 26.35188], [120.48817, 26.3519], [120.4882, 26.35191], [120.48822, 26.35193], [120.48824, 26.35195], [120.48826, 26.35195], [120.48827, 26.35195], [120.48829, 26.35193], [120.48834, 26.35189], [120.48835, 26.35187], [120.48834, 26.35183], [120.48836, 26.35179], [120.48841, 26.35173], [120.48841, 26.35171], [120.48836, 26.35162], [120.48831, 26.35156], [120.48828, 26.35155], [120.48826, 26.35153], [120.48819, 26.35151], [120.48816, 26.35152], [120.48811, 26.35156], [120.48809, 26.35157], [120.48808, 26.35155], [120.48809, 26.35153], [120.4881, 26.35147], [120.48812, 26.35144], [120.48812, 26.35144], [120.48812, 26.35135], [120.48809, 26.35135], [120.48809, 26.35135], [120.48805, 26.35134], [120.48801, 26.35135], [120.48798, 26.35135], [120.48793, 26.35135], [120.48789, 26.35133], [120.48789, 26.35133], [120.48783, 26.35134], [120.48781, 26.35136], [120.48779, 26.35138], [120.48776, 26.3514], [120.48775, 26.35142], [120.48777, 26.35146], [120.48777, 26.35147], [120.48777, 26.35148], [120.48776, 26.35151], [120.48776, 26.35153], [120.48777, 26.35157], [120.48777, 26.35157]]], [[[119.94594, 25.98087], [119.94594, 25.98087], [119.94594, 25.98087], [119.94594, 25.98087]]], [[[119.95005, 25.98134], [119.95005, 25.98136], [119.95007, 25.98136], [119.95009, 25.98135], [119.9502, 25.98137], [119.95026, 25.98141], [119.95033, 25.98139], [119.9503, 25.98135], [119.95028, 25.98134], [119.95025, 25.98133], [119.95023, 25.98131], [119.95023, 25.98127], [119.95023, 25.98118], [119.95023, 25.98117], [119.9502, 25.98109], [119.95019, 25.98109], [119.95018, 25.9811], [119.95012, 25.98116], [119.95008, 25.98124], [119.95006, 25.98127], [119.95005, 25.98131], [119.95005, 25.98134], [119.95005, 25.98134]]], [[[119.99751, 25.98135], [119.9975, 25.98137], [119.9975, 25.98138], [119.99752, 25.98139], [119.99754, 25.9814], [119.99755, 25.98141], [119.9976, 25.98142], [119.99763, 25.98142], [119.99762, 25.9814], [119.99762, 25.98139], [119.99761, 25.98138], [119.99762, 25.98136], [119.9976, 25.98133], [119.99759, 25.98133], [119.99759, 25.98133], [119.99757, 25.98133], [119.99754, 25.98135], [119.99751, 25.98135], [119.99751, 25.98135]]], [[[119.99793, 25.98038], [119.99789, 25.98038], [119.99781, 25.98039], [119.99773, 25.98041], [119.99768, 25.98043], [119.99766, 25.98044], [119.99767, 25.98046], [119.99768, 25.98046], [119.99772, 25.98051], [119.99779, 25.98056], [119.99782, 25.98057], [119.99783, 25.98058], [119.99783, 25.98059], [119.99783, 25.9806], [119.99785, 25.9806], [119.99786, 25.9806], [119.99786, 25.9806], [119.99793, 25.98055], [119.99798, 25.9805], [119.99803, 25.98043], [119.99805, 25.98038], [119.99805, 25.98037], [119.99803, 25.98036], [119.99802, 25.98036], [119.99793, 25.98038], [119.99793, 25.98038]]], [[[119.99782, 25.98068], [119.9978, 25.98069], [119.99779, 25.9807], [119.99777, 25.98072], [119.99775, 25.98073], [119.99774, 25.98073], [119.99772, 25.98074], [119.99768, 25.98077], [119.99767, 25.98078], [119.99759, 25.98081], [119.99757, 25.98084], [119.99756, 25.98085], [119.99755, 25.98085], [119.99753, 25.98085], [119.99752, 25.98085], [119.99743, 25.98086], [119.99742, 25.98086], [119.9974, 25.98087], [119.99737, 25.9809], [119.99736, 25.98091], [119.99735, 25.98093], [119.99736, 25.98096], [119.99736, 25.98098], [119.99738, 25.98102], [119.99738, 25.98105], [119.99743, 25.98112], [119.99748, 25.98118], [119.99754, 25.98124], [119.99759, 25.9813], [119.99764, 25.98137], [119.9977, 25.98143], [119.99776, 25.98146], [119.99778, 25.98146], [119.99779, 25.98146], [119.99783, 25.98145], [119.99785, 25.98144], [119.99786, 25.98144], [119.99794, 25.98146], [119.99795, 25.98146], [119.99798, 25.98145], [119.99802, 25.98149], [119.99803, 25.98151], [119.99805, 25.98152], [119.99808, 25.98153], [119.99809, 25.98154], [119.9981, 25.98154], [119.99817, 25.98156], [119.99826, 25.98156], [119.99834, 25.98156], [119.99842, 25.98153], [119.99849, 25.98152], [119.9985, 25.98153], [119.99852, 25.98154], [119.99852, 25.98155], [119.99854, 25.98156], [119.99858, 25.98156], [119.99866, 25.98157], [119.99869, 25.98157], [119.99871, 25.98156], [119.99874, 25.98153], [119.99876, 25.98146], [119.99876, 25.98146], [119.99871, 25.98142], [119.99871, 25.98141], [119.99867, 25.98134], [119.99865, 25.98133], [119.99865, 25.98133], [119.9986, 25.98131], [119.9986, 25.9813], [119.9986, 25.9813], [119.99857, 25.98123], [119.99852, 25.98118], [119.99851, 25.98117], [119.99851, 25.98116], [119.99847, 25.9811], [119.99843, 25.98109], [119.99841, 25.9811], [119.99839, 25.98108], [119.99839, 25.98108], [119.9984, 25.98106], [119.99837, 25.98102], [119.99836, 25.98101], [119.99836, 25.98101], [119.99836, 25.981], [119.99838, 25.98098], [119.99839, 25.98096], [119.99839, 25.98095], [119.99839, 25.98094], [119.99837, 25.98093], [119.99836, 25.98093], [119.99835, 25.98091], [119.99834, 25.98088], [119.99827, 25.98084], [119.99823, 25.98077], [119.99815, 25.98073], [119.99813, 25.98072], [119.9981, 25.98069], [119.99809, 25.98068], [119.99809, 25.98068], [119.99809, 25.98067], [119.99809, 25.98063], [119.9981, 25.98061], [119.99809, 25.9806], [119.99806, 25.98061], [119.99799, 25.98064], [119.99799, 25.98064], [119.99791, 25.98067], [119.99783, 25.98068], [119.99782, 25.98068]]], [[[119.99813, 25.9799], [119.99811, 25.9799], [119.99811, 25.97991], [119.99811, 25.97993], [119.99812, 25.97995], [119.99815, 25.97996], [119.99818, 25.97995], [119.9982, 25.97993], [119.9982, 25.97991], [119.99815, 25.9799], [119.99813, 25.9799], [119.99813, 25.9799]]], [[[119.99812, 25.97982], [119.99809, 25.97981], [119.99808, 25.97981], [119.99808, 25.97981], [119.99808, 25.97982], [119.99808, 25.97983], [119.9981, 25.97984], [119.99811, 25.97986], [119.99812, 25.97987], [119.99813, 25.97988], [119.99817, 25.97988], [119.99821, 25.97988], [119.99821, 25.97987], [119.99818, 25.97982], [119.99816, 25.97982], [119.99816, 25.97982], [119.99815, 25.97982], [119.99814, 25.97982], [119.99812, 25.97982]]], [[[119.99734, 25.98012], [119.99737, 25.98013], [119.99741, 25.98014], [119.99742, 25.98015], [119.99744, 25.98017], [119.99746, 25.98017], [119.9975, 25.98017], [119.99752, 25.98017], [119.99754, 25.98016], [119.99755, 25.98014], [119.99756, 25.98012], [119.99756, 25.98012], [119.99754, 25.98007], [119.99754, 25.98005], [119.99755, 25.98004], [119.99755, 25.98003], [119.99757, 25.97997], [119.99757, 25.97992], [119.99756, 25.9799], [119.99751, 25.97987], [119.99748, 25.97988], [119.99747, 25.97988], [119.99739, 25.97988], [119.99737, 25.97986], [119.99735, 25.97986], [119.99733, 25.97986], [119.99731, 25.97989], [119.99731, 25.97989], [119.99732, 25.97989], [119.99733, 25.9799], [119.99742, 25.97992], [119.99743, 25.97992], [119.99744, 25.97993], [119.99742, 25.97993], [119.99741, 25.97993], [119.99739, 25.97993], [119.99737, 25.97994], [119.9973, 25.97997], [119.99726, 25.97998], [119.99724, 25.97998], [119.99723, 25.97999], [119.99723, 25.98001], [119.99724, 25.98006], [119.99726, 25.98008], [119.99726, 25.98009], [119.99728, 25.9801], [119.99733, 25.98012], [119.99734, 25.98012]]], [[[119.99709, 25.97924], [119.99707, 25.97924], [119.99706, 25.97923], [119.99706, 25.97923], [119.99706, 25.97925], [119.99706, 25.97931], [119.99707, 25.97934], [119.99708, 25.97937], [119.99711, 25.97937], [119.99714, 25.97938], [119.99718, 25.97937], [119.9972, 25.97937], [119.99728, 25.97937], [119.99733, 25.97939], [119.99734, 25.97939], [119.99736, 25.97936], [119.99736, 25.97936], [119.99736, 25.97934], [119.99736, 25.97931], [119.99735, 25.9793], [119.99733, 25.9793], [119.99733, 25.9793], [119.99724, 25.97929], [119.99719, 25.9793], [119.99719, 25.9793], [119.99718, 25.97928], [119.99716, 25.97927], [119.99709, 25.97924], [119.99709, 25.97924]]], [[[119.99709, 25.97923], [119.9971, 25.97923], [119.99715, 25.97924], [119.99716, 25.97923], [119.99716, 25.97922], [119.99714, 25.97921], [119.99711, 25.9792], [119.99711, 25.97919], [119.9971, 25.97919], [119.9971, 25.97918], [119.99709, 25.97918], [119.99708, 25.97918], [119.99706, 25.97918], [119.99705, 25.97919], [119.99706, 25.97919], [119.99706, 25.97921], [119.99707, 25.97923], [119.99709, 25.97923]]], [[[119.99762, 25.98024], [119.99766, 25.98025], [119.99769, 25.98026], [119.99771, 25.98025], [119.99773, 25.98023], [119.99769, 25.98021], [119.99768, 25.9802], [119.99772, 25.98019], [119.99778, 25.98019], [119.99781, 25.98019], [119.99788, 25.98016], [119.99788, 25.98014], [119.99788, 25.98014], [119.99788, 25.98011], [119.99789, 25.9801], [119.99788, 25.98007], [119.99785, 25.98], [119.99784, 25.97995], [119.99783, 25.97994], [119.99781, 25.97995], [119.9978, 25.97995], [119.9978, 25.97994], [119.99781, 25.97993], [119.99781, 25.97991], [119.99781, 25.97987], [119.99779, 25.97981], [119.99777, 25.97981], [119.99775, 25.97982], [119.99774, 25.97983], [119.99769, 25.97989], [119.99763, 25.97995], [119.99759, 25.98002], [119.99756, 25.98009], [119.99758, 25.98017], [119.99758, 25.9802], [119.9976, 25.98023], [119.99761, 25.98023], [119.99762, 25.98024]]], [[[119.99556, 25.9759], [119.99554, 25.97591], [119.99555, 25.97593], [119.99556, 25.97594], [119.99557, 25.97595], [119.99558, 25.97595], [119.99561, 25.97595], [119.99565, 25.97595], [119.99567, 25.97593], [119.99566, 25.97591], [119.99564, 25.9759], [119.99562, 25.97589], [119.9956, 25.9759], [119.99556, 25.9759]]], [[[119.99554, 25.9759], [119.99553, 25.97587], [119.99552, 25.97586], [119.99552, 25.97584], [119.99552, 25.97584], [119.99552, 25.97583], [119.99551, 25.9758], [119.9955, 25.97579], [119.99548, 25.97578], [119.99547, 25.97578], [119.99547, 25.97578], [119.99545, 25.9758], [119.99545, 25.97582], [119.99544, 25.97584], [119.99544, 25.97585], [119.99545, 25.97586], [119.99544, 25.97588], [119.99543, 25.97589], [119.99542, 25.97591], [119.99543, 25.97592], [119.99544, 25.97592], [119.99545, 25.97593], [119.99547, 25.97595], [119.9955, 25.97597], [119.99551, 25.97598], [119.99554, 25.97599], [119.99555, 25.97598], [119.99555, 25.97597], [119.99554, 25.97594], [119.99553, 25.97591], [119.99554, 25.9759]]], [[[119.99477, 25.96947], [119.99477, 25.96951], [119.99479, 25.96957], [119.99482, 25.96961], [119.99488, 25.96964], [119.99489, 25.96963], [119.99489, 25.96961], [119.99489, 25.96956], [119.99487, 25.96947], [119.99487, 25.96947], [119.99486, 25.96945], [119.99481, 25.96946], [119.99477, 25.96947], [119.99477, 25.96947]]], [[[119.99478, 25.96963], [119.99471, 25.96962], [119.99462, 25.96963], [119.99463, 25.96965], [119.99463, 25.96967], [119.99466, 25.96971], [119.99471, 25.96971], [119.99478, 25.9697], [119.99481, 25.96969], [119.9948, 25.96967], [119.9948, 25.96966], [119.99478, 25.96963]]], [[[119.99475, 25.96841], [119.99476, 25.96852], [119.99478, 25.96856], [119.99481, 25.96866], [119.99484, 25.96875], [119.99488, 25.96885], [119.99492, 25.96895], [119.99496, 25.96901], [119.99499, 25.96903], [119.99504, 25.96903], [119.99509, 25.96901], [119.9952, 25.96898], [119.99529, 25.96895], [119.99536, 25.9689], [119.99537, 25.96888], [119.99538, 25.96888], [119.99547, 25.96887], [119.99549, 25.96887], [119.99551, 25.96884], [119.99552, 25.96879], [119.99552, 25.9687], [119.99551, 25.96865], [119.9955, 25.9686], [119.99549, 25.9686], [119.99543, 25.96853], [119.99539, 25.96847], [119.99537, 25.96845], [119.99536, 25.96844], [119.99528, 25.96846], [119.99527, 25.96845], [119.99526, 25.9684], [119.99526, 25.9684], [119.99524, 25.96839], [119.99521, 25.96839], [119.99518, 25.9684], [119.99518, 25.96841], [119.99508, 25.96843], [119.99498, 25.96845], [119.99493, 25.96847], [119.99492, 25.96847], [119.99491, 25.96844], [119.9949, 25.96841], [119.9949, 25.9684], [119.99486, 25.96835], [119.99482, 25.96834], [119.99474, 25.9684], [119.99474, 25.9684], [119.99475, 25.96841]]], [[[119.9914, 25.96467], [119.99146, 25.96468], [119.99156, 25.96469], [119.99166, 25.96469], [119.99178, 25.96468], [119.9919, 25.96468], [119.99201, 25.96469], [119.99213, 25.96469], [119.99214, 25.96469], [119.99214, 25.96466], [119.99214, 25.9646], [119.99214, 25.96458], [119.9921, 25.96453], [119.99208, 25.96452], [119.99198, 25.96449], [119.99186, 25.96448], [119.99178, 25.96448], [119.99175, 25.96448], [119.99165, 25.96452], [119.99155, 25.96454], [119.99145, 25.96458], [119.99141, 25.96463], [119.99139, 25.96465], [119.9914, 25.96466], [119.9914, 25.96467]]], [[[119.9914, 25.96401], [119.99143, 25.96397], [119.99142, 25.96396], [119.99139, 25.96393], [119.99132, 25.9639], [119.99129, 25.96389], [119.99121, 25.96383], [119.9912, 25.96383], [119.99117, 25.9638], [119.99113, 25.96379], [119.99111, 25.96379], [119.99104, 25.96378], [119.99102, 25.96378], [119.99099, 25.96379], [119.99097, 25.96379], [119.99097, 25.96381], [119.99097, 25.96382], [119.991, 25.96384], [119.99103, 25.96385], [119.99112, 25.96388], [119.99122, 25.96392], [119.99131, 25.96397], [119.99133, 25.96398], [119.99136, 25.96399], [119.9914, 25.96401]]], [[[119.99033, 25.96302], [119.99033, 25.96299], [119.9903, 25.96294], [119.99027, 25.9629], [119.99024, 25.9629], [119.99022, 25.96292], [119.99024, 25.96296], [119.99024, 25.96297], [119.99027, 25.96301], [119.99029, 25.96302], [119.99032, 25.96303], [119.99033, 25.96302], [119.99033, 25.96302]]], [[[119.99005, 25.96314], [119.99015, 25.96316], [119.99016, 25.96316], [119.99022, 25.96316], [119.99023, 25.96317], [119.99025, 25.9632], [119.9903, 25.96326], [119.99032, 25.96327], [119.99032, 25.96327], [119.99037, 25.96325], [119.99038, 25.96322], [119.99039, 25.9632], [119.99038, 25.96318], [119.99033, 25.96314], [119.99031, 25.96314], [119.99029, 25.96313], [119.99026, 25.96309], [119.99024, 25.96307], [119.99021, 25.96303], [119.99018, 25.96299], [119.99016, 25.96299], [119.99015, 25.96299], [119.99012, 25.96301], [119.99008, 25.96305], [119.99005, 25.9631], [119.99004, 25.96311], [119.99005, 25.96313], [119.99005, 25.96314]]], [[[119.99002, 25.96308], [119.99008, 25.96302], [119.99009, 25.96301], [119.9901, 25.96298], [119.99009, 25.96291], [119.99003, 25.96283], [119.98998, 25.9628], [119.98995, 25.96278], [119.98989, 25.96274], [119.98987, 25.96272], [119.98976, 25.96273], [119.98966, 25.96274], [119.98959, 25.96276], [119.98956, 25.96278], [119.98955, 25.96279], [119.98957, 25.96285], [119.98958, 25.96287], [119.98963, 25.96293], [119.98965, 25.96295], [119.98969, 25.96298], [119.98974, 25.96301], [119.98976, 25.96302], [119.98982, 25.96306], [119.98992, 25.9631], [119.98996, 25.9631], [119.98996, 25.9631], [119.98996, 25.9631], [119.99002, 25.96308]]], [[[119.99089, 25.96359], [119.99094, 25.96357], [119.99093, 25.96355], [119.99093, 25.96353], [119.99094, 25.96353], [119.99097, 25.96355], [119.99106, 25.9636], [119.99116, 25.96365], [119.99127, 25.96368], [119.99137, 25.9637], [119.99147, 25.9637], [119.99152, 25.96368], [119.99154, 25.96365], [119.99154, 25.96363], [119.99154, 25.96363], [119.99145, 25.96361], [119.99144, 25.96361], [119.99141, 25.9636], [119.9914, 25.96357], [119.99139, 25.96354], [119.99137, 25.96354], [119.99134, 25.96354], [119.99129, 25.96352], [119.99128, 25.96352], [119.99118, 25.9635], [119.99118, 25.96349], [119.99117, 25.96348], [119.99113, 25.96347], [119.99108, 25.96347], [119.99099, 25.96347], [119.99097, 25.96347], [119.99096, 25.96347], [119.99082, 25.96342], [119.99082, 25.9634], [119.99085, 25.96341], [119.99088, 25.96341], [119.99099, 25.9634], [119.99109, 25.96337], [119.99119, 25.96335], [119.99129, 25.96331], [119.99128, 25.9633], [119.99127, 25.96328], [119.99123, 25.96323], [119.99121, 25.96322], [119.99118, 25.9632], [119.99112, 25.96319], [119.99102, 25.96318], [119.99092, 25.9632], [119.99088, 25.96321], [119.99083, 25.96319], [119.99082, 25.96318], [119.99071, 25.96316], [119.99064, 25.96317], [119.99061, 25.96319], [119.99061, 25.9632], [119.99063, 25.96324], [119.99064, 25.96328], [119.99064, 25.96329], [119.99061, 25.96329], [119.99051, 25.96326], [119.99048, 25.96325], [119.99045, 25.96328], [119.99043, 25.96331], [119.99045, 25.96333], [119.99052, 25.9634], [119.9906, 25.96346], [119.99067, 25.96353], [119.99078, 25.96356], [119.99089, 25.96359], [119.99089, 25.96359]]], [[[119.98115, 25.97484], [119.98115, 25.97484], [119.98114, 25.97484], [119.98115, 25.97485], [119.98115, 25.97487], [119.98116, 25.97488], [119.98116, 25.97491], [119.98121, 25.97501], [119.98123, 25.97505], [119.98126, 25.97505], [119.98126, 25.97505], [119.98128, 25.97504], [119.98133, 25.97507], [119.98142, 25.97515], [119.98144, 25.97515], [119.98146, 25.97514], [119.98147, 25.97514], [119.98153, 25.97519], [119.98155, 25.97519], [119.98157, 25.97518], [119.9816, 25.97517], [119.9816, 25.97517], [119.98161, 25.97515], [119.98158, 25.97512], [119.98155, 25.97507], [119.98154, 25.97505], [119.98154, 25.97505], [119.98152, 25.97503], [119.98151, 25.97501], [119.98149, 25.97497], [119.98146, 25.97493], [119.98146, 25.97493], [119.98144, 25.97491], [119.98139, 25.97488], [119.98128, 25.97481], [119.98122, 25.97478], [119.9812, 25.97478], [119.9812, 25.97479], [119.98115, 25.97484]]], [[[119.98136, 25.97476], [119.98135, 25.97479], [119.98135, 25.9748], [119.98135, 25.97482], [119.9814, 25.97485], [119.98144, 25.97487], [119.98151, 25.97495], [119.98161, 25.97502], [119.98168, 25.97504], [119.98168, 25.97504], [119.9817, 25.97503], [119.98172, 25.97498], [119.98173, 25.97497], [119.98174, 25.97492], [119.98174, 25.97492], [119.98175, 25.97491], [119.98178, 25.97491], [119.98178, 25.97494], [119.98177, 25.97499], [119.98177, 25.97504], [119.9818, 25.97511], [119.9818, 25.97511], [119.98185, 25.97511], [119.98187, 25.97511], [119.98187, 25.97511], [119.9819, 25.97512], [119.98191, 25.97512], [119.98191, 25.97512], [119.98191, 25.9751], [119.98193, 25.97509], [119.98193, 25.97508], [119.98194, 25.97507], [119.98194, 25.97502], [119.98192, 25.97493], [119.9819, 25.97485], [119.98189, 25.97484], [119.98184, 25.97485], [119.98182, 25.97485], [119.9818, 25.97484], [119.98179, 25.97484], [119.98178, 25.97483], [119.98176, 25.97483], [119.98175, 25.97483], [119.98174, 25.97484], [119.98173, 25.97485], [119.98172, 25.97485], [119.98171, 25.97484], [119.98167, 25.97479], [119.98159, 25.97474], [119.98154, 25.97473], [119.98149, 25.97472], [119.98144, 25.97471], [119.98142, 25.9747], [119.98142, 25.9747], [119.9814, 25.97471], [119.98137, 25.97474], [119.98136, 25.97476]]], [[[119.97119, 25.97431], [119.97119, 25.97433], [119.97122, 25.97434], [119.97125, 25.97432], [119.97126, 25.97431], [119.97126, 25.9743], [119.97126, 25.9743], [119.97125, 25.97426], [119.97125, 25.97425], [119.97126, 25.97424], [119.97128, 25.97423], [119.97128, 25.97422], [119.97128, 25.97421], [119.97126, 25.97419], [119.97124, 25.9742], [119.9712, 25.97422], [119.97118, 25.97422], [119.97117, 25.97425], [119.97118, 25.97426], [119.97119, 25.97428], [119.97119, 25.97429], [119.97119, 25.9743], [119.97119, 25.97431], [119.97119, 25.97431]]], [[[119.97129, 25.97463], [119.97125, 25.97464], [119.97121, 25.97465], [119.97119, 25.97465], [119.97116, 25.97465], [119.97111, 25.97465], [119.97108, 25.97467], [119.97107, 25.97474], [119.97106, 25.97482], [119.97106, 25.97484], [119.97108, 25.97486], [119.9711, 25.97488], [119.97112, 25.97487], [119.97113, 25.97486], [119.97114, 25.97479], [119.97115, 25.97478], [119.97117, 25.97477], [119.9712, 25.97478], [119.97122, 25.97479], [119.97124, 25.97479], [119.97131, 25.9748], [119.97138, 25.97484], [119.97146, 25.97487], [119.97148, 25.97486], [119.97148, 25.97485], [119.97149, 25.97482], [119.9715, 25.9748], [119.97151, 25.97473], [119.97144, 25.97468], [119.97141, 25.97467], [119.97139, 25.97468], [119.97136, 25.97467], [119.97135, 25.97467], [119.97133, 25.97467], [119.97132, 25.97465], [119.97129, 25.97463], [119.97129, 25.97463]]], [[[119.97136, 25.97393], [119.9714, 25.97391], [119.97141, 25.9739], [119.97141, 25.9739], [119.97141, 25.97389], [119.97143, 25.97388], [119.97147, 25.97386], [119.97155, 25.97383], [119.9716, 25.97381], [119.97162, 25.9738], [119.97162, 25.9738], [119.97162, 25.97378], [119.97161, 25.97376], [119.97159, 25.97374], [119.97159, 25.97373], [119.97154, 25.97373], [119.97153, 25.97372], [119.97153, 25.97368], [119.97153, 25.97368], [119.97151, 25.97366], [119.97149, 25.97364], [119.97145, 25.97366], [119.97145, 25.97366], [119.97137, 25.97369], [119.97131, 25.97371], [119.9713, 25.97373], [119.97129, 25.9738], [119.9713, 25.97388], [119.97132, 25.97391], [119.97133, 25.97392], [119.97134, 25.97393], [119.97136, 25.97393], [119.97136, 25.97393]]], [[[119.97156, 25.9735], [119.97153, 25.9735], [119.97153, 25.97351], [119.97154, 25.97355], [119.97154, 25.97355], [119.97156, 25.97358], [119.97157, 25.97358], [119.97159, 25.97358], [119.97162, 25.97357], [119.97162, 25.97357], [119.97164, 25.97355], [119.97165, 25.9735], [119.97164, 25.97349], [119.97162, 25.97349], [119.97158, 25.9735], [119.97156, 25.9735], [119.97156, 25.9735]]], [[[119.97178, 25.97394], [119.97176, 25.97394], [119.97175, 25.97394], [119.97175, 25.97395], [119.97176, 25.97397], [119.97177, 25.97398], [119.97183, 25.97402], [119.97185, 25.97403], [119.97186, 25.97402], [119.97186, 25.974], [119.97184, 25.97399], [119.97182, 25.97396], [119.9718, 25.97395], [119.97178, 25.97394], [119.97178, 25.97394]]], [[[119.97175, 25.97384], [119.97172, 25.97384], [119.97171, 25.97384], [119.97169, 25.97386], [119.97171, 25.9739], [119.97172, 25.97391], [119.97174, 25.97392], [119.97175, 25.97392], [119.97179, 25.97392], [119.97179, 25.97391], [119.97179, 25.97391], [119.97178, 25.97388], [119.97176, 25.97386], [119.97175, 25.97385], [119.97175, 25.97384]]], [[[119.97004, 25.97126], [119.97009, 25.97123], [119.97012, 25.97121], [119.97014, 25.97117], [119.97014, 25.97115], [119.97014, 25.97114], [119.97008, 25.97108], [119.97, 25.97105], [119.96993, 25.97101], [119.96985, 25.97099], [119.96976, 25.97097], [119.96967, 25.97098], [119.9696, 25.97101], [119.96956, 25.97103], [119.96956, 25.97105], [119.96958, 25.97107], [119.96961, 25.97108], [119.96969, 25.97109], [119.9697, 25.97109], [119.96972, 25.97111], [119.96975, 25.97114], [119.96978, 25.97115], [119.96983, 25.97115], [119.96984, 25.97115], [119.96986, 25.97118], [119.96987, 25.9712], [119.96989, 25.97122], [119.96996, 25.97124], [119.97004, 25.97126], [119.97004, 25.97126]]], [[[119.97036, 25.97287], [119.97032, 25.97286], [119.97031, 25.97287], [119.97031, 25.97287], [119.97029, 25.97288], [119.97025, 25.97292], [119.97025, 25.97293], [119.97022, 25.973], [119.9702, 25.97306], [119.9702, 25.97307], [119.97023, 25.97314], [119.97023, 25.97314], [119.97029, 25.97315], [119.97031, 25.97313], [119.97031, 25.97312], [119.97034, 25.97313], [119.97036, 25.97315], [119.97039, 25.97315], [119.97047, 25.97313], [119.97053, 25.97308], [119.97059, 25.97303], [119.9706, 25.97302], [119.97059, 25.97296], [119.97057, 25.97295], [119.97051, 25.97294], [119.97043, 25.97291], [119.97036, 25.97287], [119.97036, 25.97287]]], [[[119.97246, 25.97018], [119.96945, 25.97005], [119.97133, 25.97367], [119.97263, 25.97292], [119.97246, 25.97018]]], [[[119.97159, 25.97391], [119.9715, 25.97395], [119.97143, 25.97398], [119.97137, 25.97404], [119.97135, 25.97411], [119.97135, 25.97412], [119.97135, 25.97415], [119.97135, 25.97419], [119.97134, 25.97421], [119.97133, 25.97423], [119.97131, 25.97424], [119.9713, 25.97425], [119.9713, 25.97426], [119.97133, 25.97431], [119.97134, 25.97432], [119.97138, 25.97439], [119.97138, 25.97441], [119.97135, 25.97446], [119.97134, 25.9745], [119.97135, 25.97451], [119.97137, 25.97452], [119.97139, 25.97452], [119.97139, 25.97452], [119.97141, 25.97447], [119.97143, 25.97446], [119.97145, 25.97447], [119.97147, 25.97448], [119.97152, 25.9745], [119.97154, 25.97452], [119.97158, 25.97453], [119.97162, 25.97452], [119.97165, 25.97451], [119.9717, 25.9745], [119.97173, 25.97448], [119.97174, 25.97447], [119.97174, 25.97445], [119.97172, 25.97442], [119.97171, 25.97442], [119.97168, 25.97435], [119.97165, 25.9743], [119.97165, 25.97429], [119.97166, 25.97428], [119.97168, 25.97429], [119.97169, 25.9743], [119.97171, 25.97434], [119.97176, 25.97441], [119.97176, 25.97443], [119.9718, 25.97448], [119.9718, 25.97448], [119.97182, 25.97449], [119.97184, 25.97448], [119.97183, 25.97445], [119.97183, 25.97444], [119.97188, 25.97445], [119.97192, 25.97447], [119.97194, 25.97447], [119.97195, 25.97447], [119.97194, 25.97441], [119.97191, 25.97433], [119.97189, 25.9743], [119.97186, 25.97426], [119.97182, 25.9742], [119.97177, 25.97414], [119.97173, 25.97409], [119.97172, 25.97406], [119.97173, 25.97406], [119.97179, 25.97411], [119.97185, 25.97418], [119.97191, 25.97423], [119.97199, 25.97428], [119.97201, 25.97427], [119.97199, 25.97422], [119.97194, 25.97416], [119.97188, 25.9741], [119.97181, 25.97404], [119.97176, 25.97397], [119.97171, 25.97391], [119.97169, 25.97389], [119.97168, 25.97387], [119.97166, 25.97387], [119.97159, 25.97391]]], [[[119.98209, 25.97377], [119.98209, 25.97378], [119.98209, 25.97378], [119.9821, 25.97381], [119.9821, 25.97381], [119.98213, 25.97386], [119.98214, 25.97386], [119.98215, 25.97387], [119.98217, 25.97392], [119.98218, 25.97397], [119.98219, 25.97398], [119.98221, 25.97398], [119.98223, 25.97396], [119.98223, 25.97396], [119.98225, 25.97389], [119.98224, 25.97384], [119.98223, 25.97381], [119.98221, 25.97381], [119.9822, 25.9738], [119.98219, 25.97379], [119.98218, 25.97378], [119.98218, 25.97377], [119.98217, 25.97376], [119.98215, 25.97376], [119.98214, 25.97376], [119.98214, 25.97377], [119.98213, 25.97377], [119.98212, 25.97377], [119.98212, 25.97377], [119.98212, 25.97377], [119.98209, 25.97377]]], [[[119.98344, 25.9582], [119.98345, 25.95821], [119.98352, 25.95822], [119.9836, 25.95821], [119.98364, 25.9582], [119.98374, 25.95818], [119.98385, 25.95814], [119.98386, 25.95813], [119.9839, 25.9581], [119.98387, 25.95804], [119.98384, 25.95801], [119.98382, 25.95798], [119.9838, 25.95797], [119.9837, 25.95797], [119.98359, 25.958], [119.9835, 25.95804], [119.98342, 25.95811], [119.98339, 25.95816], [119.98342, 25.95819], [119.98344, 25.9582]]], [[[119.98443, 25.95547], [119.98443, 25.95547], [119.98444, 25.95547], [119.98452, 25.95542], [119.98458, 25.95536], [119.9846, 25.95534], [119.98462, 25.95532], [119.98465, 25.95526], [119.98465, 25.95524], [119.98464, 25.95516], [119.9846, 25.95507], [119.98454, 25.95499], [119.9845, 25.9549], [119.98444, 25.95481], [119.98438, 25.95473], [119.98431, 25.95469], [119.98427, 25.95468], [119.98419, 25.9547], [119.98416, 25.95471], [119.98411, 25.95469], [119.98409, 25.95465], [119.98409, 25.95465], [119.98409, 25.95455], [119.98403, 25.95447], [119.98401, 25.95445], [119.98393, 25.95445], [119.98383, 25.95444], [119.98373, 25.95442], [119.98372, 25.95443], [119.98369, 25.95444], [119.98368, 25.95449], [119.98368, 25.95451], [119.98369, 25.95454], [119.98369, 25.95457], [119.98367, 25.9546], [119.98367, 25.9546], [119.98367, 25.95469], [119.98367, 25.95469], [119.98368, 25.95469], [119.98373, 25.95477], [119.98377, 25.95486], [119.98381, 25.95496], [119.98386, 25.95505], [119.98391, 25.95514], [119.98395, 25.95523], [119.98399, 25.95532], [119.984, 25.95535], [119.98402, 25.95535], [119.98403, 25.95537], [119.98408, 25.95536], [119.98409, 25.95534], [119.98409, 25.95529], [119.98407, 25.95525], [119.98404, 25.95521], [119.98405, 25.95519], [119.98406, 25.95519], [119.98416, 25.95521], [119.98423, 25.95529], [119.98427, 25.95538], [119.98429, 25.95544], [119.98433, 25.95546], [119.98433, 25.95546], [119.98443, 25.95547], [119.98443, 25.95547]]], [[[119.98392, 25.95704], [119.98394, 25.95712], [119.98397, 25.95721], [119.98401, 25.95729], [119.98404, 25.95731], [119.98411, 25.95733], [119.98421, 25.95731], [119.98424, 25.95727], [119.98425, 25.95724], [119.98424, 25.95722], [119.9842, 25.9572], [119.98414, 25.95721], [119.98413, 25.95719], [119.98413, 25.95719], [119.98418, 25.95711], [119.98421, 25.95705], [119.98421, 25.95702], [119.98421, 25.95701], [119.98417, 25.95698], [119.98413, 25.95695], [119.98408, 25.95696], [119.98402, 25.95697], [119.98399, 25.95697], [119.98394, 25.95701], [119.98392, 25.95702], [119.98392, 25.95704]]], [[[119.97065, 25.94846], [119.97069, 25.94854], [119.97069, 25.94854], [119.97072, 25.94859], [119.97077, 25.94864], [119.97079, 25.94866], [119.9708, 25.94866], [119.97089, 25.94865], [119.97089, 25.94864], [119.97089, 25.94862], [119.97086, 25.94856], [119.97081, 25.94847], [119.97079, 25.94845], [119.97078, 25.94842], [119.97072, 25.94841], [119.97072, 25.94841], [119.97072, 25.94841], [119.9707, 25.94841], [119.97065, 25.94842], [119.97065, 25.94845], [119.97065, 25.94846]]], [[[119.96958, 25.94547], [119.96959, 25.94548], [119.96967, 25.94551], [119.96973, 25.94554], [119.96977, 25.94554], [119.96985, 25.94554], [119.96988, 25.94553], [119.96989, 25.94552], [119.96992, 25.9455], [119.96998, 25.9455], [119.97007, 25.9455], [119.97007, 25.94545], [119.97004, 25.94537], [119.97003, 25.94537], [119.96992, 25.94537], [119.96982, 25.94537], [119.96972, 25.94536], [119.96962, 25.94538], [119.96954, 25.94545], [119.96955, 25.94547], [119.96958, 25.94547]]], [[[119.9679, 25.94487], [119.97004, 25.9452], [119.97009, 25.94238], [119.96677, 25.9396], [119.9679, 25.94487]]], [[[119.98217, 25.97266], [119.97997, 25.96835], [119.9844, 25.96774], [119.9863, 25.96568], [119.98968, 25.96953], [119.99458, 25.96957], [119.99303, 25.96764], [119.99387, 25.96609], [119.98938, 25.96285], [119.98932, 25.96024], [119.98341, 25.9583], [119.9842, 25.9557], [119.98006, 25.95385], [119.9801, 25.95206], [119.97832, 25.95231], [119.97672, 25.95527], [119.9698, 25.94718], [119.96593, 25.94854], [119.97064, 25.95468], [119.96965, 25.95742], [119.97492, 25.95906], [119.97987, 25.97324], [119.98096, 25.97428], [119.98217, 25.97266]]], [[[119.95354, 25.98025], [119.95354, 25.98027], [119.95354, 25.98027], [119.95354, 25.98027], [119.95361, 25.98031], [119.95365, 25.98027], [119.95364, 25.98027], [119.95361, 25.98025], [119.95359, 25.98024], [119.95357, 25.98024], [119.95354, 25.98025], [119.95354, 25.98025], [119.95354, 25.98025]]], [[[119.95345, 25.98], [119.95345, 25.98], [119.95346, 25.98001], [119.95348, 25.98004], [119.95348, 25.98004], [119.95351, 25.98006], [119.95351, 25.98006], [119.95355, 25.98009], [119.9536, 25.98012], [119.95361, 25.98012], [119.95362, 25.9801], [119.95362, 25.98009], [119.95362, 25.98008], [119.95361, 25.98006], [119.9536, 25.98005], [119.9536, 25.98004], [119.95359, 25.98003], [119.95358, 25.98002], [119.95356, 25.98001], [119.95354, 25.98], [119.9535, 25.97999], [119.95347, 25.97999], [119.95347, 25.97999], [119.95345, 25.97999], [119.95345, 25.98], [119.95345, 25.98]]], [[[119.95346, 25.97985], [119.95347, 25.97987], [119.95353, 25.97991], [119.95361, 25.97995], [119.95371, 25.98], [119.9538, 25.98006], [119.95389, 25.98008], [119.95389, 25.98008], [119.95389, 25.98008], [119.95391, 25.98007], [119.95391, 25.98007], [119.95385, 25.97999], [119.95376, 25.97994], [119.95367, 25.97989], [119.95357, 25.97985], [119.95351, 25.97983], [119.9535, 25.97983], [119.95348, 25.97983], [119.95346, 25.97984], [119.95346, 25.97985]]], [[[119.95165, 25.9807], [119.95168, 25.98073], [119.95168, 25.98073], [119.9517, 25.98076], [119.95171, 25.9808], [119.95173, 25.98086], [119.95175, 25.9809], [119.95182, 25.98097], [119.95185, 25.98097], [119.95187, 25.98096], [119.95189, 25.98094], [119.95192, 25.98095], [119.95201, 25.981], [119.9521, 25.98106], [119.95218, 25.98113], [119.95219, 25.98112], [119.95219, 25.98112], [119.95219, 25.98109], [119.95214, 25.98105], [119.95207, 25.98097], [119.95206, 25.98097], [119.952, 25.98089], [119.95196, 25.98087], [119.95192, 25.98085], [119.9519, 25.98084], [119.95182, 25.98078], [119.95179, 25.98076], [119.95175, 25.98072], [119.95168, 25.98068], [119.95165, 25.98067], [119.95163, 25.98068], [119.95165, 25.9807], [119.95165, 25.9807]]], [[[119.95157, 25.98093], [119.95158, 25.98096], [119.9516, 25.98098], [119.9516, 25.98098], [119.95161, 25.981], [119.95161, 25.98103], [119.95165, 25.98107], [119.95167, 25.98107], [119.95172, 25.98108], [119.95174, 25.98108], [119.95175, 25.98106], [119.95175, 25.98103], [119.95168, 25.98097], [119.95161, 25.98094], [119.95158, 25.98092], [119.95157, 25.98093], [119.95157, 25.98093]]], [[[119.9502, 25.981], [119.95022, 25.98103], [119.95024, 25.98104], [119.95026, 25.98105], [119.9503, 25.98104], [119.9503, 25.98101], [119.95029, 25.98096], [119.95029, 25.98096], [119.95024, 25.98095], [119.95021, 25.98097], [119.9502, 25.98098], [119.9502, 25.981], [119.9502, 25.981]]], [[[119.95158, 25.9806], [119.95158, 25.9806], [119.95157, 25.9806], [119.95155, 25.98059], [119.95145, 25.98058], [119.9514, 25.9806], [119.95137, 25.98063], [119.95139, 25.98066], [119.95141, 25.98067], [119.95151, 25.98071], [119.95159, 25.98072], [119.95161, 25.98072], [119.95161, 25.9807], [119.95161, 25.9807], [119.9516, 25.98067], [119.95159, 25.98065], [119.95158, 25.98061], [119.95158, 25.9806]]], [[[119.95242, 25.97633], [119.95243, 25.97635], [119.95245, 25.97636], [119.95246, 25.97636], [119.95251, 25.97635], [119.95253, 25.97633], [119.95254, 25.97633], [119.95255, 25.97632], [119.9526, 25.97629], [119.95262, 25.97627], [119.95261, 25.97621], [119.9526, 25.97619], [119.95258, 25.97618], [119.95257, 25.97618], [119.95248, 25.97622], [119.95248, 25.97622], [119.95245, 25.97625], [119.95243, 25.97628], [119.95242, 25.97632], [119.95242, 25.97633]]], [[[119.9522, 25.9758], [119.95221, 25.97581], [119.95224, 25.9758], [119.95225, 25.97579], [119.95227, 25.97578], [119.95234, 25.97579], [119.95239, 25.9758], [119.95245, 25.9758], [119.95252, 25.97578], [119.95254, 25.97576], [119.95253, 25.97575], [119.95252, 25.97573], [119.95248, 25.97569], [119.95245, 25.97568], [119.95243, 25.97568], [119.95243, 25.97567], [119.95239, 25.97559], [119.95238, 25.97552], [119.95238, 25.97549], [119.95238, 25.97549], [119.95238, 25.9754], [119.95236, 25.97538], [119.95234, 25.97539], [119.95232, 25.97541], [119.9523, 25.97544], [119.95228, 25.97553], [119.95225, 25.97562], [119.95225, 25.97563], [119.9522, 25.97571], [119.9522, 25.97576], [119.9522, 25.97578], [119.9522, 25.9758], [119.9522, 25.9758]]], [[[119.95219, 25.97589], [119.95219, 25.9759], [119.9522, 25.97591], [119.9522, 25.97591], [119.95223, 25.97595], [119.95224, 25.97596], [119.95226, 25.97598], [119.95228, 25.976], [119.95233, 25.976], [119.95235, 25.97601], [119.95235, 25.97602], [119.95235, 25.97602], [119.95233, 25.97604], [119.95231, 25.97605], [119.95229, 25.97607], [119.95229, 25.97609], [119.95233, 25.97611], [119.95243, 25.9761], [119.95246, 25.97609], [119.9525, 25.97607], [119.95251, 25.97604], [119.95251, 25.97604], [119.9525, 25.97602], [119.95249, 25.97598], [119.95248, 25.97596], [119.95248, 25.97595], [119.95239, 25.9759], [119.95235, 25.97589], [119.9523, 25.97587], [119.95223, 25.97587], [119.95221, 25.97587], [119.9522, 25.97588], [119.95219, 25.97589], [119.95219, 25.97589]]], [[[119.94594, 25.98087], [119.94595, 25.98089], [119.94603, 25.98096], [119.94613, 25.981], [119.94623, 25.98103], [119.94624, 25.98101], [119.94624, 25.98099], [119.94624, 25.98098], [119.94622, 25.98094], [119.9462, 25.98091], [119.94619, 25.98089], [119.94613, 25.98083], [119.94604, 25.98078], [119.94595, 25.98075], [119.94594, 25.98076], [119.94594, 25.98077], [119.94594, 25.98078], [119.94594, 25.98087]]], [[[119.94904, 25.98119], [119.94902, 25.98127], [119.94902, 25.98129], [119.94901, 25.98129], [119.94896, 25.98137], [119.94892, 25.98146], [119.9489, 25.98152], [119.94889, 25.98155], [119.9489, 25.98155], [119.94894, 25.98156], [119.949, 25.98155], [119.94902, 25.98154], [119.94905, 25.98152], [119.94909, 25.9815], [119.94909, 25.98149], [119.9491, 25.98148], [119.94917, 25.98142], [119.94919, 25.98141], [119.94921, 25.98139], [119.94919, 25.98133], [119.94915, 25.98127], [119.94912, 25.98125], [119.94907, 25.9812], [119.94905, 25.98118], [119.94904, 25.98119], [119.94904, 25.98119]]], [[[119.94987, 25.98165], [119.94986, 25.98169], [119.94986, 25.98169], [119.94991, 25.98174], [119.95, 25.98178], [119.95001, 25.98178], [119.95004, 25.98179], [119.95011, 25.98176], [119.95015, 25.98172], [119.95019, 25.9817], [119.95029, 25.98167], [119.95031, 25.98167], [119.95036, 25.98161], [119.95038, 25.98155], [119.95034, 25.98153], [119.95033, 25.98152], [119.9503, 25.98151], [119.95023, 25.98149], [119.95012, 25.98149], [119.95002, 25.98151], [119.94994, 25.98157], [119.94988, 25.98165], [119.94987, 25.98165]]], [[[119.92463, 25.97327], [119.92771, 25.97705], [119.92749, 25.97492], [119.92463, 25.97327]]], [[[119.98193, 25.97489], [119.98194, 25.97492], [119.98195, 25.97499], [119.98196, 25.97503], [119.98196, 25.97505], [119.98197, 25.97506], [119.98199, 25.97507], [119.982, 25.97507], [119.98201, 25.97506], [119.98203, 25.97505], [119.98204, 25.97506], [119.98207, 25.97506], [119.9821, 25.97506], [119.98209, 25.97505], [119.98208, 25.97504], [119.98207, 25.97502], [119.98202, 25.97495], [119.98198, 25.97488], [119.98198, 25.97487], [119.98196, 25.97488], [119.98194, 25.97488], [119.98193, 25.97489]]], [[[119.97233, 25.97403], [119.97234, 25.97401], [119.97234, 25.97399], [119.97232, 25.97396], [119.97231, 25.97395], [119.97227, 25.97393], [119.97226, 25.9739], [119.97223, 25.97383], [119.97218, 25.97376], [119.97213, 25.97369], [119.9721, 25.97365], [119.97206, 25.97365], [119.97199, 25.97369], [119.97198, 25.97369], [119.97193, 25.97374], [119.97192, 25.97375], [119.97194, 25.97379], [119.97195, 25.97381], [119.97201, 25.97386], [119.97202, 25.97386], [119.97204, 25.97387], [119.97206, 25.97389], [119.97208, 25.97391], [119.97212, 25.97397], [119.97218, 25.97404], [119.97218, 25.97404], [119.97219, 25.97405], [119.97221, 25.97407], [119.97223, 25.97407], [119.97226, 25.97408], [119.97228, 25.97407], [119.9723, 25.97406], [119.97231, 25.97405], [119.97233, 25.97403]]], [[[119.97286, 25.97303], [119.97289, 25.973], [119.97289, 25.97299], [119.97288, 25.97297], [119.97287, 25.9729], [119.97286, 25.97288], [119.97283, 25.97286], [119.97281, 25.97287], [119.97279, 25.97288], [119.97279, 25.97288], [119.97274, 25.97283], [119.97273, 25.97283], [119.97266, 25.9728], [119.97265, 25.97281], [119.97265, 25.97282], [119.97265, 25.97283], [119.97265, 25.97285], [119.97267, 25.97289], [119.97268, 25.97289], [119.97269, 25.97289], [119.97269, 25.97289], [119.97273, 25.97291], [119.97274, 25.97292], [119.97275, 25.97293], [119.97275, 25.97294], [119.97278, 25.97301], [119.97279, 25.97303], [119.97282, 25.97304], [119.97283, 25.97304], [119.97285, 25.97304], [119.97286, 25.97303], [119.97286, 25.97303]]], [[[119.9718, 25.97361], [119.9718, 25.97361], [119.97179, 25.9736], [119.97179, 25.97359], [119.9718, 25.97358], [119.9718, 25.97356], [119.97179, 25.97354], [119.97176, 25.97351], [119.97174, 25.97351], [119.97171, 25.97353], [119.97167, 25.97355], [119.97168, 25.97357], [119.97172, 25.9736], [119.97173, 25.97362], [119.97174, 25.97363], [119.97176, 25.97364], [119.97178, 25.97364], [119.97179, 25.97364], [119.9718, 25.97363], [119.9718, 25.97361]]], [[[119.97126, 25.9739], [119.97124, 25.97388], [119.97119, 25.97388], [119.97118, 25.97388], [119.97116, 25.97389], [119.97114, 25.9739], [119.97114, 25.97393], [119.97114, 25.97395], [119.97113, 25.97401], [119.97114, 25.97403], [119.97116, 25.97403], [119.97118, 25.97403], [119.97121, 25.97401], [119.97121, 25.97398], [119.97121, 25.97398], [119.97121, 25.97397], [119.97126, 25.97394], [119.97127, 25.97393], [119.97127, 25.97392], [119.97126, 25.9739]]], [[[119.97077, 25.97307], [119.97073, 25.97302], [119.97071, 25.97301], [119.97069, 25.97301], [119.97067, 25.973], [119.97064, 25.97301], [119.97063, 25.97303], [119.97059, 25.97309], [119.97057, 25.97315], [119.97057, 25.97317], [119.97058, 25.97325], [119.97058, 25.97331], [119.97058, 25.97332], [119.97059, 25.97333], [119.97062, 25.97333], [119.97065, 25.97331], [119.97066, 25.9733], [119.97066, 25.97324], [119.97066, 25.97322], [119.97066, 25.97322], [119.97067, 25.97321], [119.97073, 25.97319], [119.97076, 25.9732], [119.97078, 25.97319], [119.97079, 25.97318], [119.97079, 25.97314], [119.97077, 25.97307], [119.97077, 25.97307]]], [[[119.93211, 25.98022], [119.93209, 25.98023], [119.93208, 25.98026], [119.93208, 25.98027], [119.93208, 25.98029], [119.93208, 25.98029], [119.93212, 25.98035], [119.93216, 25.98038], [119.9322, 25.98039], [119.93225, 25.98039], [119.93229, 25.98038], [119.9323, 25.98034], [119.9323, 25.98034], [119.9323, 25.98025], [119.93229, 25.98024], [119.93225, 25.98021], [119.93221, 25.98019], [119.93221, 25.98019], [119.93215, 25.9802], [119.93211, 25.98022], [119.93211, 25.98022]]], [[[120.23442, 26.34569], [120.23447, 26.34575], [120.23454, 26.34577], [120.2346, 26.34579], [120.23467, 26.3458], [120.23462, 26.34586], [120.23445, 26.34578], [120.23444, 26.34579], [120.23449, 26.34587], [120.23459, 26.34592], [120.23461, 26.34591], [120.23475, 26.34583], [120.23486, 26.34576], [120.23485, 26.3457], [120.23475, 26.34564], [120.23466, 26.34563], [120.23445, 26.34563], [120.23442, 26.34569]]], [[[120.23492, 26.34566], [120.23505, 26.34568], [120.23515, 26.34559], [120.23519, 26.34548], [120.23483, 26.34538], [120.23482, 26.34535], [120.23501, 26.34538], [120.23502, 26.34539], [120.23509, 26.34541], [120.23512, 26.34541], [120.23525, 26.34541], [120.23523, 26.34538], [120.23514, 26.34536], [120.23506, 26.3453], [120.23467, 26.34506], [120.23451, 26.34504], [120.23435, 26.34505], [120.23422, 26.34514], [120.23424, 26.34519], [120.2343, 26.34526], [120.23441, 26.34528], [120.23444, 26.34525], [120.23453, 26.34531], [120.23454, 26.34533], [120.23446, 26.34537], [120.23446, 26.34544], [120.23457, 26.34556], [120.23467, 26.34561], [120.23477, 26.34563], [120.23483, 26.34563], [120.23484, 26.34559], [120.23492, 26.34566]]], [[[120.2325, 26.3412], [120.23256, 26.34121], [120.23262, 26.34122], [120.23267, 26.3412], [120.23268, 26.34114], [120.23264, 26.34109], [120.23257, 26.34108], [120.23252, 26.34114], [120.2325, 26.3412]]], [[[120.23074, 26.3397], [120.23077, 26.3397], [120.23079, 26.33966], [120.23089, 26.33957], [120.23088, 26.33952], [120.23086, 26.3395], [120.23084, 26.3395], [120.23077, 26.33953], [120.23078, 26.33957], [120.2307, 26.33966], [120.23074, 26.3397]]], [[[120.23109, 26.3405], [120.23124, 26.34052], [120.23128, 26.34051], [120.23134, 26.34041], [120.23132, 26.3404], [120.2311, 26.34049], [120.23109, 26.3405]]], [[[120.23024, 26.33895], [120.23028, 26.33896], [120.23035, 26.33895], [120.23036, 26.33886], [120.23031, 26.33882], [120.23032, 26.33877], [120.23027, 26.33872], [120.2302, 26.33869], [120.23016, 26.33873], [120.23016, 26.33877], [120.23021, 26.33891], [120.23024, 26.33895]]], [[[120.22969, 26.33801], [120.22981, 26.3379], [120.22983, 26.33783], [120.22981, 26.33778], [120.22978, 26.33777], [120.2297, 26.33776], [120.22954, 26.33783], [120.22952, 26.3379], [120.22958, 26.33803], [120.22962, 26.33804], [120.22965, 26.33801], [120.22969, 26.33801], [120.22969, 26.33801]]], [[[120.22866, 26.3375], [120.22871, 26.33748], [120.22878, 26.33741], [120.22884, 26.33742], [120.22886, 26.33738], [120.2288, 26.33736], [120.22872, 26.33735], [120.22867, 26.33736], [120.22863, 26.33747], [120.22866, 26.3375]]], [[[120.22855, 26.33752], [120.2286, 26.33749], [120.22862, 26.33747], [120.22865, 26.33732], [120.22875, 26.33711], [120.22875, 26.33706], [120.22873, 26.33705], [120.22867, 26.33706], [120.22863, 26.33709], [120.22857, 26.33715], [120.22854, 26.33722], [120.22853, 26.33748], [120.22855, 26.33752]]], [[[120.23307, 26.34214], [120.23312, 26.34212], [120.23323, 26.34207], [120.23325, 26.342], [120.23311, 26.34189], [120.23302, 26.3418], [120.23287, 26.34184], [120.23288, 26.3419], [120.23274, 26.34187], [120.23274, 26.34201], [120.23274, 26.34217], [120.23272, 26.34241], [120.23275, 26.34251], [120.23284, 26.34274], [120.23285, 26.34288], [120.23289, 26.34293], [120.23295, 26.343], [120.23299, 26.34301], [120.23303, 26.343], [120.23309, 26.34294], [120.23312, 26.34287], [120.23322, 26.34282], [120.23321, 26.3428], [120.23339, 26.34275], [120.23344, 26.34271], [120.23344, 26.34257], [120.23339, 26.34258], [120.23335, 26.34259], [120.23332, 26.34261], [120.23327, 26.34262], [120.23327, 26.34258], [120.23324, 26.34257], [120.23323, 26.34255], [120.23322, 26.34251], [120.23325, 26.34241], [120.23327, 26.34229], [120.23323, 26.34222], [120.2331, 26.34227], [120.23304, 26.34232], [120.23291, 26.34232], [120.23294, 26.34223], [120.23296, 26.34215], [120.23307, 26.34214]]], [[[120.22233, 26.33437], [120.22255, 26.33453], [120.22254, 26.33455], [120.22271, 26.33463], [120.22273, 26.33463], [120.22267, 26.33454], [120.22268, 26.33452], [120.22273, 26.33453], [120.22276, 26.33452], [120.22281, 26.33453], [120.22288, 26.3345], [120.2229, 26.33444], [120.22289, 26.3344], [120.22284, 26.33422], [120.22282, 26.33419], [120.22279, 26.33419], [120.22266, 26.33425], [120.22247, 26.33422], [120.22242, 26.33425], [120.22229, 26.33425], [120.22226, 26.33432], [120.22233, 26.33437]]], [[[120.22244, 26.33461], [120.22248, 26.33466], [120.22256, 26.33464], [120.22258, 26.33462], [120.22238, 26.33445], [120.22244, 26.33461]]], [[[120.22189, 26.3333], [120.22197, 26.33329], [120.22199, 26.33322], [120.22197, 26.33314], [120.22181, 26.33308], [120.22177, 26.33307], [120.22173, 26.33309], [120.22165, 26.33306], [120.2216, 26.33314], [120.22166, 26.33322], [120.22189, 26.3333]]], [[[120.21984, 26.334], [120.21986, 26.33403], [120.21991, 26.33406], [120.22003, 26.33407], [120.2202, 26.3341], [120.22029, 26.33405], [120.22033, 26.33402], [120.22034, 26.33393], [120.22024, 26.33387], [120.22022, 26.33384], [120.22035, 26.33377], [120.22033, 26.33366], [120.22027, 26.33358], [120.22013, 26.33344], [120.22002, 26.3334], [120.21993, 26.33342], [120.2197, 26.33325], [120.21965, 26.33323], [120.21963, 26.33324], [120.21958, 26.33333], [120.21954, 26.33352], [120.21958, 26.33362], [120.21962, 26.33362], [120.2196, 26.33349], [120.21961, 26.33347], [120.21964, 26.33347], [120.21964, 26.33351], [120.21967, 26.33358], [120.21982, 26.33379], [120.21989, 26.33385], [120.2199, 26.33389], [120.21984, 26.334]]], [[[120.22154, 26.33329], [120.22154, 26.3333], [120.22154, 26.33341], [120.22152, 26.33342], [120.22154, 26.33366], [120.22171, 26.33375], [120.22176, 26.33368], [120.22181, 26.33366], [120.22185, 26.33361], [120.22187, 26.3335], [120.22184, 26.33343], [120.22185, 26.33334], [120.22181, 26.33331], [120.22174, 26.3333], [120.22166, 26.33331], [120.22164, 26.33328], [120.22157, 26.33328], [120.22154, 26.33329]]], [[[120.21926, 26.3335], [120.21923, 26.3336], [120.21931, 26.33359], [120.21933, 26.33357], [120.21926, 26.3335]]], [[[120.21901, 26.33365], [120.21898, 26.33358], [120.21897, 26.33355], [120.21893, 26.33355], [120.21888, 26.33356], [120.21883, 26.33354], [120.21878, 26.33359], [120.21883, 26.33367], [120.21885, 26.33367], [120.21889, 26.33365], [120.21899, 26.33369], [120.21901, 26.33365]]], [[[120.21926, 26.33347], [120.21918, 26.33344], [120.21907, 26.33341], [120.21903, 26.33342], [120.21889, 26.33345], [120.21888, 26.33346], [120.21889, 26.33349], [120.21926, 26.33347]]], [[[120.21944, 26.33359], [120.21948, 26.33356], [120.21951, 26.33349], [120.2195, 26.33347], [120.2194, 26.33345], [120.21931, 26.33339], [120.21926, 26.33341], [120.21917, 26.33334], [120.21913, 26.33334], [120.21913, 26.33337], [120.2194, 26.33351], [120.21944, 26.33359]]], [[[120.23239, 26.34404], [120.23231, 26.34421], [120.23232, 26.34428], [120.23235, 26.34433], [120.23238, 26.34433], [120.2324, 26.34427], [120.23239, 26.34404]]], [[[120.23431, 26.34356], [120.22914, 26.33762], [120.22632, 26.3371], [120.2261, 26.33485], [120.22366, 26.3343], [120.22583, 26.34016], [120.22786, 26.33967], [120.22987, 26.34298], [120.23399, 26.34541], [120.23544, 26.34441], [120.23431, 26.34356]]], [[[120.00337, 26.28043], [120.00342, 26.28045], [120.00385, 26.28044], [120.00406, 26.28054], [120.0043, 26.28058], [120.00448, 26.28071], [120.00479, 26.28076], [120.00496, 26.28081], [120.00509, 26.28079], [120.00509, 26.28073], [120.00505, 26.2807], [120.0049, 26.28069], [120.00485, 26.28051], [120.00472, 26.2805], [120.00477, 26.2806], [120.00473, 26.28065], [120.00449, 26.2806], [120.0045, 26.28051], [120.00467, 26.28047], [120.00468, 26.28042], [120.00453, 26.28041], [120.00444, 26.28045], [120.0044, 26.28044], [120.00423, 26.28034], [120.00395, 26.28028], [120.00373, 26.28021], [120.00349, 26.28016], [120.00337, 26.28016], [120.00332, 26.28018], [120.00328, 26.28027], [120.00337, 26.28043]]], [[[120.00455, 26.279], [120.00466, 26.279], [120.00482, 26.27907], [120.00481, 26.27898], [120.00484, 26.27886], [120.00474, 26.27881], [120.00468, 26.27857], [120.00447, 26.27843], [120.00431, 26.27853], [120.00422, 26.27875], [120.00441, 26.27886], [120.00455, 26.279]]], [[[120.00432, 26.2792], [120.0041, 26.27927], [120.00414, 26.27946], [120.00423, 26.27955], [120.00421, 26.2797], [120.00443, 26.27991], [120.00464, 26.27999], [120.00509, 26.27995], [120.00512, 26.27977], [120.0048, 26.2794], [120.00454, 26.27925], [120.00442, 26.27919], [120.00432, 26.2792]]], [[[120.00472, 26.28142], [120.00472, 26.28157], [120.00481, 26.28164], [120.00493, 26.28169], [120.00497, 26.28174], [120.005, 26.28175], [120.00511, 26.28171], [120.00513, 26.28168], [120.00512, 26.28165], [120.00495, 26.28154], [120.00493, 26.28156], [120.00491, 26.28155], [120.00492, 26.28152], [120.00486, 26.28147], [120.00484, 26.28143], [120.00475, 26.28141], [120.00472, 26.28142]]], [[[120.00482, 26.28129], [120.00487, 26.28135], [120.00494, 26.28139], [120.00498, 26.28139], [120.005, 26.28136], [120.005, 26.28129], [120.00492, 26.2812], [120.00487, 26.28118], [120.00483, 26.28126], [120.00482, 26.28129]]], [[[120.00468, 26.28139], [120.00463, 26.28137], [120.00458, 26.28134], [120.00457, 26.28117], [120.00444, 26.28115], [120.00439, 26.28108], [120.00411, 26.28089], [120.00406, 26.28089], [120.00394, 26.28079], [120.0039, 26.2808], [120.00379, 26.28073], [120.00384, 26.28096], [120.0039, 26.28095], [120.00389, 26.28103], [120.004, 26.28112], [120.00417, 26.28124], [120.00426, 26.28128], [120.00446, 26.28144], [120.00453, 26.28152], [120.00462, 26.28149], [120.00468, 26.28139]]], [[[120.00364, 26.2809], [120.00356, 26.28092], [120.00356, 26.28108], [120.00353, 26.2811], [120.00357, 26.28124], [120.00379, 26.28153], [120.00393, 26.28161], [120.00416, 26.28155], [120.00428, 26.28159], [120.00439, 26.28158], [120.00436, 26.2815], [120.00427, 26.28138], [120.00399, 26.28124], [120.00383, 26.28103], [120.00381, 26.28107], [120.00366, 26.28099], [120.00366, 26.28093], [120.00364, 26.2809]]], [[[120.01399, 26.29693], [120.01404, 26.29686], [120.01402, 26.29685], [120.01404, 26.29674], [120.01405, 26.29667], [120.01378, 26.29656], [120.01374, 26.29657], [120.01368, 26.29656], [120.01366, 26.29663], [120.01364, 26.29669], [120.01367, 26.29675], [120.01372, 26.29679], [120.01376, 26.29686], [120.01383, 26.2969], [120.01392, 26.2969], [120.01399, 26.29693]]], [[[120.01419, 26.2972], [120.01419, 26.29711], [120.01405, 26.29704], [120.01401, 26.29701], [120.01378, 26.29698], [120.01378, 26.29699], [120.01389, 26.29711], [120.01397, 26.29714], [120.01398, 26.29712], [120.01402, 26.29713], [120.01403, 26.29715], [120.01407, 26.29718], [120.01419, 26.2972]]], [[[119.95395, 26.19444], [119.95413, 26.19446], [119.95429, 26.19446], [119.95439, 26.19445], [119.95455, 26.1944], [119.95463, 26.19439], [119.95472, 26.19436], [119.95474, 26.19434], [119.95474, 26.1943], [119.95473, 26.19429], [119.95465, 26.19426], [119.95468, 26.19422], [119.95465, 26.19414], [119.95466, 26.19411], [119.95461, 26.19406], [119.95461, 26.19404], [119.95466, 26.19395], [119.95467, 26.19391], [119.95455, 26.19375], [119.95445, 26.19363], [119.95419, 26.19343], [119.95404, 26.19324], [119.95398, 26.19305], [119.95397, 26.19301], [119.95391, 26.19296], [119.95379, 26.19289], [119.95377, 26.19283], [119.95369, 26.19282], [119.95366, 26.19281], [119.95364, 26.19277], [119.95362, 26.19276], [119.95357, 26.19277], [119.95354, 26.19279], [119.95349, 26.19279], [119.95348, 26.19278], [119.95347, 26.19273], [119.95346, 26.19272], [119.95343, 26.19271], [119.9534, 26.19272], [119.95338, 26.1927], [119.95338, 26.19268], [119.9533, 26.19267], [119.9532, 26.19268], [119.95317, 26.19262], [119.95316, 26.19262], [119.95313, 26.19264], [119.9531, 26.19269], [119.95306, 26.19271], [119.95303, 26.19271], [119.95302, 26.1927], [119.95297, 26.19264], [119.95292, 26.19264], [119.95289, 26.19265], [119.95284, 26.19271], [119.95278, 26.19282], [119.95274, 26.19283], [119.95258, 26.19282], [119.95254, 26.19283], [119.95252, 26.19285], [119.95253, 26.19289], [119.95252, 26.1929], [119.95252, 26.19295], [119.95251, 26.19302], [119.95253, 26.19312], [119.95253, 26.19324], [119.95253, 26.19327], [119.95251, 26.19331], [119.95258, 26.19349], [119.95258, 26.19354], [119.9526, 26.19361], [119.95264, 26.19366], [119.95266, 26.19376], [119.9527, 26.19382], [119.95274, 26.19388], [119.95274, 26.19397], [119.95275, 26.194], [119.95275, 26.19404], [119.95278, 26.19411], [119.95282, 26.19417], [119.95289, 26.19424], [119.95288, 26.19425], [119.95283, 26.19425], [119.95279, 26.19427], [119.95272, 26.19433], [119.95272, 26.19436], [119.95273, 26.19437], [119.9528, 26.19438], [119.95289, 26.19438], [119.95297, 26.19435], [119.95314, 26.19437], [119.95322, 26.19436], [119.9533, 26.19439], [119.95338, 26.19439], [119.95359, 26.19437], [119.95362, 26.19438], [119.95364, 26.1944], [119.95371, 26.19442], [119.95388, 26.19441], [119.95395, 26.19444]]], [[[119.98615, 26.18539], [119.98617, 26.18545], [119.98624, 26.18548], [119.98622, 26.1855], [119.98631, 26.18552], [119.98636, 26.18553], [119.98638, 26.18546], [119.9865, 26.18549], [119.98652, 26.18542], [119.98652, 26.18537], [119.98655, 26.18534], [119.98654, 26.18532], [119.98635, 26.18525], [119.98629, 26.18516], [119.98626, 26.18516], [119.98617, 26.18519], [119.98615, 26.18521], [119.98615, 26.18528], [119.98617, 26.18532], [119.98615, 26.18539]]], [[[119.98601, 26.18631], [119.98598, 26.18632], [119.98604, 26.1864], [119.98613, 26.18642], [119.98623, 26.18627], [119.98625, 26.1862], [119.98617, 26.18621], [119.98601, 26.18631]]], [[[119.9859, 26.18543], [119.98585, 26.18538], [119.98578, 26.18535], [119.98572, 26.18535], [119.98554, 26.1854], [119.9855, 26.18543], [119.98548, 26.18546], [119.98552, 26.18553], [119.98567, 26.18567], [119.98567, 26.18569], [119.98557, 26.18572], [119.98549, 26.18569], [119.98544, 26.18569], [119.98543, 26.18572], [119.98544, 26.18577], [119.9855, 26.18578], [119.98544, 26.18594], [119.98547, 26.18599], [119.98553, 26.1862], [119.98559, 26.18625], [119.98566, 26.18629], [119.98575, 26.18631], [119.98596, 26.18632], [119.986, 26.18629], [119.98616, 26.18618], [119.98619, 26.18611], [119.98622, 26.18603], [119.98628, 26.18599], [119.98633, 26.18585], [119.98632, 26.18577], [119.98627, 26.18571], [119.98622, 26.18559], [119.98621, 26.18557], [119.98618, 26.18556], [119.98617, 26.18553], [119.98599, 26.18548], [119.9859, 26.18543]]], [[[119.96968, 26.1429], [119.96964, 26.14289], [119.96961, 26.14288], [119.96963, 26.14292], [119.96966, 26.14294], [119.9697, 26.14294], [119.96972, 26.14292], [119.96968, 26.1429]]], [[[119.96987, 26.14332], [119.96985, 26.14333], [119.96985, 26.14338], [119.96989, 26.14338], [119.96989, 26.14335], [119.96987, 26.14332]]], [[[119.97052, 26.14328], [119.97052, 26.14331], [119.97059, 26.14331], [119.97058, 26.14329], [119.97053, 26.14327], [119.97052, 26.14328]]], [[[119.97041, 26.14334], [119.97038, 26.14337], [119.97038, 26.14341], [119.97037, 26.14343], [119.97043, 26.14343], [119.97044, 26.14348], [119.97047, 26.14344], [119.97053, 26.14344], [119.97053, 26.14341], [119.97051, 26.1434], [119.97052, 26.14337], [119.97045, 26.14335], [119.97041, 26.14334]]], [[[119.96974, 26.14314], [119.96969, 26.14312], [119.96962, 26.14312], [119.96962, 26.14313], [119.96966, 26.14314], [119.96974, 26.14314]]], [[[119.96994, 26.14291], [119.96988, 26.14294], [119.9699, 26.14297], [119.9699, 26.14301], [119.96993, 26.14302], [119.96994, 26.14303], [119.96986, 26.14307], [119.96986, 26.14311], [119.96985, 26.14314], [119.96981, 26.14313], [119.96982, 26.14317], [119.96985, 26.14318], [119.96989, 26.14324], [119.96997, 26.14322], [119.97, 26.14322], [119.97004, 26.14325], [119.9701, 26.14326], [119.97012, 26.14323], [119.97015, 26.14321], [119.97017, 26.14319], [119.97022, 26.14319], [119.97025, 26.1432], [119.9703, 26.14322], [119.9704, 26.14324], [119.97038, 26.14322], [119.97038, 26.14318], [119.97035, 26.14315], [119.97029, 26.1431], [119.97013, 26.14306], [119.97014, 26.14304], [119.97031, 26.14304], [119.9703, 26.14301], [119.97028, 26.143], [119.97027, 26.14294], [119.97023, 26.14292], [119.97021, 26.14289], [119.97017, 26.14288], [119.97013, 26.14284], [119.97008, 26.14285], [119.97002, 26.14286], [119.96998, 26.14285], [119.96999, 26.14289], [119.97002, 26.14292], [119.96994, 26.14291]]], [[[119.97774, 26.1146], [119.97774, 26.11466], [119.97775, 26.1147], [119.97779, 26.1147], [119.97785, 26.11464], [119.97785, 26.11462], [119.97779, 26.11458], [119.97774, 26.1146]]], [[[119.97776, 26.11487], [119.97765, 26.11498], [119.97766, 26.1151], [119.97763, 26.11518], [119.97759, 26.11516], [119.97758, 26.11518], [119.97761, 26.11524], [119.9776, 26.11528], [119.97764, 26.11532], [119.97773, 26.11533], [119.97778, 26.11539], [119.97779, 26.11538], [119.97776, 26.11531], [119.97779, 26.11531], [119.9779, 26.11524], [119.9779, 26.11522], [119.978, 26.11517], [119.97806, 26.11499], [119.97807, 26.11491], [119.97795, 26.11492], [119.97805, 26.11484], [119.97805, 26.11472], [119.97797, 26.11476], [119.97792, 26.11467], [119.97791, 26.11472], [119.97786, 26.11472], [119.97782, 26.11477], [119.97779, 26.11477], [119.97775, 26.11482], [119.97776, 26.11487]]], [[[119.97957, 26.11419], [119.97937, 26.11435], [119.97934, 26.11434], [119.97928, 26.1143], [119.9792, 26.11436], [119.97924, 26.1144], [119.97922, 26.11447], [119.97915, 26.11446], [119.97913, 26.11447], [119.97914, 26.11449], [119.9792, 26.11454], [119.97924, 26.11463], [119.9793, 26.11466], [119.9795, 26.1146], [119.97957, 26.11462], [119.9796, 26.11455], [119.97971, 26.11439], [119.97973, 26.1143], [119.97968, 26.11423], [119.97971, 26.11418], [119.97968, 26.1141], [119.97965, 26.1141], [119.97957, 26.11419]]], [[[119.97077, 26.09026], [119.97073, 26.09033], [119.97079, 26.0903], [119.97081, 26.09027], [119.97077, 26.09026]]], [[[119.97055, 26.09031], [119.97056, 26.09034], [119.9706, 26.09037], [119.97068, 26.09033], [119.97064, 26.0903], [119.9706, 26.09028], [119.97055, 26.09031]]], [[[119.97116, 26.09028], [119.97112, 26.09029], [119.97096, 26.09036], [119.9709, 26.09041], [119.97074, 26.09042], [119.9707, 26.09045], [119.97065, 26.09044], [119.97063, 26.09045], [119.97062, 26.09048], [119.97066, 26.09053], [119.9708, 26.09053], [119.97098, 26.09055], [119.97097, 26.09057], [119.97092, 26.09056], [119.97087, 26.09058], [119.97087, 26.09061], [119.97099, 26.09066], [119.97107, 26.09065], [119.9711, 26.09062], [119.97109, 26.09061], [119.97106, 26.0906], [119.97105, 26.09055], [119.97108, 26.09049], [119.97116, 26.0905], [119.97121, 26.09047], [119.97122, 26.09044], [119.97108, 26.09044], [119.97112, 26.09038], [119.9712, 26.09035], [119.97128, 26.09035], [119.9713, 26.09034], [119.97121, 26.09026], [119.97118, 26.09026], [119.97116, 26.09028]]], [[[119.97066, 26.08983], [119.97062, 26.08986], [119.97063, 26.08989], [119.97065, 26.08989], [119.97075, 26.08987], [119.97073, 26.08984], [119.97066, 26.08983]]], [[[119.96892, 26.08406], [119.96901, 26.08426], [119.96905, 26.0843], [119.9691, 26.0843], [119.96926, 26.08442], [119.96935, 26.08442], [119.96941, 26.08437], [119.9694, 26.08429], [119.96925, 26.08411], [119.969, 26.08404], [119.96892, 26.08406]]], [[[119.96827, 26.08451], [119.96816, 26.08448], [119.96826, 26.08458], [119.96834, 26.08459], [119.96833, 26.08457], [119.96828, 26.08455], [119.96827, 26.08451]]], [[[119.96814, 26.08475], [119.96798, 26.08471], [119.96801, 26.08476], [119.96805, 26.08479], [119.96814, 26.08476], [119.96814, 26.08475]]], [[[119.96796, 26.08464], [119.96798, 26.08464], [119.96806, 26.08468], [119.96823, 26.08464], [119.96825, 26.08463], [119.96817, 26.08461], [119.96811, 26.08456], [119.96812, 26.08452], [119.96782, 26.08446], [119.96781, 26.08448], [119.96787, 26.08456], [119.96794, 26.08454], [119.96797, 26.08459], [119.96796, 26.08464]]], [[[119.96758, 26.0836], [119.96767, 26.08373], [119.96771, 26.08374], [119.96778, 26.08387], [119.96793, 26.08392], [119.96784, 26.08373], [119.96776, 26.08363], [119.96772, 26.08362], [119.96765, 26.08358], [119.96761, 26.08358], [119.96758, 26.0836]]], [[[119.96813, 26.08383], [119.96808, 26.08384], [119.96803, 26.08398], [119.96805, 26.08402], [119.96809, 26.08405], [119.96813, 26.08405], [119.96819, 26.08401], [119.96818, 26.08393], [119.96813, 26.08394], [119.96821, 26.08388], [119.9682, 26.08386], [119.96813, 26.08389], [119.96814, 26.08387], [119.96813, 26.08383]]], [[[119.96689, 26.08566], [119.9669, 26.08575], [119.96695, 26.08577], [119.967, 26.08576], [119.96703, 26.08578], [119.96707, 26.08578], [119.96709, 26.08576], [119.96706, 26.08567], [119.96703, 26.08568], [119.96699, 26.08565], [119.96689, 26.08566]]], [[[119.96671, 26.08568], [119.96659, 26.08553], [119.96654, 26.08555], [119.96652, 26.08558], [119.96653, 26.08561], [119.96656, 26.08565], [119.96663, 26.08569], [119.96669, 26.08571], [119.96671, 26.08568]]], [[[119.96679, 26.08542], [119.96682, 26.08541], [119.96684, 26.08537], [119.96683, 26.08536], [119.96673, 26.08535], [119.9667, 26.08537], [119.96666, 26.08543], [119.96667, 26.08545], [119.96677, 26.08546], [119.96679, 26.08542]]], [[[119.96681, 26.0856], [119.9668, 26.08552], [119.96677, 26.0855], [119.96667, 26.08549], [119.96664, 26.08551], [119.96668, 26.08561], [119.96677, 26.08563], [119.9668, 26.08562], [119.96681, 26.0856]]], [[[119.96738, 26.0835], [119.96732, 26.0835], [119.96722, 26.08354], [119.96715, 26.08354], [119.96704, 26.08364], [119.96704, 26.0837], [119.96722, 26.08388], [119.96703, 26.08417], [119.96697, 26.08439], [119.96698, 26.08447], [119.96724, 26.08454], [119.9673, 26.08448], [119.96731, 26.0845], [119.96726, 26.08457], [119.96731, 26.08456], [119.96735, 26.08461], [119.96748, 26.08466], [119.9675, 26.08462], [119.96749, 26.08453], [119.96756, 26.0846], [119.96759, 26.08471], [119.9678, 26.08473], [119.96787, 26.08476], [119.96789, 26.08473], [119.96789, 26.08468], [119.96772, 26.08451], [119.96774, 26.08449], [119.96782, 26.08445], [119.96793, 26.08443], [119.96806, 26.08447], [119.9682, 26.08438], [119.9682, 26.08445], [119.96826, 26.08442], [119.96834, 26.08443], [119.96835, 26.08441], [119.96831, 26.08434], [119.96824, 26.0843], [119.96826, 26.08423], [119.96797, 26.08408], [119.9679, 26.08401], [119.96771, 26.08392], [119.96762, 26.08372], [119.96755, 26.08366], [119.96746, 26.08353], [119.96738, 26.0835]]], [[[119.96739, 26.08471], [119.9673, 26.08468], [119.96726, 26.08465], [119.96725, 26.08467], [119.96729, 26.08472], [119.96734, 26.08473], [119.96739, 26.08473], [119.96739, 26.08471]]], [[[120.48847, 26.3878], [120.48844, 26.38782], [120.48844, 26.38789], [120.48855, 26.38796], [120.48858, 26.38797], [120.48859, 26.38802], [120.48861, 26.38802], [120.48862, 26.388], [120.48864, 26.38797], [120.4886, 26.38787], [120.48858, 26.38789], [120.48857, 26.38788], [120.48859, 26.38786], [120.48854, 26.38782], [120.48847, 26.3878]]], [[[120.40826, 26.15614], [120.40833, 26.156], [120.4088, 26.15603], [120.40888, 26.15578], [120.40901, 26.15558], [120.40943, 26.15574], [120.4101, 26.15584], [120.41038, 26.15577], [120.41051, 26.15546], [120.41039, 26.1554], [120.4105, 26.15513], [120.41045, 26.15506], [120.41032, 26.15505], [120.41019, 26.15475], [120.41131, 26.15462], [120.41127, 26.15486], [120.41131, 26.15505], [120.41188, 26.1548], [120.41186, 26.15465], [120.41169, 26.15426], [120.41154, 26.15416], [120.41153, 26.15409], [120.41159, 26.15404], [120.41159, 26.15385], [120.41154, 26.15383], [120.41122, 26.15395], [120.41067, 26.15439], [120.41057, 26.15444], [120.41048, 26.15431], [120.4103, 26.1543], [120.41007, 26.15437], [120.41003, 26.15427], [120.40984, 26.15422], [120.40948, 26.15435], [120.40929, 26.15444], [120.40918, 26.15457], [120.40902, 26.15465], [120.40883, 26.15463], [120.40852, 26.15482], [120.40846, 26.15504], [120.40836, 26.15515], [120.40835, 26.15528], [120.40822, 26.15538], [120.40817, 26.1555], [120.4078, 26.15586], [120.40777, 26.15596], [120.40799, 26.15617], [120.40823, 26.15646], [120.40828, 26.15686], [120.40834, 26.15693], [120.40832, 26.15713], [120.40843, 26.15713], [120.4085, 26.15704], [120.40868, 26.15684], [120.40866, 26.15666], [120.40849, 26.15654], [120.40846, 26.15641], [120.40831, 26.1563], [120.40826, 26.15614]]], [[[120.20812, 26.24666], [120.20811, 26.24669], [120.20809, 26.24674], [120.20809, 26.24682], [120.20813, 26.24684], [120.20817, 26.24681], [120.20816, 26.24675], [120.20814, 26.24667], [120.20812, 26.24666]]], [[[120.2081, 26.24685], [120.20806, 26.24686], [120.20798, 26.24697], [120.20796, 26.2471], [120.20792, 26.2472], [120.20794, 26.24733], [120.20795, 26.24737], [120.20807, 26.24749], [120.2081, 26.24753], [120.20812, 26.24755], [120.20822, 26.24758], [120.20824, 26.24756], [120.20817, 26.24743], [120.20816, 26.24741], [120.20817, 26.24737], [120.20818, 26.24736], [120.20832, 26.24742], [120.20834, 26.24741], [120.20835, 26.24738], [120.2083, 26.24728], [120.20826, 26.24726], [120.20821, 26.24727], [120.2082, 26.24725], [120.2082, 26.24722], [120.20824, 26.24711], [120.20824, 26.24698], [120.20817, 26.24687], [120.20815, 26.24685], [120.2081, 26.24685]]], [[[120.06682, 26.23649], [120.06684, 26.23655], [120.0669, 26.23662], [120.06691, 26.23666], [120.06696, 26.23668], [120.067, 26.23667], [120.06712, 26.2367], [120.06723, 26.2367], [120.06725, 26.2367], [120.06745, 26.23677], [120.06779, 26.23694], [120.06785, 26.23691], [120.06786, 26.2369], [120.06796, 26.23692], [120.06796, 26.23689], [120.0679, 26.23684], [120.06792, 26.23678], [120.06781, 26.23668], [120.06778, 26.23668], [120.06773, 26.23663], [120.06763, 26.23659], [120.0676, 26.2366], [120.06758, 26.23653], [120.06758, 26.23637], [120.06756, 26.23633], [120.06741, 26.23625], [120.06722, 26.23618], [120.06704, 26.23615], [120.06696, 26.23621], [120.06691, 26.23629], [120.06691, 26.23624], [120.06691, 26.23617], [120.0669, 26.23605], [120.06689, 26.23601], [120.06685, 26.23595], [120.06671, 26.23592], [120.06674, 26.2359], [120.06673, 26.23589], [120.06668, 26.23586], [120.06666, 26.23588], [120.06649, 26.23581], [120.06649, 26.23575], [120.06648, 26.23576], [120.06648, 26.23573], [120.0665, 26.23572], [120.06652, 26.23567], [120.06644, 26.23572], [120.06642, 26.23576], [120.06637, 26.23578], [120.06636, 26.23578], [120.06637, 26.23574], [120.06643, 26.23571], [120.06643, 26.23566], [120.06641, 26.23566], [120.06635, 26.23559], [120.06635, 26.23556], [120.06629, 26.23554], [120.06623, 26.23557], [120.0662, 26.23555], [120.06622, 26.23552], [120.06622, 26.2355], [120.06618, 26.23549], [120.06618, 26.23552], [120.06617, 26.23553], [120.06613, 26.23555], [120.06612, 26.23566], [120.06609, 26.23569], [120.06609, 26.23571], [120.06616, 26.23572], [120.06617, 26.23574], [120.06608, 26.23574], [120.06605, 26.23576], [120.06603, 26.23581], [120.06602, 26.23588], [120.06602, 26.23591], [120.06606, 26.23592], [120.06607, 26.23601], [120.0661, 26.23604], [120.06612, 26.23604], [120.06614, 26.23605], [120.06613, 26.23614], [120.06614, 26.23621], [120.06615, 26.23624], [120.06618, 26.23629], [120.06621, 26.23636], [120.06623, 26.23643], [120.0663, 26.23648], [120.06638, 26.23649], [120.06644, 26.23652], [120.06646, 26.23654], [120.06648, 26.23655], [120.06652, 26.23654], [120.06655, 26.23655], [120.06656, 26.23657], [120.0666, 26.23656], [120.06661, 26.23654], [120.06666, 26.23652], [120.06673, 26.23652], [120.06678, 26.23651], [120.06682, 26.23649]]], [[[120.06694, 26.23577], [120.06709, 26.23582], [120.0671, 26.23582], [120.06707, 26.23572], [120.06704, 26.2357], [120.06706, 26.23566], [120.06706, 26.23564], [120.06701, 26.23561], [120.06699, 26.23558], [120.067, 26.23554], [120.06698, 26.23553], [120.06703, 26.23547], [120.06694, 26.23543], [120.0669, 26.23539], [120.06689, 26.2354], [120.06688, 26.2354], [120.06687, 26.23544], [120.06682, 26.23543], [120.0668, 26.23539], [120.06683, 26.23539], [120.06686, 26.23535], [120.06682, 26.23528], [120.06675, 26.23524], [120.06668, 26.23521], [120.06666, 26.23521], [120.06664, 26.23524], [120.06661, 26.23525], [120.06658, 26.23532], [120.06657, 26.23539], [120.06659, 26.23541], [120.06663, 26.23545], [120.06661, 26.23548], [120.06663, 26.23552], [120.06665, 26.23551], [120.06665, 26.23557], [120.06669, 26.23558], [120.06673, 26.23565], [120.0668, 26.23569], [120.06687, 26.23572], [120.06694, 26.23577]]], [[[120.06738, 26.23597], [120.06745, 26.23599], [120.06748, 26.23595], [120.06746, 26.23586], [120.06744, 26.23586], [120.06748, 26.23584], [120.06741, 26.23576], [120.06736, 26.23573], [120.06719, 26.23568], [120.06716, 26.23569], [120.06715, 26.23571], [120.06717, 26.23578], [120.06714, 26.23579], [120.06714, 26.23582], [120.06718, 26.23588], [120.06734, 26.23593], [120.06736, 26.23594], [120.06738, 26.23597]]], [[[120.06752, 26.23602], [120.06755, 26.23604], [120.06767, 26.23607], [120.06769, 26.23607], [120.06769, 26.23605], [120.06758, 26.23597], [120.06757, 26.23587], [120.06755, 26.23593], [120.06752, 26.23602]]], [[[120.06652, 26.23552], [120.06658, 26.23553], [120.06652, 26.23546], [120.0665, 26.23549], [120.06652, 26.23552]]], [[[120.06664, 26.23581], [120.06671, 26.23582], [120.06672, 26.2358], [120.06669, 26.23576], [120.06656, 26.23577], [120.06664, 26.23581]]], [[[120.06596, 26.23609], [120.066, 26.23614], [120.06604, 26.23614], [120.06605, 26.23613], [120.06602, 26.23608], [120.06597, 26.23606], [120.06596, 26.23609]]], [[[120.06589, 26.23559], [120.06592, 26.23562], [120.06595, 26.23562], [120.06596, 26.2356], [120.06598, 26.23551], [120.06596, 26.23549], [120.06593, 26.2355], [120.06592, 26.23552], [120.06592, 26.23554], [120.0659, 26.23557], [120.06589, 26.23559]]], [[[120.0678, 26.23236], [120.0679, 26.23248], [120.06798, 26.23249], [120.068, 26.23251], [120.06797, 26.23256], [120.06801, 26.23262], [120.06809, 26.23266], [120.06816, 26.23271], [120.06819, 26.23268], [120.06828, 26.23269], [120.06829, 26.23273], [120.06835, 26.23274], [120.06838, 26.23272], [120.06839, 26.23274], [120.06854, 26.23276], [120.06859, 26.23268], [120.06865, 26.23257], [120.06862, 26.23255], [120.06861, 26.2325], [120.06862, 26.23245], [120.06862, 26.23243], [120.06845, 26.23236], [120.06839, 26.23232], [120.06845, 26.23222], [120.06842, 26.23215], [120.06821, 26.23202], [120.06804, 26.23198], [120.06796, 26.23198], [120.06788, 26.23201], [120.06784, 26.23205], [120.06784, 26.23208], [120.06777, 26.23209], [120.06772, 26.23215], [120.06776, 26.23217], [120.06774, 26.23228], [120.06777, 26.2323], [120.06776, 26.23233], [120.0678, 26.23236]]], [[[120.05412, 26.22507], [120.05422, 26.22509], [120.05424, 26.22506], [120.05421, 26.225], [120.0542, 26.22498], [120.05422, 26.22495], [120.05422, 26.22487], [120.05421, 26.22484], [120.05416, 26.22476], [120.05412, 26.22467], [120.05403, 26.22457], [120.05404, 26.22452], [120.05399, 26.22446], [120.05382, 26.22437], [120.05371, 26.22433], [120.05375, 26.2243], [120.05374, 26.22422], [120.05355, 26.2241], [120.05337, 26.22395], [120.0533, 26.22393], [120.05323, 26.22388], [120.05319, 26.22389], [120.05315, 26.22393], [120.05316, 26.22395], [120.05312, 26.22401], [120.05311, 26.2241], [120.05313, 26.22418], [120.0531, 26.22426], [120.05312, 26.2243], [120.05317, 26.22438], [120.05315, 26.22439], [120.05328, 26.22448], [120.05344, 26.22455], [120.05342, 26.2246], [120.05353, 26.22466], [120.05354, 26.22469], [120.05351, 26.22474], [120.05356, 26.22478], [120.05377, 26.22483], [120.05396, 26.22498], [120.05412, 26.22507]]], [[[119.9774, 26.19873], [119.97899, 26.19628], [119.97848, 26.19392], [119.98135, 26.19325], [119.98111, 26.19136], [119.9789, 26.19099], [119.97688, 26.19401], [119.9718, 26.19316], [119.97097, 26.20127], [119.97446, 26.20393], [119.97176, 26.20547], [119.97633, 26.21129], [119.9741, 26.21412], [119.97469, 26.21703], [119.97292, 26.21778], [119.973, 26.21995], [119.97685, 26.21934], [119.98437, 26.22476], [119.98863, 26.2238], [119.99711, 26.23116], [120.00084, 26.23688], [120.0056, 26.23656], [120.00727, 26.2323], [120.01182, 26.23283], [120.01074, 26.23062], [120.01209, 26.22634], [120.00975, 26.22397], [120.01607, 26.22721], [120.02089, 26.22641], [120.01867, 26.22325], [120.02003, 26.22223], [120.01517, 26.21828], [120.01701, 26.21659], [120.01704, 26.213], [120.01513, 26.2134], [120.01253, 26.22068], [120.00958, 26.22128], [120.0057, 26.21738], [120.00449, 26.21827], [120.0061, 26.22041], [120.00347, 26.22094], [120.00246, 26.21689], [119.99844, 26.21716], [119.99556, 26.21305], [119.99469, 26.2164], [119.99119, 26.21727], [119.98212, 26.21353], [119.97812, 26.20966], [119.97703, 26.20635], [119.97858, 26.20089], [119.9774, 26.19873]]], [[[119.93492, 25.96964], [119.9303, 25.97603], [119.92852, 25.97629], [119.93095, 25.97996], [119.93668, 25.98037], [119.9388, 25.97913], [119.94946, 25.98145], [119.95395, 25.97978], [119.95212, 25.97534], [119.94769, 25.97152], [119.94404, 25.97173], [119.94367, 25.96926], [119.94038, 25.96637], [119.93683, 25.96603], [119.93882, 25.96797], [119.93689, 25.97], [119.93492, 25.96964]]]]}}, {"type": "Feature", "properties": {"COUNTYNAME": "南投縣", "name": "南投縣", "COUNTYSN": "10008001"}, "geometry": {"type": "Polygon", "coordinates": [[[121.23767, 24.2202], [121.24412, 24.22319], [121.25469, 24.24368], [121.26461, 24.24628], [121.2657, 24.24157], [121.26821, 24.24043], [121.2688, 24.23822], [121.27647, 24.236], [121.2798, 24.23023], [121.28271, 24.23149], [121.28553, 24.2296], [121.28876, 24.23069], [121.29297, 24.22971], [121.30095, 24.23722], [121.30366, 24.23419], [121.31425, 24.23535], [121.31931, 24.23231], [121.32466, 24.23337], [121.3352, 24.22917], [121.34269, 24.22408], [121.34913, 24.21089], [121.34807, 24.20785], [121.34941, 24.20083], [121.34064, 24.199], [121.33548, 24.1996], [121.3252, 24.19593], [121.31596, 24.18539], [121.30736, 24.18047], [121.29874, 24.1801], [121.29311, 24.17725], [121.28634, 24.17751], [121.28833, 24.15768], [121.28035, 24.15778], [121.28095, 24.15455], [121.28468, 24.15218], [121.28135, 24.13563], [121.29554, 24.13253], [121.30388, 24.12426], [121.31561, 24.11659], [121.3284, 24.1146], [121.32575, 24.10265], [121.31893, 24.09491], [121.32323, 24.08518], [121.31776, 24.0795], [121.30817, 24.07328], [121.29948, 24.06183], [121.29563, 24.06384], [121.28647, 24.05794], [121.28312, 24.054], [121.2857, 24.03972], [121.2767, 24.02474], [121.27633, 24.02018], [121.27036, 24.01004], [121.27007, 24.00676], [121.25997, 23.99045], [121.26142, 23.98184], [121.26454, 23.97552], [121.27351, 23.97525], [121.27574, 23.96802], [121.27788, 23.96584], [121.27523, 23.9604], [121.27466, 23.95139], [121.27174, 23.94843], [121.27432, 23.94565], [121.27205, 23.93827], [121.2749, 23.93149], [121.27341, 23.92833], [121.27646, 23.92346], [121.27506, 23.91834], [121.27606, 23.90969], [121.27451, 23.90731], [121.26634, 23.90731], [121.26113, 23.90266], [121.26246, 23.89912], [121.26657, 23.89839], [121.26521, 23.89688], [121.26552, 23.89116], [121.26847, 23.88384], [121.26316, 23.8807], [121.26527, 23.87292], [121.25816, 23.87253], [121.2571, 23.86964], [121.25309, 23.86799], [121.25292, 23.86287], [121.24999, 23.85987], [121.24888, 23.85213], [121.24442, 23.84878], [121.24349, 23.84506], [121.23937, 23.84032], [121.23667, 23.82517], [121.23913, 23.82184], [121.23479, 23.81798], [121.23452, 23.81208], [121.22748, 23.80845], [121.22787, 23.80522], [121.22603, 23.80224], [121.22659, 23.79238], [121.23048, 23.79006], [121.23047, 23.78807], [121.22628, 23.78368], [121.21969, 23.78184], [121.21235, 23.77579], [121.20713, 23.77523], [121.20463, 23.77235], [121.2087, 23.76583], [121.20648, 23.76264], [121.21119, 23.76096], [121.21334, 23.7575], [121.21865, 23.75637], [121.22156, 23.75269], [121.22943, 23.75216], [121.23324, 23.74916], [121.22888, 23.74468], [121.22856, 23.73507], [121.22963, 23.73006], [121.23312, 23.73006], [121.2359, 23.72448], [121.23946, 23.72412], [121.23776, 23.72004], [121.2395, 23.71634], [121.23925, 23.71088], [121.24122, 23.70795], [121.23932, 23.70023], [121.24129, 23.69843], [121.23932, 23.69453], [121.23939, 23.68682], [121.23245, 23.67742], [121.23599, 23.67038], [121.23562, 23.66171], [121.2319, 23.65786], [121.23029, 23.64821], [121.22403, 23.63869], [121.22486, 23.62715], [121.22003, 23.61708], [121.21735, 23.61472], [121.21335, 23.60038], [121.206, 23.59576], [121.20001, 23.59645], [121.19414, 23.60056], [121.18926, 23.59473], [121.18336, 23.5931], [121.17963, 23.58991], [121.17817, 23.58263], [121.17128, 23.58416], [121.16979, 23.58635], [121.16676, 23.58713], [121.15817, 23.58574], [121.15332, 23.58669], [121.15213, 23.57312], [121.16041, 23.56974], [121.16045, 23.56647], [121.15803, 23.56404], [121.15707, 23.5595], [121.15179, 23.56046], [121.14617, 23.55453], [121.15116, 23.5447], [121.14692, 23.53401], [121.15098, 23.52656], [121.14723, 23.52724], [121.14468, 23.52582], [121.13872, 23.521], [121.13504, 23.5149], [121.13222, 23.51512], [121.13062, 23.51785], [121.12835, 23.51849], [121.1263, 23.51706], [121.11764, 23.52165], [121.11059, 23.51903], [121.10367, 23.51891], [121.10117, 23.52119], [121.09739, 23.52169], [121.0919, 23.51454], [121.08803, 23.51403], [121.06845, 23.51842], [121.06881, 23.51489], [121.06617, 23.5062], [121.06316, 23.50411], [121.06227, 23.49969], [121.05408, 23.49566], [121.0527, 23.49366], [121.05349, 23.48773], [121.04992, 23.48647], [121.04843, 23.48243], [121.03912, 23.4742], [121.04942, 23.46806], [121.05108, 23.4644], [121.05909, 23.46143], [121.05446, 23.45738], [121.05175, 23.45083], [121.04666, 23.45082], [121.0349, 23.44592], [121.02641, 23.43895], [121.0221, 23.4389], [121.0194, 23.43616], [121.01513, 23.43519], [121.01058, 23.44083], [121.01031, 23.44549], [121.0158, 23.4517], [121.00812, 23.46237], [120.99908, 23.46224], [120.98463, 23.46649], [120.98094, 23.46904], [120.97066, 23.46901], [120.96669, 23.47168], [120.94761, 23.46708], [120.93733, 23.47311], [120.93118, 23.47061], [120.91771, 23.47564], [120.91511, 23.47462], [120.90381, 23.47616], [120.88644, 23.47548], [120.88429, 23.47432], [120.88045, 23.4676], [120.87343, 23.46839], [120.8634, 23.47357], [120.84907, 23.47206], [120.84237, 23.47329], [120.83916, 23.47113], [120.83276, 23.47459], [120.82712, 23.48312], [120.82543, 23.49501], [120.82288, 23.49851], [120.82408, 23.5052], [120.82288, 23.5116], [120.81956, 23.5153], [120.82029, 23.52144], [120.80861, 23.53602], [120.80891, 23.546], [120.81156, 23.55108], [120.81602, 23.55334], [120.81409, 23.55619], [120.82064, 23.56244], [120.8219, 23.57098], [120.81974, 23.57429], [120.81984, 23.57758], [120.82551, 23.5864], [120.81986, 23.59038], [120.81687, 23.59561], [120.81852, 23.59823], [120.81759, 23.59959], [120.81376, 23.60099], [120.80953, 23.59865], [120.80512, 23.59857], [120.80338, 23.59661], [120.795, 23.59718], [120.791, 23.60095], [120.778, 23.60214], [120.77513, 23.60492], [120.76992, 23.60617], [120.76942, 23.60842], [120.76375, 23.61248], [120.75815, 23.61245], [120.75343, 23.61485], [120.74797, 23.61146], [120.74229, 23.61254], [120.73611, 23.60951], [120.73086, 23.61076], [120.73056, 23.61844], [120.72377, 23.62193], [120.71854, 23.62993], [120.71307, 23.6279], [120.71388, 23.6208], [120.70514, 23.61711], [120.6911, 23.62015], [120.68601, 23.61805], [120.68538, 23.61253], [120.68354, 23.61068], [120.66911, 23.60918], [120.6641, 23.61103], [120.66104, 23.6104], [120.65827, 23.61383], [120.65171, 23.61626], [120.65304, 23.62949], [120.64651, 23.63113], [120.64499, 23.63108], [120.63523, 23.61995], [120.63314, 23.6196], [120.63046, 23.62299], [120.62907, 23.63507], [120.63502, 23.64277], [120.63455, 23.64567], [120.63618, 23.64856], [120.63502, 23.65186], [120.64043, 23.66442], [120.64451, 23.66809], [120.64495, 23.67172], [120.64695, 23.67296], [120.64606, 23.67742], [120.64807, 23.68279], [120.64559, 23.68768], [120.64644, 23.69304], [120.64325, 23.69971], [120.6455, 23.70333], [120.6413, 23.70574], [120.63899, 23.71066], [120.6406, 23.71326], [120.64157, 23.72244], [120.63971, 23.72919], [120.64292, 23.73211], [120.64428, 23.73671], [120.65498, 23.73447], [120.65585, 23.73541], [120.65436, 23.74304], [120.65578, 23.75473], [120.64796, 23.77424], [120.64035, 23.78604], [120.66392, 23.79219], [120.67499, 23.79974], [120.68394, 23.80151], [120.68341, 23.80543], [120.67897, 23.80593], [120.67878, 23.81626], [120.67634, 23.81922], [120.6743, 23.82001], [120.66476, 23.81627], [120.66503, 23.81498], [120.65089, 23.8125], [120.64799, 23.81663], [120.63996, 23.82031], [120.63948, 23.82214], [120.63775, 23.82179], [120.63925, 23.82454], [120.63377, 23.82585], [120.64003, 23.82513], [120.63776, 23.82631], [120.63941, 23.82751], [120.63608, 23.82786], [120.63816, 23.8289], [120.63731, 23.83052], [120.63436, 23.83111], [120.63839, 23.83137], [120.63705, 23.83278], [120.6334, 23.83295], [120.63043, 23.83121], [120.63036, 23.83239], [120.62362, 23.82943], [120.62419, 23.83172], [120.63363, 23.83397], [120.62916, 23.83442], [120.63108, 23.83568], [120.62833, 23.83585], [120.62997, 23.83738], [120.62498, 23.83661], [120.62911, 23.83872], [120.62652, 23.8399], [120.62617, 23.84195], [120.62228, 23.83869], [120.62304, 23.83999], [120.62096, 23.8394], [120.62216, 23.84086], [120.62099, 23.84173], [120.61723, 23.83765], [120.61555, 23.84037], [120.61983, 23.84252], [120.61832, 23.84262], [120.61965, 23.84349], [120.61831, 23.84457], [120.62117, 23.84443], [120.6216, 23.84656], [120.62331, 23.8467], [120.62337, 23.84817], [120.61942, 23.84961], [120.62351, 23.84894], [120.62447, 23.85223], [120.62595, 23.85203], [120.62522, 23.85517], [120.62626, 23.8547], [120.62785, 23.85739], [120.62225, 23.86009], [120.62356, 23.86193], [120.62061, 23.86368], [120.61989, 23.86828], [120.62149, 23.86979], [120.62392, 23.86887], [120.62376, 23.87139], [120.62571, 23.87339], [120.62474, 23.87701], [120.62743, 23.88346], [120.62944, 23.8847], [120.62928, 23.88916], [120.62736, 23.88966], [120.63268, 23.88974], [120.63411, 23.89182], [120.6322, 23.89246], [120.63438, 23.89343], [120.63289, 23.89618], [120.63499, 23.89861], [120.63365, 23.8997], [120.63477, 23.90148], [120.63134, 23.90342], [120.63301, 23.9042], [120.63209, 23.90686], [120.63314, 23.90616], [120.63409, 23.90772], [120.63062, 23.90829], [120.63299, 23.90955], [120.62931, 23.91082], [120.6326, 23.91087], [120.63308, 23.91413], [120.6346, 23.91312], [120.63322, 23.91612], [120.63504, 23.91798], [120.63334, 23.91961], [120.63625, 23.91946], [120.63521, 23.92159], [120.63699, 23.92184], [120.63742, 23.92399], [120.62776, 23.93137], [120.632, 23.93285], [120.63487, 23.93709], [120.63763, 23.93559], [120.63022, 23.94297], [120.6307, 23.94477], [120.63334, 23.94287], [120.63455, 23.9437], [120.62735, 23.95201], [120.63117, 23.95341], [120.63387, 23.95224], [120.63352, 23.95378], [120.62684, 23.95642], [120.63092, 23.95635], [120.63531, 23.95237], [120.63659, 23.95275], [120.64221, 23.95797], [120.64451, 23.96258], [120.64686, 23.96341], [120.6463, 23.97326], [120.65019, 23.9838], [120.64543, 23.98946], [120.63656, 23.99494], [120.63804, 24.00744], [120.6403, 24.0057], [120.64236, 24.00892], [120.64608, 24.00912], [120.66395, 24.008], [120.67255, 24.0058], [120.67365, 24.00812], [120.67008, 24.00993], [120.67608, 24.01072], [120.67877, 24.01421], [120.69478, 24.00715], [120.70645, 24.00515], [120.71925, 24.00963], [120.73177, 24.00896], [120.74367, 24.00213], [120.74599, 23.99849], [120.75103, 24.00273], [120.75598, 24.00352], [120.75797, 24.00604], [120.77064, 24.00909], [120.77134, 24.01416], [120.77528, 24.01853], [120.77978, 24.0201], [120.78289, 24.02476], [120.7847, 24.02404], [120.78477, 24.02758], [120.78748, 24.03029], [120.79167, 24.03073], [120.79298, 24.03245], [120.79179, 24.03532], [120.79745, 24.0411], [120.79665, 24.04281], [120.80065, 24.04857], [120.80088, 24.05132], [120.80344, 24.0523], [120.80327, 24.05621], [120.80889, 24.06611], [120.81191, 24.06606], [120.81453, 24.0699], [120.8188, 24.06848], [120.82933, 24.07143], [120.82817, 24.09304], [120.83249, 24.09852], [120.83033, 24.10257], [120.83459, 24.10775], [120.83454, 24.11297], [120.83636, 24.11695], [120.84225, 24.12064], [120.84485, 24.12452], [120.85393, 24.12449], [120.85865, 24.1162], [120.86473, 24.11536], [120.86883, 24.11757], [120.87246, 24.11684], [120.87916, 24.10925], [120.88151, 24.10053], [120.87909, 24.09824], [120.87691, 24.09117], [120.87809, 24.08498], [120.88037, 24.08857], [120.88204, 24.0883], [120.88537, 24.09492], [120.89137, 24.09781], [120.89116, 24.10214], [120.89428, 24.10691], [120.89421, 24.11072], [120.89025, 24.11363], [120.89154, 24.1159], [120.89619, 24.11645], [120.905, 24.11446], [120.90992, 24.10907], [120.91974, 24.10743], [120.92705, 24.11173], [120.93253, 24.11257], [120.94834, 24.1249], [120.94989, 24.12785], [120.95674, 24.12438], [120.961, 24.12025], [120.97124, 24.12025], [120.97408, 24.11931], [120.97516, 24.11683], [120.98541, 24.12021], [120.98904, 24.11871], [120.99202, 24.121], [120.99196, 24.12515], [120.99964, 24.12789], [121.00025, 24.13209], [121.00344, 24.13382], [121.01209, 24.15419], [121.0194, 24.15959], [121.02426, 24.15874], [121.02775, 24.16031], [121.03109, 24.15413], [121.03085, 24.1501], [121.03318, 24.14938], [121.03555, 24.15183], [121.03782, 24.15896], [121.04736, 24.16084], [121.05035, 24.15915], [121.05236, 24.15559], [121.05765, 24.15997], [121.05925, 24.16368], [121.06442, 24.16386], [121.0808, 24.17633], [121.08473, 24.17684], [121.09096, 24.1834], [121.09427, 24.19115], [121.10148, 24.19663], [121.1084, 24.1988], [121.12277, 24.1967], [121.13609, 24.19707], [121.14145, 24.20047], [121.14302, 24.20634], [121.14774, 24.21358], [121.16076, 24.21566], [121.16749, 24.22593], [121.18131, 24.21264], [121.19141, 24.21715], [121.19628, 24.22366], [121.20815, 24.22227], [121.21552, 24.22574], [121.21952, 24.22972], [121.22816, 24.22521], [121.22815, 24.22648], [121.23056, 24.2266], [121.23028, 24.22396], [121.23767, 24.2202]]]}}, {"type": "Feature", "properties": {"COUNTYNAME": "澎湖縣", "name": "澎湖縣", "COUNTYSN": "10016001"}, "geometry": {"type": "MultiPolygon", "coordinates": [[[[119.41607, 23.19322], [119.41602, 23.19323], [119.41601, 23.19328], [119.416, 23.19335], [119.416, 23.19344], [119.41602, 23.19358], [119.41604, 23.19368], [119.41604, 23.19374], [119.41606, 23.19377], [119.41611, 23.19377], [119.41616, 23.19375], [119.41616, 23.19371], [119.41613, 23.19368], [119.41612, 23.19363], [119.41613, 23.19352], [119.41616, 23.19345], [119.41621, 23.19342], [119.41621, 23.19337], [119.4162, 23.19326], [119.41616, 23.19322], [119.41607, 23.19322]]], [[[119.42007, 23.20394], [119.41639, 23.20612], [119.4159, 23.209], [119.41137, 23.21155], [119.40982, 23.21396], [119.4103, 23.21684], [119.41285, 23.2143], [119.41472, 23.21732], [119.42243, 23.219], [119.43993, 23.2214], [119.44796, 23.22011], [119.44345, 23.21327], [119.44296, 23.20886], [119.44414, 23.20764], [119.4432, 23.20843], [119.44191, 23.20612], [119.44344, 23.20464], [119.44288, 23.20043], [119.43614, 23.20194], [119.43247, 23.19954], [119.43292, 23.19779], [119.42977, 23.19668], [119.4293, 23.19326], [119.43125, 23.19235], [119.43176, 23.18994], [119.43043, 23.18659], [119.42704, 23.18996], [119.42154, 23.19122], [119.42169, 23.1941], [119.41996, 23.19546], [119.42183, 23.19439], [119.42174, 23.19607], [119.41897, 23.19634], [119.41885, 23.19479], [119.42078, 23.19937], [119.42007, 23.20394]]], [[[119.59922, 23.79349], [119.59666, 23.79724], [119.59582, 23.79578], [119.59596, 23.79825], [119.60019, 23.79606], [119.60069, 23.79436], [119.59922, 23.79349]]], [[[119.5976, 23.79525], [119.59758, 23.79526], [119.59756, 23.79528], [119.59756, 23.79532], [119.59757, 23.7954], [119.59755, 23.79544], [119.59754, 23.79546], [119.59749, 23.79551], [119.59742, 23.79554], [119.59737, 23.79557], [119.59732, 23.79562], [119.59726, 23.79564], [119.59717, 23.79564], [119.59708, 23.79567], [119.59699, 23.79575], [119.59698, 23.79578], [119.59699, 23.7958], [119.59705, 23.79585], [119.59708, 23.79586], [119.5971, 23.79587], [119.59711, 23.79588], [119.5971, 23.79589], [119.59709, 23.79591], [119.59699, 23.79597], [119.59694, 23.79597], [119.59692, 23.79596], [119.59684, 23.79587], [119.59678, 23.79587], [119.59673, 23.79589], [119.59673, 23.79598], [119.59671, 23.79599], [119.5967, 23.79607], [119.5967, 23.79611], [119.59672, 23.79613], [119.59676, 23.79617], [119.59687, 23.79618], [119.59692, 23.79623], [119.59695, 23.79626], [119.597, 23.79626], [119.59704, 23.79626], [119.59706, 23.79623], [119.59708, 23.79621], [119.59712, 23.7962], [119.59712, 23.79618], [119.59712, 23.79614], [119.59711, 23.79609], [119.59712, 23.79605], [119.59715, 23.79603], [119.59718, 23.79603], [119.5972, 23.79604], [119.59721, 23.79606], [119.59719, 23.7961], [119.59719, 23.79614], [119.59721, 23.79616], [119.59727, 23.79617], [119.59734, 23.79617], [119.59736, 23.79614], [119.59734, 23.79612], [119.5973, 23.79609], [119.59727, 23.79607], [119.59726, 23.79606], [119.59727, 23.79603], [119.59729, 23.79598], [119.59731, 23.7959], [119.59735, 23.79591], [119.59739, 23.796], [119.59747, 23.79612], [119.5975, 23.79612], [119.59753, 23.79609], [119.59754, 23.79604], [119.59752, 23.79601], [119.59743, 23.79593], [119.5974, 23.79589], [119.59741, 23.79585], [119.59745, 23.79583], [119.59755, 23.79583], [119.59763, 23.7958], [119.59763, 23.79577], [119.59759, 23.79575], [119.59757, 23.79572], [119.59756, 23.7957], [119.59758, 23.79568], [119.59764, 23.79567], [119.59768, 23.79565], [119.59768, 23.79562], [119.59761, 23.79557], [119.5976, 23.79554], [119.5976, 23.7955], [119.59762, 23.79547], [119.59765, 23.79543], [119.59768, 23.79537], [119.59767, 23.7953], [119.59766, 23.79528], [119.59766, 23.79527], [119.59762, 23.79525], [119.5976, 23.79525]]], [[[119.59871, 23.79299], [119.59711, 23.7931], [119.5988, 23.79405], [119.59871, 23.79299]]], [[[119.5984, 23.79219], [119.59837, 23.79222], [119.59837, 23.79227], [119.59839, 23.79229], [119.59839, 23.79232], [119.59837, 23.79235], [119.59833, 23.79239], [119.59826, 23.7924], [119.5982, 23.79239], [119.59813, 23.79239], [119.59811, 23.79242], [119.59811, 23.79251], [119.59807, 23.79259], [119.59801, 23.79267], [119.59798, 23.7927], [119.59797, 23.79275], [119.59801, 23.79282], [119.59802, 23.79285], [119.59802, 23.79288], [119.59802, 23.79293], [119.59804, 23.79295], [119.5981, 23.79297], [119.59824, 23.79296], [119.59843, 23.79295], [119.59849, 23.7929], [119.59851, 23.79284], [119.59853, 23.79273], [119.59858, 23.7927], [119.59873, 23.79266], [119.59878, 23.79263], [119.59877, 23.79258], [119.59871, 23.79253], [119.59859, 23.79251], [119.5985, 23.7925], [119.59846, 23.79249], [119.59842, 23.79246], [119.59843, 23.79241], [119.59845, 23.79238], [119.59849, 23.79235], [119.59852, 23.79231], [119.59852, 23.79227], [119.59848, 23.79223], [119.59843, 23.7922], [119.5984, 23.79219]]], [[[119.60161, 23.78702], [119.60158, 23.78912], [119.60262, 23.78779], [119.60161, 23.78702]]], [[[119.59974, 23.78353], [119.60006, 23.78497], [119.5984, 23.78535], [119.60045, 23.78795], [119.60177, 23.78644], [119.59974, 23.78353]]], [[[119.6034, 23.7864], [119.6034, 23.78645], [119.60338, 23.78647], [119.60333, 23.78647], [119.60325, 23.78651], [119.60317, 23.78656], [119.60312, 23.78658], [119.60309, 23.78664], [119.60306, 23.78665], [119.60304, 23.78663], [119.60301, 23.78662], [119.60297, 23.78662], [119.60293, 23.78665], [119.60292, 23.78672], [119.60291, 23.78685], [119.60289, 23.78685], [119.60288, 23.78683], [119.60288, 23.78677], [119.60283, 23.78671], [119.60279, 23.78668], [119.60275, 23.78671], [119.60269, 23.78671], [119.60257, 23.78671], [119.60252, 23.78671], [119.6025, 23.78672], [119.60249, 23.7868], [119.6025, 23.78684], [119.60252, 23.78686], [119.60257, 23.78688], [119.60259, 23.78688], [119.60261, 23.7869], [119.60262, 23.78691], [119.60262, 23.78695], [119.60262, 23.78697], [119.60262, 23.78698], [119.60264, 23.787], [119.60268, 23.787], [119.60268, 23.78701], [119.60269, 23.78702], [119.60269, 23.78704], [119.60268, 23.78706], [119.60268, 23.78708], [119.6027, 23.78709], [119.60274, 23.78709], [119.60275, 23.78707], [119.6028, 23.78708], [119.60283, 23.78708], [119.60288, 23.78706], [119.6029, 23.78704], [119.60292, 23.78699], [119.60294, 23.78696], [119.60296, 23.78691], [119.60299, 23.78686], [119.60303, 23.78682], [119.60305, 23.78682], [119.60306, 23.78682], [119.60308, 23.78684], [119.60309, 23.78687], [119.60312, 23.78688], [119.60314, 23.78688], [119.60317, 23.78688], [119.60317, 23.78686], [119.60316, 23.78683], [119.60316, 23.78681], [119.60317, 23.78679], [119.60319, 23.78677], [119.60321, 23.78676], [119.60326, 23.78677], [119.60329, 23.78679], [119.60334, 23.78679], [119.60339, 23.78679], [119.60341, 23.78677], [119.60347, 23.78676], [119.6035, 23.78679], [119.60354, 23.78682], [119.60358, 23.78682], [119.60361, 23.78679], [119.60365, 23.78674], [119.60366, 23.78668], [119.60362, 23.78664], [119.60356, 23.78665], [119.6035, 23.78667], [119.60344, 23.78671], [119.60339, 23.78671], [119.60336, 23.78668], [119.60333, 23.78664], [119.60333, 23.7866], [119.60335, 23.78657], [119.60342, 23.7865], [119.60345, 23.78646], [119.60345, 23.78643], [119.60344, 23.78641], [119.6034, 23.7864]]], [[[119.60295, 23.78585], [119.6029, 23.78585], [119.60285, 23.78588], [119.60275, 23.78594], [119.60272, 23.78597], [119.60268, 23.786], [119.60266, 23.78601], [119.60261, 23.78602], [119.60257, 23.78601], [119.60253, 23.78599], [119.60248, 23.78595], [119.60246, 23.78594], [119.60243, 23.78595], [119.60241, 23.78596], [119.60236, 23.78598], [119.60227, 23.78599], [119.60225, 23.78599], [119.60223, 23.786], [119.60223, 23.78604], [119.60223, 23.78608], [119.60222, 23.7861], [119.6022, 23.7861], [119.60218, 23.78611], [119.60217, 23.78613], [119.60218, 23.78613], [119.6022, 23.78615], [119.60222, 23.78617], [119.60222, 23.7862], [119.60225, 23.78625], [119.60226, 23.78626], [119.60228, 23.78626], [119.60237, 23.78626], [119.60241, 23.78628], [119.60242, 23.7863], [119.60243, 23.78632], [119.60243, 23.78633], [119.60242, 23.78634], [119.60238, 23.78634], [119.60236, 23.78636], [119.60236, 23.78637], [119.60237, 23.7864], [119.60239, 23.78645], [119.60241, 23.78647], [119.60244, 23.78647], [119.60247, 23.78648], [119.60248, 23.78649], [119.60249, 23.78653], [119.60247, 23.78654], [119.60246, 23.78654], [119.60244, 23.78654], [119.6024, 23.78652], [119.60236, 23.78653], [119.60234, 23.78653], [119.60232, 23.78655], [119.60227, 23.78663], [119.60225, 23.78664], [119.60221, 23.78667], [119.6022, 23.78669], [119.6022, 23.78671], [119.6022, 23.78672], [119.60222, 23.78673], [119.60236, 23.78671], [119.60241, 23.78669], [119.60243, 23.78666], [119.60246, 23.78664], [119.60253, 23.78661], [119.60257, 23.7866], [119.60264, 23.78658], [119.60266, 23.78656], [119.60268, 23.78655], [119.6027, 23.78655], [119.60273, 23.78655], [119.60274, 23.78656], [119.60275, 23.78658], [119.60279, 23.78658], [119.60283, 23.78658], [119.60284, 23.78656], [119.60284, 23.78652], [119.60284, 23.7865], [119.60284, 23.78647], [119.60285, 23.78647], [119.60287, 23.78645], [119.60292, 23.78644], [119.60297, 23.78645], [119.603, 23.78644], [119.60302, 23.78642], [119.60302, 23.78641], [119.60303, 23.78639], [119.60304, 23.78638], [119.60305, 23.78637], [119.60308, 23.78638], [119.6031, 23.78639], [119.60312, 23.7864], [119.60316, 23.78641], [119.60319, 23.78641], [119.60323, 23.7864], [119.60327, 23.78636], [119.60332, 23.78629], [119.60332, 23.78627], [119.60332, 23.78625], [119.60329, 23.78624], [119.60328, 23.78619], [119.60326, 23.78617], [119.60324, 23.78615], [119.60319, 23.78606], [119.60316, 23.78602], [119.60313, 23.78599], [119.60308, 23.78599], [119.60304, 23.786], [119.60302, 23.78604], [119.60301, 23.78608], [119.60299, 23.7861], [119.60296, 23.78611], [119.60293, 23.78612], [119.60291, 23.78609], [119.60291, 23.78607], [119.60291, 23.78604], [119.60293, 23.78602], [119.60298, 23.78598], [119.60301, 23.78593], [119.60302, 23.7859], [119.60301, 23.78588], [119.60299, 23.78586], [119.60295, 23.78585]]], [[[119.60233, 23.78491], [119.60228, 23.78492], [119.60226, 23.78494], [119.60225, 23.78498], [119.60226, 23.785], [119.60234, 23.78508], [119.6024, 23.78512], [119.60242, 23.78515], [119.60243, 23.78518], [119.60241, 23.78523], [119.60239, 23.78526], [119.60241, 23.78529], [119.60245, 23.7853], [119.60254, 23.78529], [119.60264, 23.7853], [119.60266, 23.78532], [119.60269, 23.78534], [119.60275, 23.78537], [119.60276, 23.78541], [119.60281, 23.78549], [119.60287, 23.78551], [119.60293, 23.78549], [119.60298, 23.78544], [119.60306, 23.78534], [119.60311, 23.78529], [119.60316, 23.78525], [119.60317, 23.7852], [119.60316, 23.78517], [119.6031, 23.78515], [119.603, 23.78516], [119.60288, 23.78525], [119.60284, 23.78528], [119.60282, 23.78528], [119.6028, 23.78529], [119.6028, 23.78527], [119.6028, 23.78526], [119.60284, 23.78524], [119.60285, 23.7852], [119.60284, 23.78517], [119.60279, 23.78513], [119.60271, 23.78512], [119.60262, 23.78513], [119.60257, 23.78512], [119.60245, 23.78498], [119.60233, 23.78491]]], [[[119.60783, 23.7818], [119.60642, 23.7837], [119.60824, 23.78312], [119.60783, 23.7818]]], [[[119.60535, 23.78299], [119.60527, 23.78299], [119.60519, 23.783], [119.60519, 23.78303], [119.60519, 23.78309], [119.60517, 23.78312], [119.60514, 23.78315], [119.60513, 23.78319], [119.60514, 23.78325], [119.60515, 23.78329], [119.60516, 23.78334], [119.60519, 23.78338], [119.60522, 23.78338], [119.60527, 23.78337], [119.6053, 23.78339], [119.6053, 23.78342], [119.60533, 23.78348], [119.60536, 23.78354], [119.60538, 23.78356], [119.60544, 23.78356], [119.60546, 23.78358], [119.60556, 23.78366], [119.60563, 23.78368], [119.60567, 23.78368], [119.6057, 23.78366], [119.60574, 23.7836], [119.60576, 23.78357], [119.60576, 23.78353], [119.60573, 23.78348], [119.60561, 23.78344], [119.60558, 23.78343], [119.60557, 23.78339], [119.60556, 23.78334], [119.60558, 23.78326], [119.60559, 23.78318], [119.60557, 23.78308], [119.60554, 23.78303], [119.6055, 23.78302], [119.60543, 23.78302], [119.60538, 23.783], [119.60535, 23.78299]]], [[[119.60448, 23.78217], [119.60439, 23.78218], [119.6043, 23.78224], [119.60425, 23.7823], [119.60422, 23.78233], [119.60416, 23.78245], [119.60415, 23.7825], [119.60416, 23.78257], [119.60433, 23.78268], [119.60443, 23.78275], [119.60449, 23.78276], [119.6046, 23.78276], [119.60466, 23.78272], [119.60469, 23.78265], [119.6047, 23.78253], [119.60471, 23.78244], [119.60473, 23.78238], [119.60474, 23.78232], [119.60471, 23.78225], [119.60464, 23.78221], [119.60448, 23.78217]]], [[[119.6055, 23.78197], [119.60542, 23.78199], [119.60534, 23.78205], [119.60531, 23.78212], [119.60524, 23.78225], [119.60525, 23.78228], [119.60528, 23.78231], [119.60531, 23.7823], [119.60541, 23.78228], [119.60546, 23.78228], [119.60551, 23.7823], [119.60554, 23.78233], [119.60557, 23.7824], [119.60565, 23.78256], [119.60568, 23.78263], [119.60571, 23.78265], [119.60575, 23.78265], [119.60579, 23.78263], [119.60582, 23.7826], [119.60591, 23.78253], [119.60602, 23.7824], [119.60605, 23.78233], [119.60605, 23.7822], [119.60601, 23.78217], [119.60597, 23.78217], [119.60585, 23.78224], [119.60583, 23.78226], [119.60581, 23.78227], [119.60578, 23.78225], [119.60577, 23.78222], [119.60576, 23.78218], [119.60575, 23.78212], [119.60574, 23.78208], [119.60559, 23.782], [119.60555, 23.78197], [119.6055, 23.78197]]], [[[119.60693, 23.78179], [119.6069, 23.78181], [119.60685, 23.78186], [119.60683, 23.78188], [119.60682, 23.78188], [119.6068, 23.78187], [119.6068, 23.78184], [119.60679, 23.78183], [119.60676, 23.78183], [119.60664, 23.78184], [119.60656, 23.78189], [119.60654, 23.78192], [119.60655, 23.78195], [119.60657, 23.78198], [119.60659, 23.782], [119.6067, 23.78204], [119.60674, 23.78207], [119.60675, 23.7821], [119.60676, 23.78217], [119.60676, 23.78223], [119.60677, 23.78224], [119.60679, 23.78226], [119.60685, 23.78228], [119.60688, 23.7823], [119.60691, 23.78231], [119.60693, 23.78231], [119.60696, 23.7823], [119.60697, 23.78229], [119.60697, 23.78227], [119.60697, 23.78223], [119.60695, 23.78218], [119.60695, 23.78215], [119.60695, 23.78213], [119.60696, 23.78212], [119.60705, 23.78213], [119.60707, 23.78212], [119.60711, 23.78207], [119.60715, 23.78201], [119.60711, 23.78198], [119.6071, 23.78196], [119.60709, 23.78194], [119.60705, 23.78191], [119.60703, 23.78188], [119.60701, 23.78182], [119.60696, 23.78179], [119.60693, 23.78179]]], [[[119.60629, 23.78032], [119.60626, 23.78034], [119.60623, 23.78037], [119.60623, 23.78041], [119.60625, 23.78045], [119.60629, 23.78056], [119.60632, 23.78066], [119.60632, 23.78077], [119.60632, 23.78083], [119.6063, 23.78088], [119.60629, 23.78092], [119.60629, 23.78097], [119.60627, 23.78099], [119.60624, 23.781], [119.60619, 23.781], [119.60616, 23.78098], [119.60613, 23.78099], [119.60611, 23.78099], [119.6061, 23.78102], [119.60607, 23.78103], [119.60606, 23.78101], [119.60604, 23.78096], [119.60601, 23.78094], [119.60596, 23.78094], [119.60591, 23.78096], [119.60588, 23.78101], [119.60582, 23.78105], [119.60577, 23.78108], [119.60573, 23.7811], [119.6057, 23.78111], [119.60567, 23.78115], [119.60566, 23.78118], [119.60568, 23.78122], [119.60572, 23.78125], [119.60577, 23.78131], [119.60591, 23.78149], [119.60599, 23.78158], [119.60604, 23.78163], [119.60606, 23.78166], [119.60608, 23.78172], [119.60607, 23.78179], [119.60606, 23.78185], [119.60605, 23.78186], [119.60603, 23.78187], [119.60601, 23.78183], [119.606, 23.78179], [119.60597, 23.78175], [119.60595, 23.78168], [119.60592, 23.78164], [119.60589, 23.78162], [119.60583, 23.78162], [119.6058, 23.78162], [119.60575, 23.78165], [119.60573, 23.78168], [119.60572, 23.78171], [119.60578, 23.78177], [119.60587, 23.78192], [119.60598, 23.78205], [119.60607, 23.78216], [119.60611, 23.78218], [119.60618, 23.78218], [119.60635, 23.78218], [119.60639, 23.78219], [119.60644, 23.78221], [119.60648, 23.78222], [119.60652, 23.78222], [119.60656, 23.78221], [119.60659, 23.78216], [119.60661, 23.78212], [119.60663, 23.78206], [119.60661, 23.78203], [119.6066, 23.78201], [119.60654, 23.782], [119.60646, 23.78198], [119.60641, 23.78198], [119.60639, 23.78197], [119.60638, 23.78195], [119.60638, 23.78189], [119.60636, 23.78182], [119.60632, 23.78176], [119.60629, 23.78174], [119.60628, 23.78171], [119.60627, 23.78166], [119.60626, 23.78161], [119.60623, 23.78159], [119.60621, 23.78157], [119.60622, 23.78154], [119.60625, 23.78148], [119.60625, 23.78144], [119.60625, 23.78141], [119.60627, 23.78138], [119.60643, 23.78132], [119.60654, 23.78128], [119.60659, 23.78127], [119.60665, 23.78125], [119.60668, 23.78122], [119.6067, 23.78115], [119.60668, 23.78098], [119.60666, 23.78088], [119.60664, 23.78084], [119.60659, 23.7808], [119.60655, 23.78075], [119.60654, 23.78072], [119.60653, 23.78065], [119.60653, 23.78059], [119.60652, 23.78053], [119.6065, 23.78049], [119.60643, 23.78046], [119.60639, 23.78043], [119.60637, 23.7804], [119.60635, 23.78037], [119.60629, 23.78032]]], [[[119.60414, 23.7814], [119.60408, 23.7814], [119.60405, 23.78143], [119.60403, 23.78147], [119.60403, 23.78152], [119.60404, 23.78158], [119.60412, 23.78163], [119.60417, 23.78165], [119.60421, 23.78165], [119.60423, 23.78164], [119.60429, 23.78164], [119.60433, 23.78167], [119.60431, 23.78169], [119.60428, 23.78171], [119.60428, 23.78172], [119.6043, 23.78176], [119.60434, 23.78176], [119.60437, 23.78177], [119.60438, 23.7818], [119.6044, 23.78184], [119.60441, 23.78186], [119.60442, 23.7819], [119.60444, 23.78194], [119.60453, 23.78202], [119.60458, 23.78207], [119.60461, 23.78209], [119.60469, 23.78208], [119.60475, 23.78202], [119.60478, 23.78195], [119.6048, 23.78192], [119.60484, 23.78192], [119.60489, 23.78193], [119.60501, 23.78199], [119.60511, 23.78206], [119.60515, 23.78209], [119.6052, 23.78209], [119.60522, 23.78204], [119.60522, 23.78201], [119.60516, 23.78193], [119.60507, 23.78184], [119.60502, 23.78181], [119.60496, 23.78179], [119.60493, 23.78176], [119.60492, 23.78171], [119.60491, 23.7817], [119.60487, 23.78169], [119.6048, 23.7817], [119.60477, 23.78173], [119.60476, 23.78177], [119.60474, 23.78179], [119.60471, 23.78179], [119.60456, 23.7818], [119.60454, 23.78179], [119.60454, 23.78173], [119.60452, 23.78163], [119.60449, 23.78161], [119.60438, 23.7816], [119.60427, 23.78156], [119.6042, 23.78147], [119.60414, 23.7814]]], [[[119.60715, 23.77935], [119.60713, 23.78195], [119.60816, 23.78033], [119.60715, 23.77935]]], [[[119.60929, 23.77892], [119.60927, 23.77892], [119.60926, 23.77897], [119.60926, 23.77903], [119.60926, 23.77904], [119.60933, 23.77909], [119.60934, 23.77912], [119.60934, 23.77914], [119.60936, 23.77916], [119.60937, 23.77918], [119.60939, 23.77923], [119.60942, 23.77927], [119.60948, 23.77939], [119.6095, 23.77944], [119.60953, 23.77952], [119.60959, 23.77956], [119.6097, 23.77961], [119.60978, 23.77966], [119.60979, 23.77969], [119.60981, 23.77975], [119.60984, 23.77982], [119.60986, 23.77989], [119.60987, 23.78002], [119.60989, 23.78005], [119.60995, 23.78013], [119.61, 23.78019], [119.61009, 23.7803], [119.61013, 23.78034], [119.61014, 23.78036], [119.61012, 23.78041], [119.61014, 23.78046], [119.61011, 23.78048], [119.6101, 23.7805], [119.6101, 23.78052], [119.61013, 23.78054], [119.61016, 23.78058], [119.61016, 23.78062], [119.61015, 23.78064], [119.61017, 23.78067], [119.61021, 23.78072], [119.61025, 23.78074], [119.6103, 23.78075], [119.61041, 23.78075], [119.6105, 23.78078], [119.61054, 23.78082], [119.61055, 23.78086], [119.61055, 23.78089], [119.61058, 23.7809], [119.61063, 23.7809], [119.61065, 23.78089], [119.61069, 23.78091], [119.61088, 23.78102], [119.6109, 23.78104], [119.61098, 23.78105], [119.61102, 23.78104], [119.61103, 23.78101], [119.61102, 23.78098], [119.61097, 23.78089], [119.61085, 23.78075], [119.61077, 23.7807], [119.61072, 23.78063], [119.61069, 23.78059], [119.61064, 23.78056], [119.61056, 23.78056], [119.61052, 23.78058], [119.61051, 23.7806], [119.61049, 23.78062], [119.61047, 23.78065], [119.61046, 23.78068], [119.61044, 23.78069], [119.61041, 23.78068], [119.61039, 23.78066], [119.6104, 23.78063], [119.61038, 23.78061], [119.61033, 23.78059], [119.61031, 23.78058], [119.6103, 23.78056], [119.6103, 23.7805], [119.61031, 23.78049], [119.61034, 23.78048], [119.61038, 23.78049], [119.61041, 23.78052], [119.61045, 23.78052], [119.6105, 23.78052], [119.6105, 23.78051], [119.61049, 23.78048], [119.61047, 23.78048], [119.61047, 23.78047], [119.61046, 23.7804], [119.61045, 23.78037], [119.61042, 23.78036], [119.61042, 23.78032], [119.61045, 23.78031], [119.6105, 23.78031], [119.61058, 23.78032], [119.61063, 23.78036], [119.61066, 23.78041], [119.61069, 23.78051], [119.61071, 23.78053], [119.61073, 23.78053], [119.61075, 23.78052], [119.61077, 23.78049], [119.61076, 23.78043], [119.61073, 23.78033], [119.61073, 23.78032], [119.61075, 23.78031], [119.61077, 23.7803], [119.61078, 23.78029], [119.61079, 23.78027], [119.61081, 23.78026], [119.61085, 23.78026], [119.61087, 23.78029], [119.61088, 23.78032], [119.61095, 23.78035], [119.61097, 23.78037], [119.61097, 23.78042], [119.61094, 23.78045], [119.61092, 23.78048], [119.61092, 23.78052], [119.61094, 23.78056], [119.61097, 23.78061], [119.61103, 23.78063], [119.61113, 23.78063], [119.61116, 23.78065], [119.6112, 23.78067], [119.61125, 23.7807], [119.61138, 23.78072], [119.61143, 23.78075], [119.61147, 23.78075], [119.6115, 23.78072], [119.6115, 23.78068], [119.61154, 23.78066], [119.61158, 23.78067], [119.61165, 23.78071], [119.61167, 23.78072], [119.61171, 23.7807], [119.61173, 23.78065], [119.61173, 23.78056], [119.61168, 23.7805], [119.6115, 23.78051], [119.61142, 23.78047], [119.61136, 23.78045], [119.6112, 23.78044], [119.61117, 23.78043], [119.61116, 23.7804], [119.61118, 23.78038], [119.61121, 23.78035], [119.61121, 23.78033], [119.61119, 23.78031], [119.61114, 23.78028], [119.61114, 23.78025], [119.61116, 23.78024], [119.61117, 23.78021], [119.61116, 23.78019], [119.61114, 23.78016], [119.61113, 23.78012], [119.61113, 23.78006], [119.61112, 23.78002], [119.6111, 23.78], [119.61104, 23.78001], [119.61098, 23.78005], [119.61095, 23.78004], [119.61094, 23.78003], [119.61091, 23.77997], [119.61085, 23.77994], [119.6108, 23.77994], [119.61077, 23.77994], [119.61076, 23.78001], [119.61073, 23.78001], [119.61073, 23.77998], [119.61069, 23.77994], [119.61063, 23.77992], [119.61062, 23.77987], [119.61057, 23.77987], [119.6105, 23.77989], [119.61043, 23.77997], [119.61043, 23.78003], [119.61039, 23.78003], [119.61039, 23.77995], [119.61037, 23.77993], [119.61034, 23.77994], [119.61028, 23.78001], [119.61026, 23.78001], [119.61026, 23.77997], [119.61025, 23.7799], [119.61022, 23.77988], [119.61021, 23.77986], [119.61022, 23.77983], [119.61029, 23.77983], [119.61033, 23.77981], [119.61033, 23.77977], [119.61026, 23.77971], [119.61024, 23.77967], [119.61022, 23.77964], [119.6101, 23.77962], [119.61006, 23.77961], [119.60999, 23.77961], [119.60997, 23.7796], [119.60996, 23.77959], [119.60996, 23.77957], [119.60997, 23.77955], [119.61004, 23.77953], [119.61009, 23.77951], [119.61009, 23.77949], [119.61006, 23.77947], [119.61003, 23.77943], [119.61001, 23.77939], [119.61001, 23.77935], [119.60999, 23.77926], [119.60996, 23.77923], [119.60993, 23.77924], [119.60991, 23.77925], [119.60989, 23.77933], [119.60986, 23.77942], [119.60985, 23.77945], [119.60983, 23.77945], [119.60982, 23.77943], [119.60984, 23.7794], [119.60985, 23.77936], [119.60984, 23.77933], [119.60981, 23.7793], [119.60973, 23.77927], [119.60967, 23.77924], [119.60965, 23.77921], [119.60965, 23.77916], [119.60968, 23.77916], [119.60975, 23.77921], [119.60977, 23.77922], [119.60979, 23.77921], [119.60977, 23.77905], [119.60962, 23.77904], [119.60956, 23.77907], [119.60953, 23.77913], [119.60951, 23.77913], [119.60943, 23.77908], [119.60929, 23.77892]]], [[[119.61099, 23.77776], [119.61094, 23.77776], [119.61089, 23.77779], [119.6108, 23.77784], [119.61078, 23.77789], [119.61078, 23.77795], [119.61086, 23.77804], [119.61088, 23.77813], [119.61094, 23.77824], [119.61097, 23.77832], [119.61098, 23.77839], [119.61094, 23.77842], [119.61091, 23.77844], [119.61087, 23.77843], [119.61083, 23.7784], [119.61078, 23.77826], [119.61073, 23.77822], [119.61067, 23.77823], [119.61065, 23.77826], [119.61066, 23.77832], [119.61068, 23.77837], [119.61074, 23.77848], [119.61074, 23.77852], [119.61073, 23.77857], [119.61067, 23.77867], [119.6106, 23.77876], [119.6105, 23.77883], [119.61048, 23.77888], [119.61049, 23.77893], [119.61055, 23.77898], [119.61066, 23.77906], [119.61069, 23.7791], [119.61075, 23.77917], [119.61079, 23.77923], [119.61082, 23.77925], [119.61085, 23.77928], [119.61085, 23.77934], [119.61083, 23.77939], [119.61079, 23.77943], [119.61077, 23.77947], [119.61077, 23.77951], [119.61079, 23.77953], [119.61081, 23.77953], [119.61083, 23.77957], [119.61085, 23.77958], [119.61088, 23.77958], [119.6109, 23.77958], [119.61094, 23.77956], [119.61101, 23.77956], [119.61102, 23.77957], [119.61102, 23.7796], [119.61103, 23.77963], [119.61106, 23.77965], [119.6111, 23.77967], [119.61112, 23.7797], [119.61113, 23.77977], [119.61115, 23.7798], [119.61118, 23.77983], [119.6112, 23.77988], [119.61121, 23.77994], [119.61121, 23.77997], [119.6112, 23.77997], [119.61118, 23.77997], [119.61117, 23.77992], [119.61115, 23.77988], [119.61111, 23.77984], [119.61109, 23.77985], [119.61109, 23.77988], [119.61112, 23.77991], [119.61114, 23.78], [119.61116, 23.78005], [119.61119, 23.78008], [119.61127, 23.78007], [119.6113, 23.78008], [119.61131, 23.7801], [119.61132, 23.78012], [119.61137, 23.78014], [119.61145, 23.78013], [119.61148, 23.78011], [119.61149, 23.78009], [119.61149, 23.77997], [119.6115, 23.77995], [119.61156, 23.77995], [119.61157, 23.77998], [119.61159, 23.78001], [119.61162, 23.78001], [119.61164, 23.78001], [119.61166, 23.77999], [119.61168, 23.77998], [119.61171, 23.77998], [119.61181, 23.77998], [119.61186, 23.77998], [119.61187, 23.77993], [119.61185, 23.77989], [119.61182, 23.77985], [119.61172, 23.77985], [119.61169, 23.77984], [119.61166, 23.77982], [119.61163, 23.77977], [119.6116, 23.77972], [119.61156, 23.77964], [119.61152, 23.77961], [119.6114, 23.77961], [119.61138, 23.7796], [119.61136, 23.77958], [119.61135, 23.77957], [119.61126, 23.77952], [119.61126, 23.77949], [119.61134, 23.77947], [119.61136, 23.77944], [119.61136, 23.7794], [119.6113, 23.77931], [119.61126, 23.77926], [119.61127, 23.77924], [119.61139, 23.77925], [119.61139, 23.77922], [119.61136, 23.77918], [119.6113, 23.77917], [119.61126, 23.77915], [119.61121, 23.7791], [119.61115, 23.77907], [119.61101, 23.77904], [119.61093, 23.77905], [119.61091, 23.77905], [119.61091, 23.779], [119.6109, 23.77897], [119.61086, 23.77893], [119.61073, 23.77886], [119.61073, 23.77883], [119.61078, 23.77884], [119.6108, 23.77886], [119.61088, 23.77887], [119.61091, 23.77887], [119.61095, 23.77884], [119.61098, 23.77884], [119.61102, 23.77886], [119.61108, 23.77887], [119.6111, 23.77886], [119.61113, 23.77884], [119.61109, 23.77877], [119.61103, 23.77867], [119.611, 23.77857], [119.611, 23.77853], [119.61105, 23.77853], [119.61107, 23.77856], [119.61111, 23.77856], [119.61112, 23.77854], [119.61115, 23.77854], [119.61117, 23.77858], [119.61118, 23.77871], [119.61119, 23.77874], [119.61122, 23.77878], [119.61124, 23.77884], [119.61122, 23.7789], [119.61122, 23.77894], [119.61126, 23.77904], [119.61132, 23.77908], [119.61138, 23.77907], [119.61141, 23.77908], [119.61145, 23.77911], [119.61147, 23.77913], [119.61151, 23.77913], [119.61153, 23.77913], [119.61154, 23.77916], [119.61154, 23.77923], [119.61156, 23.77926], [119.61159, 23.77927], [119.6116, 23.77927], [119.6116, 23.77923], [119.61159, 23.77918], [119.61161, 23.77917], [119.61163, 23.77922], [119.61164, 23.77926], [119.6117, 23.7793], [119.61173, 23.77934], [119.61177, 23.77942], [119.61179, 23.77947], [119.61184, 23.77948], [119.61185, 23.77947], [119.61186, 23.77945], [119.61183, 23.77925], [119.6118, 23.77918], [119.61179, 23.77917], [119.61179, 23.77916], [119.61183, 23.77915], [119.61184, 23.77914], [119.61185, 23.7791], [119.61184, 23.77908], [119.61183, 23.77906], [119.61182, 23.77903], [119.61183, 23.77899], [119.61183, 23.77895], [119.61183, 23.77891], [119.61181, 23.77888], [119.61175, 23.77887], [119.61168, 23.77884], [119.61167, 23.77883], [119.61166, 23.77879], [119.61165, 23.77877], [119.61159, 23.77874], [119.61152, 23.77869], [119.61148, 23.77864], [119.61144, 23.77861], [119.61142, 23.77859], [119.6114, 23.77855], [119.61139, 23.7785], [119.61137, 23.77846], [119.61129, 23.77838], [119.61128, 23.77832], [119.61124, 23.77829], [119.6112, 23.77828], [119.61117, 23.77826], [119.61114, 23.77811], [119.61112, 23.77811], [119.61112, 23.77809], [119.61123, 23.77808], [119.61122, 23.77803], [119.61117, 23.77802], [119.61107, 23.77791], [119.61103, 23.7778], [119.61099, 23.77776]]], [[[119.60794, 23.77938], [119.60787, 23.77939], [119.60784, 23.77943], [119.60784, 23.77948], [119.60784, 23.77951], [119.60786, 23.77954], [119.60788, 23.77958], [119.6079, 23.77959], [119.6079, 23.77961], [119.60789, 23.77963], [119.6078, 23.77969], [119.60774, 23.77975], [119.60766, 23.77985], [119.60764, 23.7799], [119.60764, 23.78006], [119.60765, 23.78011], [119.60769, 23.78013], [119.60782, 23.78012], [119.60788, 23.78012], [119.60791, 23.7801], [119.60792, 23.78007], [119.60791, 23.78004], [119.60789, 23.78], [119.60786, 23.77998], [119.60784, 23.77995], [119.60784, 23.77993], [119.60787, 23.77991], [119.60789, 23.77991], [119.6079, 23.77992], [119.60793, 23.77993], [119.60796, 23.77993], [119.60797, 23.7799], [119.60797, 23.77989], [119.60796, 23.77986], [119.60796, 23.77983], [119.60798, 23.77982], [119.608, 23.77982], [119.60802, 23.77983], [119.60804, 23.77987], [119.60809, 23.77992], [119.60811, 23.77991], [119.60814, 23.7799], [119.60815, 23.77987], [119.60814, 23.77983], [119.60811, 23.77982], [119.60811, 23.77979], [119.60811, 23.77977], [119.60811, 23.77975], [119.60815, 23.77972], [119.6082, 23.77968], [119.60825, 23.77963], [119.60826, 23.77959], [119.60825, 23.77957], [119.60822, 23.77954], [119.60822, 23.77949], [119.60822, 23.77946], [119.60817, 23.77942], [119.60811, 23.77943], [119.60808, 23.77943], [119.60802, 23.77941], [119.60794, 23.77938]]], [[[119.6069, 23.77849], [119.60688, 23.7785], [119.60698, 23.77867], [119.60699, 23.77873], [119.60699, 23.77882], [119.60705, 23.7789], [119.60721, 23.77903], [119.60724, 23.77905], [119.60728, 23.77904], [119.60728, 23.77901], [119.60726, 23.77895], [119.60726, 23.77892], [119.60728, 23.77891], [119.6073, 23.77894], [119.60737, 23.77903], [119.60742, 23.77906], [119.60747, 23.77909], [119.60753, 23.77909], [119.60758, 23.7791], [119.60766, 23.77914], [119.60778, 23.77919], [119.60783, 23.77919], [119.60785, 23.77918], [119.60786, 23.77915], [119.60783, 23.77908], [119.60778, 23.77898], [119.60775, 23.77896], [119.60774, 23.77893], [119.60774, 23.77891], [119.60775, 23.77889], [119.6078, 23.77886], [119.60786, 23.77884], [119.60788, 23.7788], [119.60789, 23.77878], [119.60791, 23.77877], [119.60793, 23.77879], [119.60796, 23.77886], [119.60805, 23.77894], [119.6081, 23.77896], [119.60817, 23.77897], [119.60818, 23.77894], [119.60818, 23.77887], [119.60817, 23.77883], [119.60814, 23.77879], [119.60805, 23.77873], [119.60804, 23.77867], [119.60804, 23.77863], [119.60801, 23.7786], [119.60798, 23.77857], [119.60795, 23.77858], [119.60786, 23.77868], [119.6078, 23.77874], [119.60768, 23.77881], [119.60762, 23.77889], [119.60756, 23.77894], [119.60749, 23.77894], [119.60746, 23.77892], [119.60744, 23.77888], [119.60737, 23.77882], [119.60733, 23.77878], [119.60729, 23.77874], [119.60728, 23.77867], [119.60729, 23.77858], [119.60726, 23.77853], [119.60722, 23.77853], [119.60715, 23.77855], [119.60712, 23.77859], [119.60709, 23.7786], [119.60704, 23.77859], [119.60697, 23.77854], [119.6069, 23.77849]]], [[[119.61128, 23.7776], [119.61126, 23.7776], [119.61126, 23.77762], [119.61126, 23.77767], [119.61127, 23.77769], [119.61128, 23.77771], [119.61128, 23.77773], [119.61127, 23.77774], [119.61125, 23.77778], [119.61125, 23.77781], [119.61128, 23.77785], [119.61141, 23.77793], [119.61141, 23.77794], [119.61144, 23.77799], [119.61148, 23.77805], [119.61149, 23.7781], [119.61145, 23.77815], [119.61145, 23.77822], [119.61141, 23.77824], [119.61141, 23.77829], [119.61143, 23.77831], [119.61145, 23.77838], [119.61148, 23.7784], [119.6115, 23.77844], [119.61151, 23.77849], [119.61153, 23.77853], [119.61156, 23.77853], [119.6116, 23.77853], [119.61161, 23.77852], [119.61162, 23.7785], [119.61163, 23.77848], [119.61165, 23.77848], [119.61165, 23.77849], [119.61166, 23.7785], [119.61166, 23.77851], [119.6117, 23.77853], [119.61173, 23.77855], [119.61174, 23.77858], [119.61174, 23.77862], [119.61176, 23.77865], [119.61177, 23.77866], [119.61177, 23.77868], [119.61178, 23.77869], [119.61177, 23.77871], [119.61175, 23.77873], [119.61174, 23.77875], [119.61175, 23.77876], [119.61177, 23.77876], [119.61184, 23.77874], [119.61189, 23.77871], [119.61194, 23.77866], [119.61196, 23.77864], [119.61201, 23.77864], [119.61204, 23.77866], [119.61207, 23.77869], [119.6121, 23.77871], [119.61212, 23.77873], [119.61212, 23.77879], [119.61215, 23.77883], [119.61219, 23.77885], [119.61226, 23.77889], [119.61232, 23.77889], [119.61232, 23.77885], [119.61229, 23.77883], [119.61229, 23.7788], [119.61227, 23.77872], [119.6122, 23.77863], [119.61215, 23.77858], [119.61214, 23.77853], [119.61215, 23.77849], [119.61217, 23.77848], [119.6122, 23.77851], [119.61223, 23.77856], [119.61229, 23.77855], [119.6123, 23.7785], [119.61231, 23.77843], [119.61234, 23.77842], [119.61238, 23.77838], [119.61237, 23.77831], [119.61232, 23.77825], [119.61227, 23.77825], [119.61223, 23.77818], [119.61223, 23.77816], [119.61222, 23.77813], [119.61219, 23.7781], [119.61211, 23.77804], [119.61203, 23.77796], [119.61203, 23.77791], [119.61202, 23.77786], [119.61199, 23.77783], [119.61196, 23.77783], [119.61193, 23.77784], [119.6119, 23.77787], [119.61187, 23.77787], [119.61186, 23.77785], [119.61183, 23.77781], [119.61183, 23.77776], [119.61181, 23.77774], [119.6118, 23.77773], [119.61176, 23.77771], [119.61168, 23.7777], [119.6116, 23.77772], [119.61152, 23.77776], [119.61149, 23.77781], [119.61147, 23.77784], [119.61146, 23.77784], [119.61145, 23.77784], [119.61143, 23.77782], [119.61142, 23.7778], [119.61139, 23.77771], [119.61134, 23.77765], [119.61131, 23.77761], [119.61128, 23.7776]]], [[[119.6125, 23.77661], [119.61247, 23.77662], [119.61242, 23.77664], [119.61241, 23.77669], [119.61244, 23.77675], [119.61244, 23.7768], [119.61241, 23.77682], [119.61239, 23.77685], [119.61239, 23.77691], [119.61238, 23.77695], [119.61234, 23.77699], [119.61233, 23.77701], [119.61233, 23.77704], [119.61235, 23.77706], [119.61236, 23.77713], [119.61233, 23.77718], [119.61232, 23.77725], [119.61235, 23.77738], [119.61238, 23.77742], [119.61241, 23.77743], [119.61243, 23.77746], [119.61246, 23.77754], [119.61249, 23.77758], [119.61253, 23.7776], [119.61252, 23.77768], [119.61262, 23.77777], [119.61264, 23.77782], [119.61266, 23.77788], [119.61266, 23.77799], [119.61262, 23.77807], [119.61262, 23.7781], [119.61267, 23.77815], [119.61273, 23.77815], [119.61277, 23.77819], [119.61277, 23.77824], [119.61284, 23.77826], [119.61294, 23.77834], [119.61306, 23.77833], [119.61307, 23.77831], [119.61307, 23.77826], [119.61311, 23.77826], [119.6132, 23.77832], [119.6132, 23.77838], [119.61325, 23.77841], [119.6133, 23.7784], [119.61333, 23.77839], [119.61336, 23.7784], [119.61336, 23.77843], [119.61326, 23.77847], [119.61323, 23.77851], [119.61322, 23.77854], [119.61327, 23.77858], [119.6133, 23.7786], [119.61331, 23.77867], [119.61337, 23.77871], [119.61345, 23.77873], [119.61358, 23.77877], [119.61365, 23.77883], [119.61373, 23.77883], [119.61382, 23.7788], [119.61388, 23.77872], [119.61389, 23.77862], [119.61396, 23.77857], [119.61395, 23.7785], [119.61395, 23.77842], [119.61397, 23.77837], [119.614, 23.77833], [119.61399, 23.77829], [119.61393, 23.7782], [119.61387, 23.77814], [119.61387, 23.77807], [119.61388, 23.77795], [119.61391, 23.77777], [119.61387, 23.77776], [119.61381, 23.77777], [119.61377, 23.77783], [119.61376, 23.77805], [119.61375, 23.7781], [119.61372, 23.77811], [119.61366, 23.77807], [119.6136, 23.77799], [119.61357, 23.77797], [119.61353, 23.77795], [119.61349, 23.77792], [119.61348, 23.77785], [119.61342, 23.77781], [119.61341, 23.77777], [119.6134, 23.77768], [119.61337, 23.7776], [119.61337, 23.77757], [119.61342, 23.77752], [119.61347, 23.77749], [119.61346, 23.77743], [119.61342, 23.7774], [119.6134, 23.77737], [119.61336, 23.77736], [119.61334, 23.77738], [119.61333, 23.77741], [119.6133, 23.77741], [119.61327, 23.77739], [119.61328, 23.77735], [119.6133, 23.77731], [119.6133, 23.77723], [119.61337, 23.77723], [119.6134, 23.7772], [119.6134, 23.77715], [119.61337, 23.77711], [119.61333, 23.77706], [119.61324, 23.77704], [119.61313, 23.77703], [119.61309, 23.77702], [119.61308, 23.77698], [119.61303, 23.77692], [119.61295, 23.77692], [119.61292, 23.77692], [119.61292, 23.77696], [119.61288, 23.777], [119.61286, 23.77703], [119.61288, 23.77706], [119.6129, 23.77707], [119.61289, 23.7771], [119.61286, 23.77714], [119.61286, 23.77718], [119.61287, 23.77721], [119.61293, 23.77724], [119.61299, 23.77729], [119.61301, 23.77737], [119.613, 23.77748], [119.61298, 23.77756], [119.61296, 23.77759], [119.61296, 23.77768], [119.61296, 23.77773], [119.61298, 23.77779], [119.61298, 23.77782], [119.61294, 23.77782], [119.61292, 23.77778], [119.61284, 23.77773], [119.61283, 23.77766], [119.6128, 23.77761], [119.61272, 23.77753], [119.61273, 23.77748], [119.61274, 23.77744], [119.61274, 23.77737], [119.61271, 23.77731], [119.61269, 23.77726], [119.61269, 23.77719], [119.61272, 23.77717], [119.61272, 23.77714], [119.6127, 23.77711], [119.61268, 23.77708], [119.61267, 23.77691], [119.61265, 23.77688], [119.61267, 23.77681], [119.61261, 23.77666], [119.61256, 23.7766], [119.6125, 23.77661]]], [[[119.60749, 23.77824], [119.60746, 23.77825], [119.60745, 23.77826], [119.60745, 23.77828], [119.60742, 23.7783], [119.60741, 23.7783], [119.60735, 23.77831], [119.60732, 23.77833], [119.60729, 23.7784], [119.60729, 23.77844], [119.60737, 23.77855], [119.60739, 23.77864], [119.60746, 23.7787], [119.60755, 23.77873], [119.60763, 23.77875], [119.60765, 23.77873], [119.60762, 23.77868], [119.60759, 23.77867], [119.60755, 23.77859], [119.60747, 23.77849], [119.60747, 23.77847], [119.60748, 23.77846], [119.60751, 23.77848], [119.60761, 23.77857], [119.60769, 23.77859], [119.6078, 23.7786], [119.60781, 23.77857], [119.60778, 23.77853], [119.6077, 23.77848], [119.60767, 23.77837], [119.60765, 23.77835], [119.60759, 23.77832], [119.60755, 23.77826], [119.60749, 23.77824]]], [[[119.61209, 23.77742], [119.61206, 23.77745], [119.61203, 23.77748], [119.612, 23.7775], [119.61199, 23.77755], [119.61199, 23.77765], [119.61201, 23.77768], [119.61205, 23.7777], [119.61206, 23.77772], [119.61208, 23.77775], [119.61209, 23.77778], [119.6121, 23.77779], [119.61213, 23.77781], [119.61212, 23.77791], [119.61213, 23.77794], [119.61216, 23.77796], [119.61222, 23.77797], [119.61226, 23.77799], [119.61229, 23.77801], [119.61231, 23.77807], [119.61234, 23.77811], [119.61237, 23.77811], [119.61241, 23.77811], [119.61246, 23.77808], [119.61246, 23.77806], [119.61246, 23.77802], [119.61243, 23.77797], [119.61242, 23.77794], [119.61243, 23.77784], [119.61242, 23.7778], [119.6124, 23.77777], [119.61239, 23.77773], [119.61239, 23.77769], [119.6124, 23.77764], [119.61241, 23.77761], [119.61237, 23.77757], [119.61231, 23.77757], [119.61228, 23.77758], [119.61226, 23.77759], [119.61223, 23.77756], [119.61218, 23.7775], [119.61216, 23.77745], [119.61213, 23.77743], [119.61209, 23.77742]]], [[[119.61078, 23.77707], [119.61072, 23.77707], [119.61071, 23.7771], [119.61071, 23.77721], [119.6107, 23.77722], [119.61069, 23.77722], [119.61066, 23.77722], [119.61063, 23.77719], [119.6106, 23.77721], [119.61053, 23.77725], [119.61045, 23.77728], [119.61041, 23.77732], [119.6104, 23.77736], [119.6104, 23.77739], [119.61039, 23.77741], [119.61036, 23.77743], [119.61033, 23.77745], [119.61031, 23.77748], [119.61031, 23.7775], [119.61033, 23.77755], [119.61037, 23.7776], [119.6105, 23.77758], [119.61053, 23.77758], [119.61054, 23.7776], [119.61055, 23.77765], [119.61056, 23.77767], [119.6106, 23.77773], [119.61063, 23.77776], [119.6107, 23.77777], [119.61074, 23.77777], [119.61075, 23.77776], [119.61076, 23.77774], [119.61074, 23.77771], [119.61071, 23.77768], [119.6107, 23.77766], [119.6107, 23.77764], [119.61071, 23.77762], [119.61071, 23.77756], [119.61071, 23.7775], [119.61074, 23.77747], [119.61077, 23.77745], [119.61079, 23.77742], [119.61078, 23.77735], [119.61076, 23.77729], [119.61078, 23.77726], [119.61081, 23.77714], [119.61081, 23.77708], [119.61078, 23.77707]]], [[[119.61112, 23.77668], [119.61109, 23.77669], [119.61108, 23.77671], [119.6111, 23.77676], [119.61111, 23.77679], [119.61111, 23.77681], [119.61111, 23.77684], [119.61108, 23.77687], [119.61105, 23.77693], [119.61104, 23.77699], [119.61106, 23.77709], [119.61109, 23.77711], [119.61114, 23.77712], [119.61117, 23.77708], [119.61119, 23.77706], [119.61121, 23.77705], [119.61125, 23.77706], [119.61127, 23.77707], [119.61131, 23.77708], [119.61141, 23.77709], [119.61146, 23.77711], [119.61147, 23.77713], [119.61145, 23.77718], [119.61145, 23.77721], [119.61148, 23.77728], [119.61152, 23.77737], [119.61153, 23.77741], [119.61159, 23.77744], [119.61162, 23.77744], [119.61163, 23.77741], [119.61163, 23.77738], [119.61163, 23.77735], [119.61165, 23.77733], [119.61168, 23.77734], [119.61174, 23.77734], [119.61176, 23.77733], [119.61175, 23.7773], [119.61173, 23.77725], [119.61172, 23.77723], [119.61172, 23.77721], [119.61174, 23.77715], [119.61174, 23.77711], [119.61172, 23.77708], [119.61168, 23.77709], [119.61166, 23.7771], [119.61165, 23.77711], [119.61163, 23.77711], [119.61161, 23.7771], [119.61162, 23.77709], [119.61164, 23.77708], [119.61165, 23.77707], [119.61165, 23.77705], [119.61165, 23.77695], [119.61163, 23.7769], [119.61161, 23.77688], [119.61161, 23.77684], [119.61161, 23.77679], [119.61159, 23.77676], [119.61154, 23.77672], [119.61151, 23.77673], [119.6115, 23.77675], [119.61152, 23.77681], [119.61152, 23.77684], [119.61152, 23.77686], [119.61151, 23.77688], [119.61149, 23.77689], [119.61145, 23.77688], [119.61141, 23.77683], [119.6114, 23.77683], [119.61134, 23.77682], [119.6113, 23.77681], [119.61119, 23.77671], [119.61115, 23.77669], [119.61112, 23.77668]]], [[[119.61177, 23.77606], [119.61174, 23.77606], [119.61171, 23.77608], [119.61169, 23.77612], [119.61166, 23.77613], [119.61152, 23.77612], [119.6115, 23.77613], [119.61149, 23.77616], [119.6115, 23.77621], [119.6115, 23.77623], [119.61149, 23.77625], [119.61148, 23.77627], [119.61148, 23.77629], [119.61148, 23.7763], [119.61154, 23.77637], [119.61154, 23.77638], [119.61155, 23.77642], [119.61155, 23.77644], [119.61155, 23.77646], [119.61163, 23.7765], [119.61164, 23.77651], [119.61165, 23.77653], [119.61165, 23.77654], [119.61164, 23.77656], [119.61161, 23.77661], [119.6116, 23.77663], [119.61161, 23.77666], [119.61166, 23.77671], [119.61173, 23.77673], [119.61178, 23.77674], [119.61183, 23.77675], [119.61186, 23.77678], [119.61196, 23.77686], [119.61204, 23.77688], [119.61211, 23.77695], [119.61215, 23.77698], [119.61219, 23.77698], [119.6122, 23.77696], [119.6122, 23.77695], [119.6122, 23.77692], [119.61219, 23.7769], [119.61214, 23.77688], [119.61212, 23.77686], [119.61211, 23.77683], [119.6121, 23.77677], [119.61209, 23.77675], [119.61198, 23.77666], [119.61191, 23.77664], [119.6119, 23.77665], [119.6119, 23.77667], [119.61189, 23.77669], [119.61188, 23.77669], [119.61187, 23.77668], [119.61186, 23.77667], [119.61187, 23.77664], [119.61187, 23.77662], [119.61186, 23.7766], [119.61177, 23.77649], [119.61177, 23.77646], [119.61177, 23.77642], [119.61178, 23.77641], [119.61183, 23.77642], [119.61191, 23.77642], [119.61192, 23.7764], [119.61192, 23.77638], [119.61187, 23.77632], [119.61184, 23.77629], [119.61181, 23.77625], [119.6118, 23.77623], [119.6118, 23.77619], [119.61181, 23.77617], [119.61183, 23.77615], [119.61183, 23.77613], [119.61183, 23.77611], [119.61183, 23.77609], [119.6118, 23.77606], [119.61177, 23.77606]]], [[[119.61169, 23.77557], [119.61166, 23.77558], [119.61161, 23.77561], [119.61157, 23.77562], [119.61147, 23.77561], [119.61146, 23.77563], [119.61147, 23.77564], [119.61149, 23.77567], [119.6115, 23.7757], [119.61154, 23.77572], [119.61163, 23.77576], [119.6117, 23.7758], [119.61174, 23.7759], [119.61178, 23.77594], [119.61184, 23.77594], [119.61191, 23.77593], [119.61193, 23.77594], [119.61196, 23.77598], [119.612, 23.77601], [119.61207, 23.77603], [119.61214, 23.77602], [119.61217, 23.77597], [119.61215, 23.77595], [119.61212, 23.77593], [119.61208, 23.77591], [119.61206, 23.77588], [119.61204, 23.77585], [119.61202, 23.77579], [119.612, 23.77577], [119.61198, 23.77577], [119.61191, 23.77578], [119.6119, 23.77579], [119.61188, 23.77578], [119.61187, 23.77575], [119.61185, 23.77572], [119.61183, 23.77571], [119.61182, 23.77569], [119.61182, 23.77564], [119.6118, 23.77562], [119.61174, 23.77557], [119.61169, 23.77557]]], [[[119.59878, 23.76881], [119.60183, 23.76904], [119.60162, 23.77051], [119.60523, 23.77297], [119.60562, 23.77567], [119.60693, 23.77532], [119.60646, 23.77324], [119.60808, 23.77329], [119.60716, 23.77048], [119.60248, 23.76734], [119.59926, 23.75836], [119.59779, 23.75776], [119.59646, 23.76207], [119.59976, 23.76784], [119.59878, 23.76881]]], [[[119.60769, 23.77477], [119.60751, 23.77479], [119.6075, 23.7748], [119.60752, 23.77483], [119.60755, 23.7749], [119.60755, 23.77492], [119.60753, 23.77494], [119.60745, 23.77498], [119.60739, 23.77502], [119.60736, 23.77507], [119.60735, 23.77509], [119.60737, 23.77512], [119.60738, 23.77514], [119.60738, 23.77517], [119.60737, 23.77518], [119.60735, 23.77518], [119.60732, 23.77518], [119.60731, 23.77514], [119.60732, 23.77506], [119.6073, 23.77501], [119.60726, 23.77497], [119.60722, 23.77498], [119.60721, 23.775], [119.60721, 23.77505], [119.60724, 23.77513], [119.60729, 23.77521], [119.6073, 23.77523], [119.60732, 23.77528], [119.60732, 23.77532], [119.60734, 23.77535], [119.60739, 23.77538], [119.60749, 23.77537], [119.60757, 23.77535], [119.60764, 23.7753], [119.60764, 23.77527], [119.60762, 23.77518], [119.6076, 23.77515], [119.60755, 23.77513], [119.60754, 23.7751], [119.60756, 23.77507], [119.60758, 23.77505], [119.60765, 23.775], [119.60766, 23.77497], [119.60766, 23.77493], [119.60767, 23.77486], [119.6077, 23.77481], [119.60771, 23.77477], [119.60769, 23.77477]]], [[[119.60795, 23.77441], [119.60789, 23.77441], [119.60785, 23.77444], [119.60783, 23.7745], [119.60782, 23.77458], [119.6078, 23.77462], [119.60781, 23.77478], [119.60783, 23.77495], [119.60784, 23.775], [119.60789, 23.77502], [119.60794, 23.775], [119.60798, 23.77499], [119.60799, 23.77494], [119.608, 23.77486], [119.60802, 23.77483], [119.60806, 23.77474], [119.60806, 23.77468], [119.60804, 23.77462], [119.60802, 23.77457], [119.60801, 23.77451], [119.608, 23.77447], [119.60799, 23.77443], [119.60795, 23.77441]]], [[[119.58739, 23.76798], [119.58736, 23.76799], [119.58733, 23.76803], [119.58731, 23.76808], [119.58729, 23.76811], [119.58725, 23.76812], [119.58721, 23.76813], [119.58717, 23.76815], [119.58713, 23.7682], [119.58713, 23.76824], [119.58716, 23.76827], [119.58719, 23.76829], [119.58723, 23.76829], [119.58723, 23.76826], [119.58728, 23.76825], [119.58731, 23.76826], [119.58732, 23.76831], [119.58733, 23.76841], [119.58732, 23.76844], [119.5873, 23.76847], [119.58727, 23.76852], [119.58727, 23.76854], [119.58727, 23.76856], [119.58728, 23.76859], [119.58727, 23.76861], [119.58726, 23.76861], [119.58722, 23.76858], [119.58716, 23.76856], [119.58714, 23.76854], [119.58708, 23.76851], [119.58702, 23.76851], [119.587, 23.76853], [119.587, 23.76856], [119.58702, 23.76859], [119.58709, 23.7686], [119.58714, 23.76862], [119.58721, 23.76866], [119.58726, 23.76868], [119.58733, 23.76867], [119.58735, 23.76867], [119.58738, 23.76869], [119.58738, 23.76872], [119.58737, 23.76876], [119.58737, 23.7688], [119.5874, 23.76881], [119.58743, 23.76881], [119.58753, 23.76879], [119.58756, 23.76877], [119.5876, 23.76872], [119.58763, 23.76869], [119.5877, 23.76864], [119.58772, 23.76859], [119.58775, 23.76851], [119.58778, 23.76844], [119.58778, 23.76838], [119.58778, 23.76823], [119.58776, 23.76819], [119.58765, 23.76818], [119.58757, 23.76818], [119.58749, 23.76816], [119.58747, 23.76813], [119.58739, 23.76798]]], [[[119.5849, 23.76623], [119.58477, 23.76624], [119.58472, 23.76626], [119.58468, 23.76628], [119.58466, 23.76633], [119.58467, 23.76641], [119.58474, 23.76647], [119.58478, 23.76653], [119.58477, 23.76661], [119.58477, 23.76665], [119.58478, 23.76669], [119.58479, 23.76673], [119.58475, 23.76677], [119.58468, 23.76679], [119.58465, 23.76681], [119.58466, 23.76684], [119.58466, 23.76687], [119.58465, 23.76691], [119.58462, 23.76694], [119.58463, 23.76698], [119.58461, 23.76701], [119.58458, 23.76703], [119.58457, 23.76708], [119.58461, 23.76715], [119.58465, 23.7672], [119.58468, 23.76726], [119.58467, 23.76732], [119.58465, 23.76738], [119.58463, 23.76737], [119.58455, 23.76739], [119.5845, 23.76741], [119.58448, 23.76745], [119.58448, 23.76755], [119.58451, 23.76757], [119.58456, 23.76757], [119.58458, 23.76752], [119.58462, 23.7675], [119.58463, 23.7675], [119.58464, 23.76753], [119.58463, 23.76756], [119.5846, 23.76759], [119.5846, 23.76762], [119.58465, 23.76772], [119.58476, 23.76781], [119.58486, 23.76785], [119.58494, 23.76784], [119.58502, 23.7678], [119.5851, 23.7678], [119.58531, 23.76781], [119.58544, 23.76781], [119.58544, 23.76778], [119.58544, 23.76772], [119.58547, 23.76769], [119.58554, 23.76763], [119.58555, 23.76759], [119.58554, 23.76754], [119.58554, 23.76749], [119.5856, 23.76748], [119.58567, 23.76745], [119.58579, 23.76745], [119.58583, 23.76735], [119.58584, 23.76727], [119.58586, 23.76717], [119.58591, 23.7671], [119.5859, 23.76701], [119.58586, 23.76695], [119.58582, 23.76691], [119.58581, 23.76685], [119.58578, 23.76682], [119.58576, 23.76673], [119.58577, 23.76665], [119.58575, 23.76662], [119.5857, 23.7666], [119.5857, 23.76657], [119.58564, 23.76655], [119.58562, 23.76661], [119.58555, 23.76667], [119.58549, 23.76672], [119.58545, 23.76672], [119.58542, 23.76667], [119.5854, 23.7666], [119.58534, 23.76658], [119.58531, 23.76656], [119.58529, 23.76646], [119.58528, 23.76644], [119.58518, 23.76644], [119.58518, 23.7664], [119.58515, 23.7664], [119.58512, 23.76641], [119.58509, 23.76647], [119.58506, 23.76645], [119.58504, 23.76642], [119.58496, 23.76636], [119.58495, 23.76632], [119.58496, 23.76627], [119.58495, 23.76624], [119.5849, 23.76623]]], [[[119.60257, 23.76692], [119.60254, 23.76693], [119.60252, 23.76695], [119.60247, 23.76696], [119.60244, 23.76698], [119.60242, 23.767], [119.60241, 23.76703], [119.60241, 23.76707], [119.60243, 23.76711], [119.60246, 23.76719], [119.60247, 23.76726], [119.60248, 23.76729], [119.60252, 23.76732], [119.60262, 23.7674], [119.60268, 23.76742], [119.60273, 23.76743], [119.6028, 23.76748], [119.6029, 23.76749], [119.60302, 23.76749], [119.60311, 23.76743], [119.60312, 23.76739], [119.60312, 23.76735], [119.60309, 23.76731], [119.60303, 23.76725], [119.60298, 23.76721], [119.60294, 23.76715], [119.6029, 23.76707], [119.60287, 23.76703], [119.60285, 23.76701], [119.60281, 23.76701], [119.60273, 23.76699], [119.60269, 23.76696], [119.60266, 23.76694], [119.60263, 23.76693], [119.60257, 23.76692]]], [[[119.60368, 23.76646], [119.60356, 23.76646], [119.60348, 23.76649], [119.60343, 23.76654], [119.60338, 23.76667], [119.60336, 23.76671], [119.60336, 23.76673], [119.60335, 23.76674], [119.60332, 23.76672], [119.60329, 23.76673], [119.60327, 23.76677], [119.60328, 23.76687], [119.60331, 23.76689], [119.60334, 23.76696], [119.60336, 23.76702], [119.60352, 23.76718], [119.60356, 23.76721], [119.60363, 23.76722], [119.60381, 23.76723], [119.60383, 23.76725], [119.60388, 23.76727], [119.60397, 23.76727], [119.60399, 23.76729], [119.60407, 23.76727], [119.60408, 23.76723], [119.60407, 23.76716], [119.60401, 23.76707], [119.60394, 23.76699], [119.60387, 23.76691], [119.60383, 23.76685], [119.60381, 23.7668], [119.60381, 23.76675], [119.60382, 23.76667], [119.60381, 23.76661], [119.60378, 23.76654], [119.60368, 23.76646]]], [[[119.60551, 23.76559], [119.60471, 23.76699], [119.60642, 23.76646], [119.60551, 23.76559]]], [[[119.60747, 23.76467], [119.60741, 23.76467], [119.60735, 23.76472], [119.60729, 23.76476], [119.60726, 23.76478], [119.60722, 23.76478], [119.6072, 23.76474], [119.60707, 23.76476], [119.60688, 23.76481], [119.60686, 23.76485], [119.6068, 23.76486], [119.60676, 23.7649], [119.60674, 23.76492], [119.60672, 23.76494], [119.60664, 23.76495], [119.60651, 23.76501], [119.60646, 23.76505], [119.6064, 23.76509], [119.60626, 23.7651], [119.60612, 23.76515], [119.60604, 23.76521], [119.60594, 23.76521], [119.60585, 23.76525], [119.60573, 23.76531], [119.60563, 23.76535], [119.60563, 23.76538], [119.60565, 23.7654], [119.60578, 23.76538], [119.60591, 23.76537], [119.60599, 23.76535], [119.60606, 23.76534], [119.60626, 23.76531], [119.60639, 23.76526], [119.6065, 23.76519], [119.60658, 23.76516], [119.60667, 23.76515], [119.60668, 23.76517], [119.60659, 23.76525], [119.6065, 23.76536], [119.60648, 23.76541], [119.60647, 23.7655], [119.60653, 23.76556], [119.60669, 23.76557], [119.60675, 23.76558], [119.60685, 23.76557], [119.60687, 23.76554], [119.60691, 23.76553], [119.607, 23.76555], [119.60713, 23.76559], [119.60724, 23.7656], [119.60734, 23.76555], [119.60742, 23.76549], [119.60749, 23.76541], [119.60748, 23.76536], [119.60746, 23.76531], [119.60746, 23.76524], [119.60758, 23.76523], [119.60763, 23.76517], [119.60766, 23.76512], [119.60766, 23.76505], [119.60771, 23.76495], [119.60769, 23.7649], [119.60766, 23.76486], [119.60764, 23.76477], [119.60759, 23.76469], [119.60756, 23.76469], [119.60753, 23.76469], [119.6075, 23.7647], [119.60747, 23.76467]]], [[[119.60683, 23.75913], [119.60675, 23.75914], [119.60671, 23.75919], [119.60668, 23.75922], [119.60667, 23.75926], [119.60666, 23.75937], [119.60664, 23.7594], [119.60661, 23.7594], [119.60659, 23.75939], [119.60656, 23.75936], [119.6065, 23.75927], [119.60645, 23.75917], [119.60641, 23.75915], [119.60638, 23.75916], [119.60635, 23.75921], [119.60634, 23.75925], [119.60637, 23.75934], [119.6064, 23.75939], [119.6064, 23.75944], [119.6064, 23.75946], [119.60639, 23.75949], [119.60631, 23.75953], [119.60631, 23.75957], [119.60631, 23.75961], [119.60633, 23.75964], [119.60639, 23.75972], [119.60653, 23.75983], [119.60662, 23.75983], [119.60666, 23.75981], [119.60668, 23.75977], [119.60669, 23.75971], [119.6067, 23.75968], [119.60673, 23.75965], [119.6068, 23.7596], [119.60687, 23.75954], [119.60689, 23.7595], [119.60688, 23.75929], [119.60687, 23.75919], [119.60683, 23.75913]]], [[[119.60623, 23.75141], [119.60867, 23.75337], [119.60562, 23.75231], [119.60571, 23.75337], [119.60825, 23.7542], [119.60779, 23.7553], [119.61148, 23.75878], [119.612, 23.75335], [119.62143, 23.74836], [119.6219, 23.74934], [119.62378, 23.74371], [119.62014, 23.74286], [119.61875, 23.74112], [119.61962, 23.74032], [119.61602, 23.74173], [119.61576, 23.73762], [119.61519, 23.74084], [119.61042, 23.74119], [119.60981, 23.7386], [119.61499, 23.73752], [119.61169, 23.73816], [119.61326, 23.73727], [119.61127, 23.73654], [119.60926, 23.73897], [119.60788, 23.73839], [119.60324, 23.73168], [119.60396, 23.72676], [119.60262, 23.72538], [119.60138, 23.72608], [119.602, 23.73018], [119.6002, 23.73477], [119.5965, 23.73659], [119.59595, 23.73906], [119.59738, 23.74192], [119.60383, 23.74538], [119.60623, 23.75141]]], [[[119.60802, 23.75786], [119.60798, 23.75786], [119.60796, 23.75788], [119.60796, 23.75792], [119.60805, 23.75808], [119.60805, 23.75813], [119.60805, 23.75815], [119.60804, 23.75817], [119.60801, 23.75815], [119.60791, 23.75807], [119.60782, 23.75797], [119.60776, 23.75796], [119.60765, 23.75796], [119.60754, 23.75797], [119.6075, 23.758], [119.60749, 23.75804], [119.60749, 23.75806], [119.60751, 23.75808], [119.6076, 23.75814], [119.60765, 23.75817], [119.60766, 23.75819], [119.60766, 23.75821], [119.6076, 23.7582], [119.60757, 23.75822], [119.60757, 23.75825], [119.60758, 23.75828], [119.6076, 23.75832], [119.60761, 23.75836], [119.60758, 23.75838], [119.60753, 23.75838], [119.6075, 23.7584], [119.60747, 23.75841], [119.60742, 23.75841], [119.60737, 23.75836], [119.60732, 23.75835], [119.60728, 23.75836], [119.60726, 23.75841], [119.60725, 23.75844], [119.60729, 23.75852], [119.60733, 23.75854], [119.60749, 23.75861], [119.60754, 23.75862], [119.60766, 23.75862], [119.6077, 23.75865], [119.60777, 23.75873], [119.60779, 23.75877], [119.60783, 23.7588], [119.6079, 23.75879], [119.60797, 23.75875], [119.60807, 23.75868], [119.60819, 23.75858], [119.6083, 23.75843], [119.60838, 23.7583], [119.60837, 23.75812], [119.60833, 23.75803], [119.60826, 23.75795], [119.6082, 23.75797], [119.60814, 23.75796], [119.60809, 23.75793], [119.60805, 23.75788], [119.60802, 23.75786]]], [[[119.60701, 23.75665], [119.60699, 23.75666], [119.60697, 23.75666], [119.60697, 23.75672], [119.60697, 23.75673], [119.60699, 23.75681], [119.60701, 23.75684], [119.60703, 23.75686], [119.60704, 23.75688], [119.60704, 23.7569], [119.60702, 23.75692], [119.607, 23.75694], [119.607, 23.75696], [119.60699, 23.75699], [119.60698, 23.75701], [119.60697, 23.75703], [119.60696, 23.75706], [119.60696, 23.75709], [119.60701, 23.75713], [119.60703, 23.75716], [119.60706, 23.75716], [119.6071, 23.75719], [119.60713, 23.75723], [119.60714, 23.75726], [119.6072, 23.75729], [119.60722, 23.75732], [119.60724, 23.75734], [119.60726, 23.75733], [119.60726, 23.7573], [119.60727, 23.75728], [119.60727, 23.75728], [119.60741, 23.75726], [119.60744, 23.75724], [119.60745, 23.75723], [119.60748, 23.75723], [119.60753, 23.75726], [119.60755, 23.75726], [119.60761, 23.75726], [119.60765, 23.75724], [119.60767, 23.75723], [119.60776, 23.75722], [119.60782, 23.75724], [119.60784, 23.75727], [119.60791, 23.75728], [119.60795, 23.75729], [119.608, 23.75728], [119.60806, 23.75727], [119.6081, 23.75727], [119.60817, 23.75727], [119.6082, 23.75726], [119.6082, 23.75723], [119.6082, 23.7572], [119.60819, 23.75719], [119.60816, 23.75717], [119.60812, 23.75715], [119.60811, 23.75712], [119.60809, 23.75705], [119.60809, 23.75703], [119.60806, 23.75703], [119.60805, 23.757], [119.60804, 23.75696], [119.60801, 23.75694], [119.60798, 23.75694], [119.60797, 23.75696], [119.60797, 23.75699], [119.60796, 23.75701], [119.60795, 23.75701], [119.60794, 23.75701], [119.60791, 23.75697], [119.60788, 23.75694], [119.60778, 23.75692], [119.60773, 23.75693], [119.60761, 23.75687], [119.60753, 23.75687], [119.60748, 23.75686], [119.60744, 23.75685], [119.60743, 23.75679], [119.60741, 23.75678], [119.6074, 23.75677], [119.60738, 23.75676], [119.60735, 23.75678], [119.60728, 23.75679], [119.60722, 23.75679], [119.60717, 23.75677], [119.60709, 23.75672], [119.60707, 23.75667], [119.60703, 23.75666], [119.60701, 23.75665]]], [[[119.59864, 23.75387], [119.5986, 23.75387], [119.59859, 23.75389], [119.59842, 23.754], [119.59831, 23.75413], [119.59824, 23.75413], [119.59821, 23.75414], [119.59822, 23.75421], [119.59815, 23.75427], [119.59797, 23.75427], [119.59792, 23.75429], [119.5979, 23.75435], [119.59783, 23.75437], [119.59777, 23.75443], [119.59774, 23.75447], [119.5977, 23.75448], [119.5976, 23.75446], [119.59756, 23.75447], [119.59756, 23.75451], [119.59756, 23.7546], [119.59755, 23.75465], [119.59751, 23.75469], [119.59744, 23.75472], [119.5974, 23.75476], [119.5974, 23.75481], [119.59732, 23.75482], [119.5973, 23.75487], [119.59733, 23.75494], [119.59741, 23.75499], [119.5974, 23.75501], [119.59738, 23.755], [119.5973, 23.75496], [119.59731, 23.75496], [119.5973, 23.75501], [119.5972, 23.75499], [119.59716, 23.75499], [119.59713, 23.75502], [119.59712, 23.75508], [119.59714, 23.75511], [119.59718, 23.7551], [119.59723, 23.75512], [119.59726, 23.75516], [119.59732, 23.75521], [119.59736, 23.75523], [119.59736, 23.75526], [119.59727, 23.75526], [119.59722, 23.75529], [119.59713, 23.75534], [119.5971, 23.75539], [119.59703, 23.7554], [119.59701, 23.75544], [119.59708, 23.75545], [119.59711, 23.75546], [119.59715, 23.75546], [119.59716, 23.75544], [119.59724, 23.75543], [119.59728, 23.75541], [119.59732, 23.75534], [119.59736, 23.7553], [119.59738, 23.7553], [119.59742, 23.75532], [119.5975, 23.75533], [119.59754, 23.75529], [119.59754, 23.75528], [119.59757, 23.75527], [119.59761, 23.75527], [119.59766, 23.75529], [119.59767, 23.75529], [119.59771, 23.75526], [119.59771, 23.75524], [119.59775, 23.75523], [119.5979, 23.75524], [119.59794, 23.75521], [119.59799, 23.75514], [119.59813, 23.75504], [119.59814, 23.75501], [119.59813, 23.75498], [119.59813, 23.75493], [119.59825, 23.75482], [119.59829, 23.75477], [119.59829, 23.7547], [119.59839, 23.75469], [119.59838, 23.75466], [119.59832, 23.75464], [119.59832, 23.75457], [119.59837, 23.75453], [119.5984, 23.75447], [119.59846, 23.75438], [119.59849, 23.75435], [119.59857, 23.75433], [119.59863, 23.75433], [119.59869, 23.75426], [119.59869, 23.7542], [119.5987, 23.75417], [119.59875, 23.75417], [119.59876, 23.75419], [119.59885, 23.75421], [119.5989, 23.7542], [119.59895, 23.75415], [119.59897, 23.75406], [119.59897, 23.754], [119.59892, 23.75397], [119.59886, 23.75396], [119.59881, 23.75397], [119.59877, 23.75396], [119.59876, 23.75391], [119.59874, 23.75388], [119.59872, 23.75388], [119.59869, 23.75391], [119.59867, 23.75391], [119.59864, 23.75387]]], [[[119.60916, 23.7367], [119.60883, 23.73805], [119.60922, 23.7369], [119.6107, 23.73772], [119.60916, 23.7367]]], [[[119.61113, 23.73514], [119.61104, 23.73513], [119.61101, 23.73515], [119.61093, 23.73521], [119.61092, 23.73533], [119.61095, 23.73537], [119.61098, 23.73539], [119.61103, 23.73536], [119.61104, 23.73525], [119.61109, 23.73522], [119.61116, 23.73523], [119.61124, 23.73526], [119.61131, 23.7353], [119.61144, 23.73544], [119.61159, 23.73563], [119.61164, 23.73571], [119.61168, 23.73578], [119.6117, 23.73583], [119.61175, 23.73594], [119.6118, 23.73604], [119.61183, 23.73607], [119.61191, 23.73612], [119.61194, 23.73617], [119.61193, 23.73621], [119.61193, 23.73626], [119.61188, 23.73633], [119.61181, 23.73638], [119.61173, 23.73642], [119.6116, 23.73643], [119.61155, 23.73642], [119.61145, 23.73638], [119.61138, 23.73636], [119.61134, 23.73638], [119.61133, 23.73642], [119.61135, 23.73647], [119.61141, 23.7365], [119.61158, 23.73654], [119.6117, 23.73654], [119.61182, 23.73651], [119.61188, 23.73648], [119.61191, 23.73643], [119.61193, 23.73638], [119.61194, 23.73635], [119.61197, 23.73632], [119.61202, 23.7363], [119.61207, 23.73629], [119.61212, 23.73625], [119.61215, 23.73617], [119.61214, 23.73611], [119.61209, 23.73606], [119.61203, 23.73601], [119.61197, 23.736], [119.61192, 23.73598], [119.61188, 23.73593], [119.61179, 23.73578], [119.61176, 23.7357], [119.61172, 23.73565], [119.61159, 23.73546], [119.61145, 23.73532], [119.61132, 23.73521], [119.61123, 23.73515], [119.61113, 23.73514]]], [[[119.61068, 23.7332], [119.61053, 23.73321], [119.61045, 23.73325], [119.61041, 23.73334], [119.6104, 23.73337], [119.61037, 23.7334], [119.61034, 23.7334], [119.6103, 23.73342], [119.6103, 23.73345], [119.61032, 23.73346], [119.61042, 23.73343], [119.61049, 23.7334], [119.61061, 23.73339], [119.61085, 23.73341], [119.61106, 23.73347], [119.61122, 23.73356], [119.61129, 23.73363], [119.61139, 23.73379], [119.61146, 23.73384], [119.61163, 23.73389], [119.61175, 23.73396], [119.61189, 23.73406], [119.61198, 23.73419], [119.6121, 23.73433], [119.61218, 23.73434], [119.61227, 23.73431], [119.61231, 23.73424], [119.61231, 23.7341], [119.61224, 23.73399], [119.61215, 23.73385], [119.61201, 23.7337], [119.61195, 23.73366], [119.61188, 23.73365], [119.6118, 23.73365], [119.61167, 23.73371], [119.61155, 23.73376], [119.6115, 23.73375], [119.61146, 23.73374], [119.61141, 23.73369], [119.6114, 23.73365], [119.6114, 23.73361], [119.61142, 23.73358], [119.61146, 23.73354], [119.61151, 23.7335], [119.61154, 23.73346], [119.61155, 23.73343], [119.61156, 23.7334], [119.61154, 23.73337], [119.61148, 23.73336], [119.61138, 23.73339], [119.61129, 23.73341], [119.61117, 23.73339], [119.61101, 23.73335], [119.61087, 23.73332], [119.61078, 23.73333], [119.61074, 23.73333], [119.61073, 23.73332], [119.61073, 23.73329], [119.61076, 23.73329], [119.61075, 23.73324], [119.61074, 23.73322], [119.61068, 23.7332]]], [[[119.61265, 23.7325], [119.61254, 23.7325], [119.6125, 23.73254], [119.61245, 23.73256], [119.61238, 23.7327], [119.61233, 23.73278], [119.6123, 23.73284], [119.61231, 23.73297], [119.61232, 23.73305], [119.61229, 23.73313], [119.61223, 23.73325], [119.61218, 23.73331], [119.61213, 23.73336], [119.61209, 23.73339], [119.61206, 23.73343], [119.61206, 23.73347], [119.61207, 23.73351], [119.6121, 23.73355], [119.61216, 23.73367], [119.61231, 23.7339], [119.61241, 23.73405], [119.61249, 23.73409], [119.61261, 23.73409], [119.61265, 23.73407], [119.61266, 23.73404], [119.61269, 23.73398], [119.61272, 23.73391], [119.61282, 23.73381], [119.61295, 23.73368], [119.61297, 23.73363], [119.61297, 23.73353], [119.61301, 23.7334], [119.61307, 23.73333], [119.61313, 23.7333], [119.61321, 23.73328], [119.61327, 23.73325], [119.61335, 23.73313], [119.6134, 23.73299], [119.6134, 23.73294], [119.61337, 23.73288], [119.61329, 23.73281], [119.61315, 23.7328], [119.61305, 23.73281], [119.61296, 23.73283], [119.61292, 23.73286], [119.61287, 23.73289], [119.61278, 23.73291], [119.61274, 23.73288], [119.61274, 23.73282], [119.61277, 23.73273], [119.61282, 23.73266], [119.61281, 23.7326], [119.61276, 23.73255], [119.61265, 23.7325]]], [[[119.60993, 23.73111], [119.60986, 23.73111], [119.60981, 23.73113], [119.60976, 23.73117], [119.60972, 23.73123], [119.60967, 23.73125], [119.60945, 23.73125], [119.6093, 23.73123], [119.60914, 23.73119], [119.60893, 23.7312], [119.60892, 23.73125], [119.609, 23.73126], [119.60916, 23.73126], [119.60928, 23.73129], [119.60947, 23.73132], [119.60981, 23.73132], [119.60983, 23.73134], [119.60984, 23.73136], [119.6098, 23.73139], [119.60979, 23.73143], [119.60979, 23.73147], [119.60979, 23.73155], [119.60983, 23.73175], [119.60985, 23.73188], [119.60987, 23.73208], [119.60991, 23.73219], [119.60994, 23.73233], [119.60994, 23.73239], [119.60994, 23.73255], [119.60994, 23.73266], [119.60991, 23.7328], [119.60983, 23.73315], [119.60981, 23.73325], [119.60975, 23.73344], [119.60971, 23.73357], [119.60965, 23.73368], [119.60955, 23.73379], [119.60948, 23.73381], [119.60947, 23.73385], [119.60947, 23.73388], [119.60949, 23.7339], [119.60952, 23.7339], [119.60955, 23.7339], [119.60961, 23.73385], [119.60974, 23.73368], [119.60984, 23.73343], [119.60989, 23.73326], [119.60994, 23.73306], [119.61, 23.73271], [119.61002, 23.73256], [119.61003, 23.73239], [119.61003, 23.73231], [119.61002, 23.73216], [119.60997, 23.73183], [119.60995, 23.73178], [119.60993, 23.73172], [119.60991, 23.73163], [119.60989, 23.73154], [119.60988, 23.73146], [119.60991, 23.73143], [119.60994, 23.73141], [119.60998, 23.73139], [119.61002, 23.73135], [119.61005, 23.7313], [119.61004, 23.73123], [119.61001, 23.73117], [119.60997, 23.73114], [119.60993, 23.73111]]], [[[119.55522, 23.70864], [119.55318, 23.71158], [119.55608, 23.71391], [119.55419, 23.71652], [119.5562, 23.71714], [119.5533, 23.71944], [119.55095, 23.71908], [119.55265, 23.72195], [119.55169, 23.71971], [119.55504, 23.72115], [119.55786, 23.71871], [119.55895, 23.71998], [119.55672, 23.71519], [119.55861, 23.71098], [119.55522, 23.70864]]], [[[119.61142, 23.71546], [119.61138, 23.71546], [119.61134, 23.71553], [119.61127, 23.71555], [119.61124, 23.71559], [119.61124, 23.71563], [119.6112, 23.71569], [119.61114, 23.71576], [119.61113, 23.7158], [119.61114, 23.71583], [119.61116, 23.71584], [119.61119, 23.71584], [119.61121, 23.71581], [119.61124, 23.71578], [119.61126, 23.71578], [119.61126, 23.71579], [119.61121, 23.71585], [119.61116, 23.7159], [119.6111, 23.7159], [119.61109, 23.71598], [119.61112, 23.71606], [119.6111, 23.71614], [119.61107, 23.7162], [119.61102, 23.71622], [119.61096, 23.71623], [119.6109, 23.71619], [119.61084, 23.71614], [119.61078, 23.71614], [119.61075, 23.71614], [119.61072, 23.71616], [119.61068, 23.71619], [119.61063, 23.7162], [119.61058, 23.71621], [119.61054, 23.71624], [119.61054, 23.71627], [119.61055, 23.71629], [119.61057, 23.7163], [119.61064, 23.71629], [119.6107, 23.71627], [119.61077, 23.71627], [119.61083, 23.71629], [119.6109, 23.71635], [119.61098, 23.71642], [119.611, 23.71641], [119.61102, 23.71639], [119.61106, 23.71637], [119.61111, 23.71636], [119.61113, 23.71633], [119.61116, 23.71628], [119.61116, 23.71627], [119.61118, 23.71625], [119.61122, 23.71624], [119.61126, 23.71625], [119.61129, 23.71625], [119.61134, 23.71623], [119.61136, 23.71623], [119.61137, 23.71621], [119.61137, 23.71616], [119.61136, 23.71614], [119.61136, 23.71612], [119.61139, 23.71611], [119.61143, 23.7161], [119.61146, 23.71606], [119.61149, 23.71601], [119.6115, 23.716], [119.61154, 23.71599], [119.61173, 23.71599], [119.61181, 23.71598], [119.61186, 23.71595], [119.61188, 23.71591], [119.61187, 23.71586], [119.61176, 23.71586], [119.61168, 23.71583], [119.6116, 23.71582], [119.61159, 23.7158], [119.61159, 23.71578], [119.61165, 23.71572], [119.61168, 23.71566], [119.61168, 23.71561], [119.61166, 23.71559], [119.61164, 23.71557], [119.61159, 23.71557], [119.61157, 23.71559], [119.61153, 23.71559], [119.61151, 23.71562], [119.61149, 23.71562], [119.61147, 23.71561], [119.61147, 23.71559], [119.61147, 23.71551], [119.61145, 23.71548], [119.61142, 23.71546]]], [[[119.6121, 23.71512], [119.61203, 23.71513], [119.61199, 23.71516], [119.61197, 23.71522], [119.61196, 23.71532], [119.61194, 23.71534], [119.61192, 23.71534], [119.61189, 23.71532], [119.61186, 23.7153], [119.61184, 23.71532], [119.61181, 23.71535], [119.61179, 23.71538], [119.6117, 23.71543], [119.61168, 23.71546], [119.61169, 23.7155], [119.61176, 23.71559], [119.61177, 23.71564], [119.61178, 23.71568], [119.61183, 23.71569], [119.61185, 23.71567], [119.61188, 23.71564], [119.61192, 23.71563], [119.61199, 23.71564], [119.61208, 23.71571], [119.61223, 23.71585], [119.61227, 23.71585], [119.61236, 23.71585], [119.6124, 23.71581], [119.61241, 23.71578], [119.61243, 23.71575], [119.61247, 23.71573], [119.61254, 23.71573], [119.6126, 23.7157], [119.61263, 23.71568], [119.61264, 23.71563], [119.61262, 23.71557], [119.61254, 23.71552], [119.6125, 23.7155], [119.61248, 23.71546], [119.61245, 23.71542], [119.61239, 23.71535], [119.61235, 23.71532], [119.61226, 23.71525], [119.61226, 23.71524], [119.61226, 23.71522], [119.61227, 23.71519], [119.61227, 23.71516], [119.61225, 23.71516], [119.61222, 23.71516], [119.61219, 23.71515], [119.61217, 23.71513], [119.6121, 23.71512]]], [[[119.61253, 23.71412], [119.61248, 23.71415], [119.61248, 23.71418], [119.61249, 23.71424], [119.61249, 23.7143], [119.61252, 23.71435], [119.61256, 23.7144], [119.61258, 23.71442], [119.61259, 23.71446], [119.61252, 23.71455], [119.61252, 23.71466], [119.61247, 23.7147], [119.61243, 23.71472], [119.61243, 23.71483], [119.61246, 23.71486], [119.61255, 23.71485], [119.61266, 23.71492], [119.61267, 23.71498], [119.6127, 23.71501], [119.61274, 23.71503], [119.61276, 23.71504], [119.61278, 23.71506], [119.6128, 23.71509], [119.6128, 23.7151], [119.61279, 23.71513], [119.61278, 23.71516], [119.61278, 23.7152], [119.61282, 23.7153], [119.61287, 23.71536], [119.61289, 23.71537], [119.61293, 23.71536], [119.61296, 23.71536], [119.613, 23.71537], [119.61303, 23.71539], [119.61306, 23.71538], [119.61308, 23.71537], [119.61311, 23.71538], [119.61315, 23.7154], [119.61319, 23.71543], [119.61328, 23.71544], [119.61334, 23.71542], [119.61339, 23.71536], [119.61338, 23.71527], [119.61337, 23.7151], [119.61335, 23.71507], [119.6133, 23.71506], [119.61327, 23.71508], [119.61325, 23.7151], [119.61323, 23.71514], [119.61321, 23.71515], [119.61319, 23.71513], [119.61316, 23.71509], [119.61312, 23.71508], [119.61308, 23.71508], [119.61307, 23.71507], [119.61307, 23.71506], [119.61308, 23.71504], [119.61309, 23.71502], [119.61311, 23.71501], [119.61312, 23.71498], [119.61311, 23.71495], [119.61309, 23.71493], [119.61307, 23.71492], [119.61305, 23.71489], [119.61304, 23.71486], [119.61303, 23.71481], [119.61303, 23.71471], [119.61304, 23.7147], [119.61308, 23.71468], [119.6131, 23.71468], [119.61312, 23.71467], [119.61312, 23.71464], [119.61311, 23.71462], [119.61306, 23.71458], [119.61304, 23.71451], [119.61304, 23.71443], [119.61303, 23.71437], [119.61293, 23.71425], [119.61288, 23.71417], [119.61281, 23.71414], [119.61275, 23.71412], [119.61253, 23.71412]]], [[[119.60801, 23.71057], [119.60695, 23.71158], [119.6088, 23.71369], [119.61018, 23.71101], [119.60801, 23.71057]]], [[[119.60943, 23.71341], [119.60938, 23.71341], [119.60936, 23.71342], [119.60933, 23.71345], [119.60928, 23.7135], [119.60926, 23.71356], [119.60926, 23.7136], [119.60927, 23.71363], [119.6093, 23.71366], [119.60932, 23.71368], [119.60937, 23.71368], [119.60945, 23.71364], [119.60952, 23.71359], [119.60954, 23.71357], [119.60955, 23.71352], [119.60954, 23.71348], [119.60949, 23.71343], [119.60943, 23.71341]]], [[[119.60992, 23.71306], [119.6099, 23.71306], [119.60987, 23.71309], [119.60981, 23.71314], [119.60978, 23.71314], [119.60962, 23.71314], [119.60958, 23.71316], [119.60957, 23.71321], [119.60956, 23.71326], [119.60957, 23.7133], [119.6096, 23.71333], [119.60966, 23.71336], [119.60972, 23.71342], [119.60972, 23.71344], [119.60974, 23.71351], [119.60976, 23.71353], [119.60978, 23.71354], [119.60981, 23.71354], [119.60987, 23.71353], [119.60994, 23.71352], [119.60999, 23.71353], [119.61007, 23.71355], [119.61011, 23.71355], [119.6102, 23.71353], [119.61021, 23.71351], [119.61026, 23.71349], [119.61029, 23.71346], [119.61031, 23.71343], [119.61031, 23.71339], [119.61031, 23.71333], [119.61031, 23.7133], [119.6103, 23.71328], [119.61027, 23.71326], [119.61021, 23.71323], [119.61018, 23.71323], [119.61014, 23.71322], [119.61005, 23.71315], [119.61003, 23.71313], [119.60998, 23.7131], [119.60996, 23.71309], [119.60995, 23.71306], [119.60992, 23.71306]]], [[[119.61019, 23.71254], [119.61016, 23.71255], [119.61015, 23.71256], [119.61016, 23.71258], [119.61021, 23.71266], [119.61022, 23.71277], [119.6102, 23.71284], [119.61017, 23.71286], [119.61009, 23.71286], [119.61001, 23.71285], [119.60994, 23.71283], [119.60989, 23.71281], [119.60986, 23.71281], [119.60981, 23.71283], [119.6098, 23.71286], [119.60982, 23.71289], [119.60985, 23.71294], [119.60992, 23.71296], [119.60995, 23.71296], [119.60997, 23.71299], [119.61001, 23.71303], [119.61003, 23.71305], [119.61012, 23.71305], [119.61019, 23.71306], [119.61021, 23.71307], [119.61022, 23.71308], [119.61027, 23.71311], [119.61033, 23.7131], [119.61035, 23.71309], [119.61036, 23.71306], [119.61034, 23.71301], [119.61029, 23.71294], [119.61025, 23.71291], [119.61023, 23.71289], [119.61023, 23.71287], [119.61025, 23.71284], [119.61032, 23.71274], [119.61032, 23.71272], [119.61032, 23.7127], [119.61031, 23.71267], [119.61027, 23.71262], [119.61022, 23.71256], [119.61019, 23.71254]]], [[[119.56676, 23.7105], [119.56549, 23.7127], [119.56759, 23.71246], [119.56676, 23.7105]]], [[[119.60954, 23.70892], [119.6095, 23.70893], [119.60944, 23.70903], [119.60938, 23.7092], [119.60937, 23.70932], [119.60937, 23.70934], [119.6094, 23.70935], [119.60944, 23.70935], [119.60948, 23.70937], [119.60955, 23.70938], [119.60958, 23.70937], [119.60961, 23.70936], [119.60968, 23.70941], [119.60971, 23.70953], [119.6097, 23.70956], [119.60969, 23.70959], [119.60965, 23.7096], [119.6096, 23.70961], [119.60956, 23.70962], [119.60953, 23.70964], [119.6095, 23.70969], [119.60953, 23.70974], [119.60953, 23.70985], [119.60956, 23.70991], [119.60959, 23.70994], [119.60961, 23.70996], [119.60986, 23.71024], [119.60991, 23.71026], [119.61001, 23.71028], [119.61013, 23.7103], [119.61023, 23.7103], [119.61028, 23.71031], [119.61032, 23.71035], [119.61035, 23.71043], [119.61034, 23.71049], [119.61033, 23.71055], [119.61034, 23.71058], [119.6104, 23.7106], [119.61045, 23.71064], [119.61046, 23.71068], [119.61051, 23.71073], [119.61057, 23.71077], [119.61059, 23.71081], [119.61063, 23.71085], [119.61077, 23.7109], [119.61081, 23.71093], [119.61084, 23.71105], [119.61091, 23.7111], [119.61096, 23.71111], [119.611, 23.71107], [119.611, 23.711], [119.61096, 23.71085], [119.611, 23.71081], [119.61103, 23.71082], [119.61109, 23.71083], [119.61113, 23.71084], [119.61119, 23.7108], [119.61122, 23.7108], [119.61125, 23.71082], [119.6113, 23.71085], [119.61142, 23.71089], [119.6115, 23.7109], [119.61151, 23.71093], [119.61151, 23.71095], [119.6115, 23.71102], [119.61152, 23.71109], [119.61157, 23.71115], [119.61159, 23.71122], [119.6116, 23.71127], [119.6116, 23.71134], [119.61159, 23.71143], [119.61155, 23.71153], [119.61155, 23.71158], [119.61158, 23.71162], [119.61164, 23.71169], [119.61169, 23.71171], [119.61173, 23.71168], [119.61174, 23.71162], [119.61173, 23.71151], [119.61171, 23.71141], [119.61168, 23.71134], [119.61169, 23.71128], [119.61174, 23.7112], [119.61178, 23.71114], [119.61177, 23.71107], [119.61179, 23.71106], [119.6118, 23.71106], [119.61189, 23.71114], [119.61199, 23.71128], [119.61211, 23.71138], [119.61215, 23.71141], [119.61222, 23.7114], [119.6123, 23.71136], [119.61235, 23.71134], [119.61244, 23.71135], [119.61247, 23.71134], [119.61256, 23.71126], [119.61259, 23.71121], [119.61261, 23.71116], [119.6126, 23.71109], [119.61256, 23.71104], [119.61249, 23.71104], [119.61241, 23.71107], [119.61233, 23.71112], [119.61228, 23.71112], [119.61222, 23.71113], [119.6122, 23.71111], [119.6122, 23.71107], [119.61222, 23.71104], [119.61226, 23.71101], [119.61229, 23.71098], [119.61232, 23.71092], [119.61236, 23.71087], [119.6124, 23.71084], [119.61247, 23.71076], [119.61251, 23.71067], [119.61257, 23.71055], [119.61259, 23.71052], [119.61262, 23.71044], [119.61264, 23.71037], [119.61267, 23.71031], [119.6127, 23.71022], [119.61272, 23.71016], [119.6127, 23.71011], [119.61267, 23.71009], [119.61265, 23.71012], [119.61263, 23.71021], [119.61258, 23.71037], [119.61255, 23.71041], [119.61247, 23.71054], [119.61242, 23.71065], [119.61234, 23.71075], [119.61228, 23.71082], [119.61223, 23.71088], [119.61218, 23.71095], [119.61217, 23.71097], [119.61213, 23.71097], [119.6121, 23.71096], [119.61207, 23.71092], [119.61204, 23.71089], [119.61201, 23.71086], [119.61196, 23.71085], [119.61193, 23.71084], [119.61189, 23.7108], [119.61185, 23.71075], [119.61181, 23.71071], [119.6118, 23.71068], [119.61177, 23.71067], [119.61166, 23.71067], [119.61162, 23.71066], [119.61158, 23.71064], [119.6115, 23.71063], [119.61138, 23.71064], [119.61136, 23.7106], [119.61134, 23.71058], [119.61127, 23.71058], [119.61123, 23.71054], [119.61119, 23.7105], [119.61114, 23.71049], [119.61108, 23.7105], [119.61104, 23.7105], [119.61095, 23.71048], [119.61093, 23.71044], [119.61091, 23.71036], [119.61088, 23.71035], [119.61074, 23.71034], [119.61068, 23.71032], [119.61063, 23.71033], [119.6106, 23.71031], [119.61057, 23.71031], [119.61054, 23.71034], [119.61048, 23.7104], [119.61045, 23.7104], [119.6104, 23.71038], [119.6104, 23.71034], [119.6104, 23.71031], [119.61038, 23.71029], [119.61032, 23.71028], [119.61028, 23.71026], [119.61028, 23.71022], [119.61026, 23.71021], [119.61022, 23.7102], [119.61018, 23.71023], [119.61013, 23.71022], [119.6101, 23.71021], [119.6101, 23.71017], [119.61009, 23.71015], [119.61005, 23.71014], [119.61, 23.71011], [119.60994, 23.71004], [119.60987, 23.70997], [119.60984, 23.70995], [119.6098, 23.70993], [119.60975, 23.7099], [119.6097, 23.70985], [119.60968, 23.70975], [119.60964, 23.70968], [119.60966, 23.70967], [119.60973, 23.70964], [119.60977, 23.70963], [119.60984, 23.70956], [119.60988, 23.7095], [119.60988, 23.70944], [119.60987, 23.70939], [119.60983, 23.70931], [119.60982, 23.70928], [119.60982, 23.70924], [119.60981, 23.70918], [119.60976, 23.70912], [119.60973, 23.70909], [119.60971, 23.70906], [119.60963, 23.70899], [119.60958, 23.70893], [119.60954, 23.70892]]], [[[119.60837, 23.71018], [119.6083, 23.71017], [119.60819, 23.71025], [119.60816, 23.7103], [119.60816, 23.71034], [119.60821, 23.71036], [119.60827, 23.71038], [119.60834, 23.71038], [119.60859, 23.71041], [119.60871, 23.71042], [119.60881, 23.71044], [119.60884, 23.71044], [119.60887, 23.71043], [119.60892, 23.71041], [119.60901, 23.71041], [119.60908, 23.71039], [119.6092, 23.71042], [119.60934, 23.71044], [119.60943, 23.71048], [119.60953, 23.71049], [119.60954, 23.71045], [119.60951, 23.71043], [119.60942, 23.71038], [119.60937, 23.71035], [119.6093, 23.71034], [119.60921, 23.71034], [119.60906, 23.71033], [119.60896, 23.71031], [119.60885, 23.71028], [119.60872, 23.71024], [119.60858, 23.7102], [119.60845, 23.7102], [119.60837, 23.71018]]], [[[119.59356, 23.69492], [119.59351, 23.69494], [119.59344, 23.69499], [119.59335, 23.69507], [119.59332, 23.69514], [119.59333, 23.69524], [119.59329, 23.6953], [119.59321, 23.69537], [119.59317, 23.69543], [119.59317, 23.69557], [119.59319, 23.69566], [119.59317, 23.69569], [119.59311, 23.69576], [119.59307, 23.69579], [119.59292, 23.69583], [119.59286, 23.69586], [119.59279, 23.69591], [119.59271, 23.69599], [119.59271, 23.69603], [119.59272, 23.69606], [119.59275, 23.69608], [119.5928, 23.6961], [119.59281, 23.69612], [119.59281, 23.69614], [119.59279, 23.69617], [119.59277, 23.69622], [119.59277, 23.69627], [119.59282, 23.6963], [119.59289, 23.69632], [119.59293, 23.6963], [119.59296, 23.69628], [119.59304, 23.6962], [119.59317, 23.69607], [119.59329, 23.69601], [119.59333, 23.696], [119.59336, 23.69602], [119.59343, 23.69605], [119.59346, 23.69607], [119.59357, 23.69607], [119.5936, 23.69605], [119.59361, 23.69603], [119.59362, 23.696], [119.5936, 23.69591], [119.59353, 23.69578], [119.59346, 23.69565], [119.59343, 23.69557], [119.59341, 23.6955], [119.59341, 23.69548], [119.59341, 23.69543], [119.59343, 23.69533], [119.59349, 23.69526], [119.59355, 23.6952], [119.59362, 23.69508], [119.59364, 23.69501], [119.5936, 23.69494], [119.59356, 23.69492]]], [[[119.565, 23.69361], [119.56492, 23.69362], [119.56484, 23.69364], [119.56482, 23.6937], [119.56486, 23.69376], [119.56491, 23.69382], [119.56491, 23.69386], [119.5649, 23.69391], [119.56484, 23.69395], [119.56483, 23.69399], [119.56485, 23.69409], [119.56483, 23.69415], [119.56476, 23.69419], [119.56467, 23.69419], [119.56461, 23.69414], [119.56456, 23.69406], [119.56448, 23.69407], [119.56445, 23.6941], [119.56444, 23.6942], [119.56443, 23.69428], [119.56438, 23.69436], [119.56431, 23.69444], [119.56421, 23.69462], [119.56415, 23.69471], [119.56408, 23.69481], [119.56394, 23.69492], [119.56384, 23.69502], [119.56379, 23.69506], [119.56366, 23.69505], [119.56362, 23.69508], [119.56358, 23.6951], [119.56338, 23.6951], [119.5633, 23.69516], [119.56327, 23.69522], [119.56328, 23.69529], [119.56347, 23.69542], [119.56363, 23.6956], [119.56371, 23.69565], [119.56383, 23.69565], [119.56386, 23.6956], [119.56385, 23.69553], [119.56378, 23.69546], [119.56376, 23.69543], [119.56378, 23.6954], [119.56382, 23.69539], [119.56391, 23.69544], [119.564, 23.69549], [119.5641, 23.69547], [119.56416, 23.69536], [119.56415, 23.6953], [119.5641, 23.69527], [119.56403, 23.69525], [119.56402, 23.69521], [119.56405, 23.69517], [119.56414, 23.69513], [119.56427, 23.69511], [119.56441, 23.69511], [119.56449, 23.69515], [119.56457, 23.69516], [119.56461, 23.69521], [119.56461, 23.69526], [119.56458, 23.69531], [119.56459, 23.69535], [119.5648, 23.69534], [119.56493, 23.69533], [119.56501, 23.69529], [119.56511, 23.69505], [119.56516, 23.69491], [119.56519, 23.69484], [119.56519, 23.69471], [119.56513, 23.69455], [119.56513, 23.69439], [119.56517, 23.6943], [119.56526, 23.69422], [119.5653, 23.69419], [119.56536, 23.69418], [119.56542, 23.69421], [119.56548, 23.69427], [119.56555, 23.69427], [119.5656, 23.69422], [119.56568, 23.69405], [119.56567, 23.69394], [119.5656, 23.69383], [119.5655, 23.69375], [119.56541, 23.6937], [119.56529, 23.69366], [119.56515, 23.69366], [119.56508, 23.69363], [119.565, 23.69361]]], [[[119.5949, 23.69118], [119.59377, 23.69486], [119.59534, 23.69362], [119.5949, 23.69118]]], [[[119.67004, 23.69278], [119.66997, 23.69278], [119.66992, 23.69279], [119.66991, 23.69285], [119.66987, 23.69288], [119.66985, 23.69292], [119.66984, 23.69295], [119.66981, 23.69302], [119.66978, 23.69303], [119.66974, 23.69299], [119.66975, 23.69293], [119.66974, 23.69289], [119.66969, 23.69288], [119.66966, 23.69289], [119.66961, 23.69296], [119.66961, 23.69307], [119.66963, 23.69311], [119.66974, 23.69311], [119.66975, 23.69314], [119.66979, 23.69314], [119.66987, 23.69309], [119.66992, 23.6931], [119.66997, 23.69313], [119.67005, 23.69316], [119.67015, 23.69322], [119.67021, 23.69329], [119.67022, 23.69332], [119.6702, 23.69335], [119.67017, 23.6934], [119.67018, 23.69348], [119.67018, 23.6935], [119.67024, 23.69363], [119.67026, 23.69365], [119.67032, 23.69364], [119.67035, 23.6936], [119.67038, 23.69355], [119.67041, 23.69353], [119.67043, 23.69353], [119.67049, 23.6936], [119.67061, 23.69375], [119.67066, 23.69378], [119.67071, 23.69379], [119.67076, 23.69378], [119.67078, 23.69376], [119.67081, 23.69375], [119.67084, 23.69378], [119.67091, 23.69386], [119.67093, 23.69387], [119.67101, 23.69385], [119.67102, 23.69379], [119.67103, 23.69374], [119.67104, 23.6937], [119.67097, 23.69358], [119.67093, 23.69352], [119.67092, 23.69345], [119.6709, 23.69342], [119.67086, 23.69341], [119.67084, 23.69341], [119.6708, 23.69337], [119.67076, 23.69334], [119.67076, 23.6933], [119.67078, 23.69327], [119.67079, 23.69324], [119.67078, 23.69321], [119.67077, 23.6932], [119.67073, 23.6932], [119.6707, 23.69319], [119.67068, 23.69316], [119.67067, 23.6931], [119.67067, 23.69306], [119.67063, 23.69302], [119.67058, 23.69296], [119.67055, 23.69293], [119.67051, 23.69293], [119.67047, 23.69297], [119.67043, 23.69296], [119.6704, 23.69295], [119.67039, 23.69292], [119.67025, 23.69292], [119.67021, 23.69289], [119.67021, 23.69284], [119.67016, 23.6928], [119.67009, 23.69279], [119.67004, 23.69278]]], [[[119.55965, 23.69339], [119.55962, 23.69339], [119.55952, 23.69352], [119.55936, 23.69381], [119.55926, 23.69398], [119.55926, 23.6941], [119.55927, 23.69414], [119.5594, 23.69424], [119.55945, 23.69426], [119.5595, 23.69427], [119.5596, 23.69428], [119.55968, 23.69427], [119.55982, 23.69419], [119.55987, 23.69411], [119.55989, 23.69405], [119.55987, 23.69402], [119.55983, 23.69396], [119.55975, 23.69386], [119.55969, 23.69367], [119.55967, 23.69347], [119.55965, 23.69339]]], [[[119.65244, 23.69071], [119.64956, 23.69335], [119.65192, 23.69373], [119.65327, 23.69219], [119.65244, 23.69071]]], [[[119.55957, 23.69305], [119.55955, 23.69305], [119.55952, 23.69308], [119.55945, 23.69311], [119.55942, 23.69315], [119.55943, 23.69319], [119.55946, 23.69321], [119.55951, 23.69321], [119.55957, 23.69321], [119.55959, 23.6932], [119.55962, 23.69316], [119.55962, 23.69309], [119.55957, 23.69305]]], [[[119.5572, 23.69086], [119.55697, 23.69087], [119.55681, 23.69096], [119.55667, 23.69107], [119.55661, 23.69116], [119.5566, 23.69125], [119.55662, 23.69137], [119.55669, 23.69147], [119.55676, 23.69154], [119.55685, 23.69155], [119.55701, 23.69154], [119.55708, 23.69156], [119.55712, 23.69158], [119.55713, 23.69164], [119.55715, 23.69175], [119.55717, 23.69189], [119.55727, 23.69194], [119.5573, 23.69201], [119.55731, 23.69209], [119.55734, 23.69216], [119.5574, 23.69221], [119.55759, 23.69239], [119.5577, 23.69246], [119.55788, 23.69244], [119.55794, 23.69242], [119.55798, 23.69225], [119.55795, 23.69218], [119.55782, 23.69203], [119.55775, 23.69194], [119.55772, 23.69188], [119.55776, 23.69182], [119.55786, 23.69174], [119.55788, 23.69172], [119.55788, 23.69167], [119.5579, 23.69161], [119.55795, 23.69156], [119.55803, 23.69153], [119.55811, 23.69154], [119.55815, 23.69151], [119.55814, 23.69146], [119.55812, 23.69144], [119.55807, 23.6914], [119.55803, 23.69131], [119.55801, 23.6912], [119.55797, 23.6911], [119.55787, 23.69095], [119.55779, 23.69093], [119.55764, 23.69094], [119.55753, 23.69099], [119.55746, 23.69101], [119.55736, 23.691], [119.55728, 23.69095], [119.5572, 23.69086]]], [[[119.67077, 23.69077], [119.67071, 23.69077], [119.67066, 23.69078], [119.67063, 23.69081], [119.6706, 23.69085], [119.67057, 23.69086], [119.67054, 23.69086], [119.67053, 23.69084], [119.67051, 23.69082], [119.67047, 23.69083], [119.67045, 23.69087], [119.67043, 23.69092], [119.67043, 23.69097], [119.67043, 23.691], [119.67046, 23.69102], [119.67054, 23.6911], [119.67059, 23.69113], [119.6706, 23.69116], [119.67061, 23.69119], [119.67059, 23.69119], [119.67056, 23.69119], [119.67053, 23.69117], [119.67051, 23.69114], [119.67048, 23.69113], [119.67044, 23.69115], [119.67042, 23.69115], [119.67041, 23.69115], [119.67039, 23.69114], [119.67035, 23.69115], [119.67035, 23.69119], [119.67035, 23.69122], [119.67036, 23.69126], [119.67037, 23.69129], [119.67039, 23.69131], [119.67039, 23.69134], [119.67037, 23.69134], [119.67034, 23.69132], [119.67032, 23.69128], [119.67027, 23.69127], [119.67026, 23.69128], [119.67027, 23.69133], [119.67028, 23.69139], [119.67034, 23.69143], [119.67038, 23.69146], [119.67041, 23.6915], [119.67047, 23.69156], [119.67053, 23.69168], [119.67057, 23.6917], [119.6706, 23.6917], [119.67061, 23.69166], [119.67058, 23.69161], [119.67058, 23.69154], [119.67061, 23.69153], [119.67067, 23.69158], [119.67071, 23.69163], [119.67077, 23.69165], [119.67082, 23.69164], [119.67084, 23.69161], [119.67082, 23.69156], [119.67081, 23.69153], [119.67081, 23.69151], [119.67083, 23.69148], [119.67086, 23.69148], [119.67087, 23.69146], [119.67087, 23.69144], [119.67074, 23.69128], [119.67074, 23.69125], [119.67074, 23.69123], [119.67077, 23.69118], [119.67082, 23.69111], [119.67082, 23.69107], [119.67082, 23.69102], [119.67078, 23.69099], [119.67076, 23.69096], [119.67076, 23.69093], [119.67078, 23.69091], [119.67082, 23.69087], [119.67082, 23.69083], [119.67077, 23.69077]]], [[[119.59669, 23.69015], [119.59659, 23.69016], [119.59649, 23.69024], [119.5964, 23.69029], [119.59631, 23.6903], [119.5962, 23.69031], [119.59616, 23.69027], [119.59612, 23.69025], [119.596, 23.69019], [119.59591, 23.69015], [119.59584, 23.69015], [119.59576, 23.69016], [119.59567, 23.69018], [119.59564, 23.69021], [119.59535, 23.69021], [119.59529, 23.69024], [119.59526, 23.69028], [119.5951, 23.69051], [119.59501, 23.69062], [119.59488, 23.69078], [119.59481, 23.69092], [119.59479, 23.69104], [119.59479, 23.69107], [119.59481, 23.69109], [119.59487, 23.6911], [119.59503, 23.6911], [119.5951, 23.69106], [119.59522, 23.69095], [119.59533, 23.6908], [119.59534, 23.69073], [119.59535, 23.69061], [119.59539, 23.69055], [119.59552, 23.69048], [119.59564, 23.69045], [119.59573, 23.69045], [119.59584, 23.69048], [119.59588, 23.69048], [119.59598, 23.69049], [119.59609, 23.6905], [119.59613, 23.69052], [119.59621, 23.69058], [119.59626, 23.69062], [119.59632, 23.69065], [119.59637, 23.69066], [119.59649, 23.69066], [119.5967, 23.69058], [119.59681, 23.6905], [119.59689, 23.69036], [119.59688, 23.69026], [119.59681, 23.69018], [119.59669, 23.69015]]], [[[119.67174, 23.68247], [119.66953, 23.68745], [119.67143, 23.68855], [119.6706, 23.69072], [119.67258, 23.68889], [119.67174, 23.68247]]], [[[119.5581, 23.68811], [119.55656, 23.68949], [119.55791, 23.69058], [119.5581, 23.68811]]], [[[119.65168, 23.68846], [119.65067, 23.68992], [119.65228, 23.68985], [119.65168, 23.68846]]], [[[119.65486, 23.68853], [119.65479, 23.68858], [119.65475, 23.68861], [119.65469, 23.68861], [119.65462, 23.6886], [119.65456, 23.68861], [119.65453, 23.68865], [119.65448, 23.68876], [119.65436, 23.6888], [119.65436, 23.68887], [119.65439, 23.68892], [119.65449, 23.68896], [119.65458, 23.68896], [119.65463, 23.68891], [119.65462, 23.68888], [119.65459, 23.68885], [119.6546, 23.68882], [119.65464, 23.68882], [119.65469, 23.68885], [119.6547, 23.68888], [119.65474, 23.6889], [119.65485, 23.68888], [119.65499, 23.68888], [119.65507, 23.68883], [119.65507, 23.68879], [119.65505, 23.68872], [119.65501, 23.68871], [119.65496, 23.68872], [119.65493, 23.6887], [119.65493, 23.68866], [119.65494, 23.68858], [119.65491, 23.68854], [119.65487, 23.68854], [119.65486, 23.68853]]], [[[119.66996, 23.68789], [119.66993, 23.68791], [119.66991, 23.68794], [119.6699, 23.68801], [119.6699, 23.6881], [119.66988, 23.68815], [119.66981, 23.68821], [119.6698, 23.68825], [119.66982, 23.68828], [119.6699, 23.68836], [119.66991, 23.68838], [119.66994, 23.68839], [119.67001, 23.68838], [119.67005, 23.68836], [119.67008, 23.68835], [119.67011, 23.68833], [119.67016, 23.68819], [119.67016, 23.68811], [119.67013, 23.68805], [119.67006, 23.68797], [119.66999, 23.6879], [119.66996, 23.68789]]], [[[119.65525, 23.68497], [119.65519, 23.68497], [119.65515, 23.685], [119.65512, 23.68501], [119.6551, 23.68502], [119.65502, 23.685], [119.65498, 23.68499], [119.65492, 23.685], [119.65485, 23.68504], [119.65485, 23.68507], [119.65488, 23.68517], [119.65491, 23.6852], [119.65494, 23.6852], [119.655, 23.68517], [119.65506, 23.68516], [119.65513, 23.68519], [119.65518, 23.68524], [119.65521, 23.68532], [119.65524, 23.68534], [119.65527, 23.68532], [119.65527, 23.68527], [119.65527, 23.68517], [119.6553, 23.68516], [119.65533, 23.68516], [119.6554, 23.6852], [119.65545, 23.68523], [119.65548, 23.68523], [119.65551, 23.68522], [119.65552, 23.6852], [119.6555, 23.68516], [119.65544, 23.6851], [119.65536, 23.68503], [119.65528, 23.68498], [119.65525, 23.68497]]], [[[119.65444, 23.68491], [119.65436, 23.68492], [119.65432, 23.68495], [119.65431, 23.68498], [119.65432, 23.68501], [119.65434, 23.68504], [119.6544, 23.68513], [119.65446, 23.68523], [119.65453, 23.68523], [119.65456, 23.68524], [119.65459, 23.68525], [119.65462, 23.68527], [119.65463, 23.68531], [119.65466, 23.68532], [119.65468, 23.68532], [119.65469, 23.68531], [119.65469, 23.68526], [119.65467, 23.68522], [119.65466, 23.68517], [119.6546, 23.68508], [119.65444, 23.68491]]], [[[119.65411, 23.68502], [119.65404, 23.68503], [119.65402, 23.68507], [119.65403, 23.6851], [119.65404, 23.68513], [119.65411, 23.68524], [119.65414, 23.68526], [119.65416, 23.68529], [119.65419, 23.68531], [119.65421, 23.68531], [119.65422, 23.68529], [119.65421, 23.68524], [119.65418, 23.68519], [119.65417, 23.6851], [119.65417, 23.68505], [119.65416, 23.68503], [119.65411, 23.68502]]], [[[119.62313, 23.68458], [119.62311, 23.68459], [119.62304, 23.6846], [119.623, 23.68461], [119.62299, 23.68463], [119.62299, 23.68468], [119.62301, 23.6847], [119.62302, 23.68473], [119.62302, 23.68481], [119.62303, 23.68484], [119.62304, 23.68487], [119.62305, 23.68489], [119.62304, 23.68492], [119.623, 23.68493], [119.62293, 23.68492], [119.62274, 23.68493], [119.62271, 23.68494], [119.6227, 23.68496], [119.6227, 23.68499], [119.62271, 23.68503], [119.62275, 23.68506], [119.62288, 23.68506], [119.62294, 23.68506], [119.62303, 23.68512], [119.62312, 23.68516], [119.62318, 23.68517], [119.62321, 23.68518], [119.62331, 23.68526], [119.62337, 23.68528], [119.62339, 23.68528], [119.62353, 23.68531], [119.62359, 23.68531], [119.62361, 23.68532], [119.62366, 23.68532], [119.62373, 23.68531], [119.62376, 23.68529], [119.62376, 23.68526], [119.62375, 23.68521], [119.62377, 23.68519], [119.62381, 23.68519], [119.62392, 23.68516], [119.62398, 23.68512], [119.62399, 23.685], [119.62402, 23.68499], [119.62406, 23.685], [119.6241, 23.68503], [119.62418, 23.68503], [119.62419, 23.68502], [119.62419, 23.68497], [119.62418, 23.68495], [119.62417, 23.68494], [119.62414, 23.68492], [119.62411, 23.6849], [119.62409, 23.68488], [119.62401, 23.68486], [119.62396, 23.68486], [119.62392, 23.68484], [119.62386, 23.68479], [119.6238, 23.68479], [119.62371, 23.68482], [119.62364, 23.68485], [119.6236, 23.6849], [119.62354, 23.6849], [119.62352, 23.68485], [119.62348, 23.68474], [119.62346, 23.68471], [119.62344, 23.68469], [119.6234, 23.68469], [119.62335, 23.68468], [119.62332, 23.68468], [119.6233, 23.68468], [119.6233, 23.6847], [119.62329, 23.68471], [119.62327, 23.68471], [119.62324, 23.68465], [119.6232, 23.68461], [119.62316, 23.68458], [119.62313, 23.68458]]], [[[119.65592, 23.68487], [119.65585, 23.68487], [119.65582, 23.68489], [119.65581, 23.68491], [119.65582, 23.68496], [119.65585, 23.685], [119.65592, 23.68505], [119.65594, 23.68508], [119.65595, 23.68512], [119.65597, 23.68513], [119.656, 23.68513], [119.65602, 23.68511], [119.65604, 23.68509], [119.65604, 23.68508], [119.65601, 23.68504], [119.65596, 23.68499], [119.65595, 23.68495], [119.65595, 23.68488], [119.65592, 23.68487]]], [[[119.65517, 23.68469], [119.65512, 23.6847], [119.65509, 23.68472], [119.65509, 23.68477], [119.6551, 23.68481], [119.65515, 23.68486], [119.65518, 23.68489], [119.6552, 23.68489], [119.65523, 23.68489], [119.65525, 23.68489], [119.65526, 23.68488], [119.65527, 23.68486], [119.65527, 23.68483], [119.65525, 23.68477], [119.65517, 23.68469]]], [[[119.65472, 23.68464], [119.65471, 23.68466], [119.65471, 23.68471], [119.65477, 23.68479], [119.65479, 23.68483], [119.65486, 23.68485], [119.65491, 23.68485], [119.65495, 23.68484], [119.65496, 23.68482], [119.65495, 23.68478], [119.65483, 23.68468], [119.6548, 23.68465], [119.65472, 23.68464]]], [[[119.65403, 23.68452], [119.65401, 23.68454], [119.654, 23.68456], [119.65404, 23.68463], [119.65409, 23.6847], [119.65416, 23.68474], [119.65418, 23.68474], [119.6542, 23.68474], [119.65422, 23.68472], [119.65422, 23.68467], [119.65417, 23.6846], [119.65411, 23.68454], [119.65403, 23.68452]]], [[[119.65433, 23.68441], [119.65431, 23.68441], [119.65429, 23.68443], [119.65428, 23.68446], [119.65424, 23.6845], [119.65422, 23.68452], [119.65424, 23.68456], [119.65428, 23.68461], [119.65434, 23.68467], [119.65435, 23.68469], [119.6544, 23.6847], [119.65443, 23.68469], [119.65444, 23.68467], [119.65444, 23.68464], [119.65441, 23.68455], [119.65439, 23.68448], [119.65436, 23.68443], [119.65433, 23.68441]]], [[[119.6681, 23.6828], [119.66806, 23.6828], [119.66802, 23.68283], [119.668, 23.68294], [119.66798, 23.68297], [119.66796, 23.68298], [119.66794, 23.68296], [119.6679, 23.68297], [119.66787, 23.683], [119.66787, 23.68303], [119.66786, 23.68306], [119.66784, 23.68308], [119.66783, 23.6831], [119.66782, 23.68315], [119.66782, 23.68317], [119.66775, 23.68322], [119.66767, 23.68336], [119.66765, 23.68345], [119.6677, 23.68347], [119.66771, 23.6835], [119.66771, 23.68352], [119.6677, 23.68354], [119.66767, 23.68355], [119.66761, 23.68366], [119.66761, 23.6837], [119.66765, 23.68374], [119.66773, 23.68378], [119.66779, 23.68376], [119.66785, 23.68371], [119.66789, 23.68363], [119.6679, 23.68358], [119.6679, 23.68357], [119.66792, 23.68356], [119.66799, 23.68353], [119.66803, 23.68353], [119.66805, 23.68348], [119.66806, 23.68339], [119.66808, 23.68334], [119.66808, 23.6832], [119.6681, 23.68317], [119.6681, 23.68307], [119.66811, 23.68306], [119.66811, 23.68302], [119.6681, 23.68301], [119.6681, 23.6828]]], [[[119.66802, 23.67604], [119.66471, 23.67757], [119.66597, 23.67856], [119.66499, 23.68137], [119.6669, 23.68062], [119.66629, 23.68329], [119.66708, 23.68193], [119.66805, 23.68266], [119.66736, 23.6813], [119.66942, 23.67761], [119.66802, 23.67604]]], [[[119.6643, 23.68157], [119.66424, 23.6816], [119.66417, 23.68166], [119.66413, 23.68166], [119.66411, 23.68166], [119.66409, 23.68163], [119.66407, 23.68158], [119.664, 23.68158], [119.66396, 23.68161], [119.66396, 23.68171], [119.66396, 23.68174], [119.66393, 23.68177], [119.66392, 23.6818], [119.66392, 23.68188], [119.66387, 23.68197], [119.66377, 23.68204], [119.66372, 23.68207], [119.66365, 23.68208], [119.66362, 23.68207], [119.66355, 23.68201], [119.6635, 23.68201], [119.66346, 23.68202], [119.66345, 23.68206], [119.66346, 23.6821], [119.66346, 23.68213], [119.66343, 23.68218], [119.66343, 23.68222], [119.66347, 23.68226], [119.66348, 23.68231], [119.66349, 23.68238], [119.6635, 23.68242], [119.66356, 23.68244], [119.6636, 23.68244], [119.66362, 23.68237], [119.66366, 23.68229], [119.66369, 23.68225], [119.66374, 23.68225], [119.6638, 23.6823], [119.66384, 23.6824], [119.6639, 23.68251], [119.66389, 23.68261], [119.66391, 23.68269], [119.664, 23.68271], [119.66406, 23.6827], [119.66408, 23.68263], [119.66411, 23.6826], [119.66413, 23.68244], [119.6641, 23.68243], [119.66413, 23.68241], [119.66424, 23.6824], [119.66432, 23.68244], [119.66437, 23.68245], [119.66442, 23.68245], [119.66446, 23.68247], [119.66453, 23.68262], [119.66458, 23.68267], [119.66467, 23.68268], [119.66471, 23.68265], [119.66473, 23.68257], [119.66474, 23.68246], [119.66468, 23.68235], [119.66466, 23.68219], [119.66466, 23.6821], [119.66463, 23.68205], [119.66453, 23.68202], [119.66451, 23.68199], [119.66448, 23.68195], [119.66446, 23.68191], [119.66443, 23.68186], [119.66438, 23.68184], [119.66435, 23.68178], [119.66433, 23.68176], [119.66433, 23.68174], [119.66437, 23.68168], [119.66437, 23.68164], [119.66434, 23.68158], [119.6643, 23.68157]]], [[[119.65807, 23.67619], [119.65801, 23.67621], [119.65799, 23.67626], [119.65794, 23.67629], [119.65787, 23.67636], [119.65784, 23.67642], [119.65778, 23.67656], [119.65769, 23.67676], [119.65749, 23.67722], [119.65737, 23.67754], [119.65722, 23.67788], [119.65711, 23.67808], [119.65703, 23.67821], [119.65695, 23.67833], [119.65689, 23.67846], [119.65689, 23.67853], [119.65687, 23.67862], [119.65683, 23.67863], [119.65677, 23.67857], [119.6567, 23.67857], [119.65666, 23.67861], [119.65666, 23.67868], [119.65668, 23.67876], [119.65672, 23.67883], [119.6568, 23.67887], [119.65688, 23.67882], [119.65701, 23.67877], [119.65706, 23.67873], [119.65706, 23.67864], [119.65703, 23.67859], [119.65699, 23.67854], [119.65695, 23.67855], [119.65694, 23.67848], [119.65695, 23.67845], [119.65702, 23.67835], [119.65711, 23.67822], [119.65718, 23.67811], [119.65727, 23.67793], [119.65744, 23.67756], [119.65757, 23.67724], [119.65771, 23.67694], [119.65777, 23.67694], [119.65779, 23.67684], [119.65776, 23.67683], [119.6578, 23.6767], [119.65787, 23.67654], [119.6579, 23.67644], [119.65794, 23.67638], [119.65796, 23.67635], [119.658, 23.67631], [119.65805, 23.6763], [119.65808, 23.67632], [119.65811, 23.67631], [119.65813, 23.67625], [119.65812, 23.6762], [119.65807, 23.67619]]], [[[119.66869, 23.67344], [119.67093, 23.67629], [119.67294, 23.67501], [119.66869, 23.67344]]], [[[119.5563, 23.67343], [119.55477, 23.674], [119.55438, 23.67658], [119.55678, 23.67594], [119.5563, 23.67343]]], [[[119.6143, 23.66527], [119.61843, 23.6733], [119.61646, 23.67327], [119.61589, 23.66856], [119.61623, 23.67406], [119.6178, 23.67584], [119.61947, 23.67535], [119.6143, 23.66527]]], [[[119.61224, 23.67061], [119.61219, 23.67064], [119.61218, 23.6707], [119.61218, 23.67073], [119.61218, 23.67083], [119.61217, 23.67088], [119.61214, 23.67094], [119.61206, 23.67102], [119.61203, 23.67105], [119.61201, 23.67109], [119.61201, 23.67111], [119.61205, 23.67115], [119.61213, 23.67115], [119.61221, 23.67112], [119.61226, 23.67107], [119.61228, 23.671], [119.61228, 23.67093], [119.61229, 23.67087], [119.61231, 23.67081], [119.61232, 23.67073], [119.61231, 23.67066], [119.61229, 23.67063], [119.61224, 23.67061]]], [[[119.65922, 23.65903], [119.65965, 23.66029], [119.65575, 23.66126], [119.6618, 23.66353], [119.66429, 23.67032], [119.66731, 23.6687], [119.66525, 23.66349], [119.66566, 23.6605], [119.66766, 23.66051], [119.66416, 23.65874], [119.65922, 23.65903]]], [[[119.55442, 23.66909], [119.55437, 23.6691], [119.55425, 23.66924], [119.55419, 23.66927], [119.55418, 23.66929], [119.55419, 23.66934], [119.55421, 23.66939], [119.55423, 23.66942], [119.55426, 23.66944], [119.55429, 23.66944], [119.55431, 23.66946], [119.55433, 23.66949], [119.55437, 23.6696], [119.5544, 23.6696], [119.55443, 23.66959], [119.55444, 23.66957], [119.55445, 23.66955], [119.55444, 23.66947], [119.55443, 23.66942], [119.55442, 23.66938], [119.55444, 23.66936], [119.55447, 23.66936], [119.55449, 23.66933], [119.55448, 23.6693], [119.55447, 23.66928], [119.55447, 23.66925], [119.55448, 23.66921], [119.55449, 23.66918], [119.55449, 23.66914], [119.55445, 23.6691], [119.55442, 23.66909]]], [[[119.55489, 23.66871], [119.55484, 23.66872], [119.55479, 23.66876], [119.55477, 23.66877], [119.55469, 23.66886], [119.55467, 23.66887], [119.55463, 23.66887], [119.55461, 23.66889], [119.55461, 23.66894], [119.5546, 23.66897], [119.5546, 23.66903], [119.55461, 23.66906], [119.55464, 23.66909], [119.55481, 23.66913], [119.55489, 23.66914], [119.55494, 23.66911], [119.55496, 23.66907], [119.55498, 23.66904], [119.55501, 23.669], [119.55501, 23.66896], [119.55499, 23.66892], [119.55492, 23.66886], [119.55491, 23.66884], [119.5549, 23.66882], [119.5549, 23.66877], [119.55491, 23.66873], [119.55489, 23.66871]]], [[[119.54905, 23.66296], [119.54901, 23.66299], [119.54888, 23.66314], [119.54875, 23.66331], [119.54871, 23.66336], [119.54862, 23.66343], [119.5486, 23.66345], [119.54859, 23.66348], [119.54859, 23.66354], [119.54858, 23.66357], [119.54857, 23.66358], [119.54853, 23.66361], [119.54845, 23.66365], [119.54833, 23.66373], [119.54826, 23.66379], [119.54826, 23.66387], [119.54835, 23.66387], [119.5484, 23.66385], [119.54843, 23.66383], [119.5485, 23.66383], [119.54853, 23.66388], [119.5486, 23.66387], [119.54866, 23.66387], [119.54875, 23.66377], [119.54882, 23.66373], [119.5489, 23.6637], [119.54894, 23.66365], [119.54895, 23.6635], [119.54903, 23.66332], [119.5491, 23.66315], [119.54912, 23.66302], [119.5491, 23.66297], [119.54905, 23.66296]]], [[[119.54774, 23.65334], [119.54771, 23.65335], [119.54768, 23.65336], [119.54767, 23.65345], [119.54768, 23.65353], [119.54773, 23.65358], [119.54774, 23.65361], [119.54775, 23.65364], [119.54773, 23.65367], [119.54754, 23.65378], [119.54747, 23.65386], [119.54746, 23.65393], [119.54747, 23.65396], [119.54754, 23.65404], [119.54759, 23.65409], [119.54762, 23.65413], [119.54761, 23.65425], [119.54765, 23.65431], [119.54771, 23.65433], [119.54774, 23.65436], [119.54775, 23.65443], [119.54777, 23.65447], [119.54783, 23.65447], [119.54787, 23.65445], [119.54789, 23.65445], [119.54797, 23.65447], [119.54805, 23.65447], [119.54813, 23.6544], [119.54814, 23.65437], [119.54823, 23.65434], [119.54835, 23.6543], [119.54843, 23.65422], [119.54846, 23.65415], [119.54844, 23.65405], [119.54843, 23.65396], [119.54844, 23.65389], [119.54851, 23.65385], [119.54861, 23.65386], [119.54871, 23.65391], [119.54875, 23.65394], [119.54881, 23.65393], [119.54883, 23.6539], [119.54884, 23.65387], [119.54883, 23.65381], [119.54881, 23.65376], [119.5487, 23.65363], [119.54859, 23.6535], [119.54847, 23.65342], [119.54835, 23.65338], [119.54824, 23.65336], [119.54812, 23.6534], [119.54807, 23.65343], [119.548, 23.65349], [119.54795, 23.65349], [119.54789, 23.65345], [119.54784, 23.65339], [119.54779, 23.65334], [119.54774, 23.65334]]], [[[119.54904, 23.65384], [119.54895, 23.65385], [119.54893, 23.65389], [119.54893, 23.65394], [119.54894, 23.65399], [119.54907, 23.65409], [119.54915, 23.6541], [119.54927, 23.6541], [119.5493, 23.65407], [119.5493, 23.654], [119.54928, 23.65397], [119.54915, 23.65391], [119.54904, 23.65384]]], [[[119.54919, 23.65332], [119.54912, 23.65333], [119.54906, 23.65336], [119.54904, 23.65336], [119.54901, 23.65335], [119.54899, 23.65332], [119.54894, 23.65334], [119.5489, 23.65341], [119.54881, 23.65349], [119.5488, 23.65353], [119.54879, 23.65357], [119.54882, 23.6536], [119.54887, 23.65363], [119.54892, 23.65362], [119.54903, 23.65352], [119.54907, 23.6535], [119.54913, 23.6535], [119.54917, 23.6535], [119.54922, 23.65349], [119.54924, 23.65346], [119.54925, 23.65341], [119.54924, 23.65335], [119.54919, 23.65332]]], [[[119.54962, 23.65299], [119.54955, 23.65301], [119.5495, 23.65306], [119.54943, 23.6531], [119.54937, 23.65312], [119.54935, 23.65315], [119.54934, 23.6532], [119.54936, 23.65323], [119.54939, 23.65326], [119.54942, 23.65327], [119.54946, 23.65327], [119.54951, 23.65323], [119.54961, 23.65316], [119.54966, 23.65314], [119.54969, 23.65312], [119.5497, 23.65307], [119.54967, 23.65302], [119.54962, 23.65299]]], [[[119.63395, 23.64295], [119.63311, 23.64654], [119.63062, 23.64467], [119.63148, 23.6458], [119.62959, 23.64618], [119.6317, 23.64593], [119.63179, 23.64767], [119.62955, 23.64678], [119.63186, 23.6478], [119.63163, 23.65027], [119.63326, 23.65197], [119.63683, 23.65066], [119.634, 23.64632], [119.63395, 23.64295]]], [[[119.54747, 23.65215], [119.54742, 23.65216], [119.54737, 23.65218], [119.54735, 23.65223], [119.54738, 23.65229], [119.54742, 23.65232], [119.54746, 23.65232], [119.5475, 23.6523], [119.54753, 23.65227], [119.54753, 23.65222], [119.54751, 23.65218], [119.54747, 23.65215]]], [[[119.54547, 23.64978], [119.54541, 23.64979], [119.54535, 23.64981], [119.54531, 23.64982], [119.5452, 23.64983], [119.54507, 23.6498], [119.54502, 23.6498], [119.54498, 23.64983], [119.54496, 23.64988], [119.54495, 23.64995], [119.54495, 23.64998], [119.545, 23.65003], [119.54511, 23.65012], [119.54522, 23.65021], [119.54527, 23.65026], [119.54527, 23.65033], [119.54526, 23.6504], [119.54525, 23.65044], [119.54525, 23.65048], [119.54527, 23.6505], [119.54531, 23.65052], [119.54542, 23.65052], [119.54552, 23.6505], [119.54559, 23.65045], [119.54561, 23.65038], [119.54562, 23.65027], [119.54561, 23.65024], [119.54558, 23.65022], [119.54547, 23.65022], [119.54543, 23.65021], [119.54539, 23.65019], [119.54538, 23.65014], [119.54538, 23.65012], [119.54542, 23.65006], [119.54549, 23.64998], [119.54552, 23.64991], [119.54552, 23.64983], [119.5455, 23.64979], [119.54547, 23.64978]]], [[[119.5444, 23.64849], [119.54433, 23.64849], [119.54427, 23.64852], [119.54423, 23.64859], [119.54421, 23.64863], [119.54422, 23.6487], [119.54428, 23.64884], [119.54435, 23.64892], [119.5444, 23.649], [119.54441, 23.64909], [119.54437, 23.64915], [119.54429, 23.64918], [119.5442, 23.6492], [119.54402, 23.64927], [119.54389, 23.64934], [119.54382, 23.64945], [119.54382, 23.64952], [119.54387, 23.64959], [119.544, 23.64962], [119.54418, 23.64964], [119.54437, 23.64965], [119.54446, 23.64969], [119.54454, 23.64974], [119.54457, 23.6498], [119.54457, 23.64992], [119.54455, 23.65003], [119.54459, 23.6501], [119.54466, 23.65013], [119.54475, 23.65008], [119.54479, 23.65001], [119.54479, 23.64988], [119.54478, 23.64973], [119.54478, 23.64965], [119.54483, 23.64958], [119.54491, 23.64949], [119.54495, 23.64942], [119.54492, 23.64934], [119.54486, 23.6493], [119.54473, 23.64926], [119.5447, 23.64919], [119.54469, 23.64912], [119.54467, 23.64904], [119.54466, 23.64896], [119.54464, 23.6489], [119.54453, 23.64876], [119.54448, 23.64859], [119.5444, 23.64849]]], [[[119.54512, 23.64871], [119.54507, 23.64872], [119.54501, 23.64876], [119.545, 23.64878], [119.545, 23.64888], [119.54502, 23.64893], [119.54506, 23.64906], [119.54513, 23.64916], [119.54515, 23.64917], [119.54531, 23.64918], [119.54534, 23.64915], [119.54537, 23.64907], [119.54536, 23.64896], [119.54528, 23.64883], [119.54519, 23.64876], [119.54512, 23.64871]]], [[[119.58178, 23.64837], [119.58164, 23.64837], [119.58153, 23.64841], [119.58146, 23.64847], [119.58132, 23.64859], [119.58115, 23.64876], [119.58109, 23.64886], [119.5811, 23.64892], [119.58113, 23.64894], [119.58124, 23.64892], [119.5813, 23.64893], [119.58139, 23.64893], [119.58147, 23.64897], [119.58152, 23.64899], [119.58164, 23.64901], [119.58174, 23.64902], [119.58184, 23.64898], [119.58193, 23.64891], [119.58194, 23.64886], [119.58193, 23.64882], [119.58187, 23.64872], [119.58187, 23.64867], [119.5819, 23.64859], [119.58197, 23.64848], [119.58195, 23.64841], [119.58191, 23.64838], [119.58186, 23.64837], [119.58178, 23.64837]]], [[[119.58792, 23.6395], [119.58787, 23.63951], [119.58784, 23.63951], [119.58781, 23.63954], [119.58778, 23.63957], [119.58775, 23.63959], [119.58771, 23.63959], [119.58766, 23.63958], [119.5876, 23.63953], [119.58755, 23.63952], [119.58752, 23.63953], [119.58748, 23.63954], [119.58745, 23.63957], [119.58743, 23.63959], [119.58739, 23.6396], [119.58727, 23.63959], [119.58724, 23.6396], [119.58722, 23.63962], [119.58721, 23.63964], [119.58722, 23.63968], [119.58725, 23.63974], [119.5873, 23.63978], [119.58731, 23.63982], [119.58731, 23.63986], [119.58731, 23.63991], [119.58728, 23.63999], [119.58727, 23.64006], [119.58729, 23.64011], [119.5873, 23.64015], [119.58734, 23.64019], [119.58736, 23.64021], [119.58736, 23.64022], [119.58736, 23.64024], [119.58735, 23.64026], [119.58731, 23.64032], [119.58731, 23.64036], [119.58731, 23.64044], [119.5873, 23.64048], [119.58726, 23.64052], [119.58725, 23.64057], [119.58727, 23.64062], [119.58728, 23.64066], [119.58728, 23.6407], [119.58728, 23.64073], [119.5873, 23.64077], [119.58733, 23.64081], [119.58738, 23.64081], [119.58761, 23.64079], [119.58767, 23.64079], [119.58776, 23.64075], [119.58792, 23.64073], [119.58804, 23.6407], [119.58811, 23.64068], [119.58812, 23.64075], [119.58814, 23.64083], [119.58817, 23.64087], [119.58823, 23.64088], [119.58831, 23.64088], [119.58839, 23.64083], [119.5884, 23.64079], [119.58839, 23.64074], [119.58832, 23.64068], [119.58822, 23.64058], [119.58818, 23.64052], [119.58814, 23.64045], [119.58813, 23.64037], [119.58814, 23.64026], [119.58819, 23.64014], [119.58819, 23.64011], [119.58818, 23.64007], [119.58813, 23.64001], [119.5881, 23.63996], [119.5881, 23.63991], [119.58809, 23.63986], [119.58803, 23.63985], [119.58798, 23.63983], [119.58796, 23.6398], [119.58797, 23.63976], [119.58799, 23.63971], [119.588, 23.63966], [119.58797, 23.63959], [119.58795, 23.63953], [119.58792, 23.6395]]], [[[119.60498, 23.63881], [119.60497, 23.63881], [119.60493, 23.63881], [119.60492, 23.63882], [119.60491, 23.63885], [119.60489, 23.63886], [119.60482, 23.63887], [119.6048, 23.63888], [119.6048, 23.6389], [119.60482, 23.63891], [119.60484, 23.63892], [119.6049, 23.63892], [119.60497, 23.63897], [119.60501, 23.63899], [119.60506, 23.63898], [119.60511, 23.63893], [119.60515, 23.63892], [119.60519, 23.63896], [119.60522, 23.63896], [119.60526, 23.63895], [119.60526, 23.63891], [119.60526, 23.6389], [119.60525, 23.63889], [119.60523, 23.63888], [119.60522, 23.63887], [119.60521, 23.63886], [119.60519, 23.63886], [119.60517, 23.63885], [119.60515, 23.63884], [119.60512, 23.63883], [119.60508, 23.63884], [119.60505, 23.63884], [119.60502, 23.63884], [119.605, 23.63883], [119.60498, 23.63881]]], [[[119.60833, 23.6373], [119.60828, 23.63731], [119.6082, 23.63737], [119.60812, 23.63742], [119.60805, 23.63743], [119.60802, 23.63745], [119.608, 23.63747], [119.60804, 23.63749], [119.60804, 23.6375], [119.60807, 23.6375], [119.60808, 23.63751], [119.60808, 23.63752], [119.60807, 23.63754], [119.60806, 23.63755], [119.60804, 23.63756], [119.60803, 23.63757], [119.60804, 23.63759], [119.60806, 23.6376], [119.60807, 23.6376], [119.60807, 23.63762], [119.60807, 23.63763], [119.60802, 23.63768], [119.60802, 23.6377], [119.60803, 23.63771], [119.60811, 23.63771], [119.60812, 23.63769], [119.60813, 23.63768], [119.60813, 23.63766], [119.60815, 23.63763], [119.60817, 23.63761], [119.60825, 23.63756], [119.60836, 23.6375], [119.60838, 23.63744], [119.60839, 23.63739], [119.60838, 23.63735], [119.60836, 23.63734], [119.60836, 23.63733], [119.60835, 23.63732], [119.60833, 23.6373]]], [[[119.61744, 23.63004], [119.61737, 23.63007], [119.61732, 23.63012], [119.61731, 23.63022], [119.61729, 23.6304], [119.61733, 23.63044], [119.6174, 23.63044], [119.6175, 23.63034], [119.61753, 23.63029], [119.61754, 23.63022], [119.61753, 23.63008], [119.6175, 23.63003], [119.61744, 23.63004]]], [[[119.56988, 23.61655], [119.56515, 23.61916], [119.5679, 23.62039], [119.5679, 23.62257], [119.57024, 23.62023], [119.56988, 23.61655]]], [[[119.59864, 23.60772], [119.59855, 23.60778], [119.59845, 23.60787], [119.59839, 23.60797], [119.59831, 23.60806], [119.59831, 23.6081], [119.59834, 23.60813], [119.59858, 23.6081], [119.59864, 23.60812], [119.5987, 23.60812], [119.59876, 23.60817], [119.59907, 23.60816], [119.59909, 23.60814], [119.59908, 23.608], [119.59899, 23.60797], [119.5989, 23.60794], [119.59882, 23.60789], [119.59875, 23.60781], [119.5987, 23.60773], [119.59864, 23.60772]]], [[[119.61395, 23.6069], [119.61385, 23.60693], [119.61385, 23.60697], [119.61385, 23.60711], [119.61388, 23.60728], [119.61391, 23.60734], [119.61399, 23.6074], [119.61408, 23.60743], [119.61414, 23.60745], [119.61417, 23.60751], [119.61417, 23.60756], [119.61417, 23.60762], [119.61422, 23.6077], [119.61428, 23.60774], [119.61433, 23.60775], [119.61443, 23.60771], [119.61453, 23.60762], [119.61462, 23.60758], [119.61473, 23.60758], [119.6148, 23.60756], [119.61483, 23.60746], [119.61485, 23.60737], [119.61483, 23.6073], [119.6148, 23.60725], [119.61473, 23.60717], [119.61468, 23.60711], [119.61461, 23.60706], [119.61452, 23.60704], [119.61441, 23.60703], [119.61436, 23.60706], [119.6143, 23.60706], [119.61426, 23.60704], [119.61416, 23.60696], [119.61408, 23.60692], [119.614, 23.6069], [119.61395, 23.6069]]], [[[119.50845, 23.27273], [119.50831, 23.27273], [119.50823, 23.27274], [119.50816, 23.27283], [119.50812, 23.27285], [119.50804, 23.27286], [119.50798, 23.27285], [119.50791, 23.2728], [119.50788, 23.27278], [119.50781, 23.27277], [119.50776, 23.2728], [119.50775, 23.27287], [119.50778, 23.27295], [119.5078, 23.27304], [119.5078, 23.2731], [119.50784, 23.27317], [119.50791, 23.27323], [119.50798, 23.27325], [119.50809, 23.27326], [119.50815, 23.27324], [119.50818, 23.27321], [119.5082, 23.27321], [119.50832, 23.27317], [119.50842, 23.27316], [119.50851, 23.27312], [119.50859, 23.27306], [119.50862, 23.27294], [119.50861, 23.27284], [119.50854, 23.27276], [119.50845, 23.27273]]], [[[119.50907, 23.25565], [119.51276, 23.25746], [119.51401, 23.26226], [119.51592, 23.26374], [119.51883, 23.26533], [119.52181, 23.26443], [119.52206, 23.26209], [119.51651, 23.25709], [119.51643, 23.25483], [119.51315, 23.25586], [119.51082, 23.25356], [119.50879, 23.25401], [119.50907, 23.25565]]], [[[119.66541, 23.25861], [119.66663, 23.2614], [119.67065, 23.26337], [119.67405, 23.26263], [119.67719, 23.26439], [119.67929, 23.26325], [119.68008, 23.26021], [119.67814, 23.25967], [119.67815, 23.2565], [119.67256, 23.25105], [119.67422, 23.24681], [119.6722, 23.24415], [119.66784, 23.2491], [119.66593, 23.24836], [119.66625, 23.25047], [119.66457, 23.25054], [119.66675, 23.25238], [119.66672, 23.25494], [119.66782, 23.25336], [119.66541, 23.25861]]], [[[119.65997, 23.25995], [119.65672, 23.26098], [119.65716, 23.26293], [119.66117, 23.26441], [119.65997, 23.25995]]], [[[119.50259, 23.25772], [119.50252, 23.2578], [119.50249, 23.25786], [119.50246, 23.25788], [119.50239, 23.25791], [119.50235, 23.25796], [119.50225, 23.25795], [119.5021, 23.25783], [119.50203, 23.2578], [119.50198, 23.25781], [119.50192, 23.25787], [119.50188, 23.25794], [119.50183, 23.25799], [119.50173, 23.25802], [119.50167, 23.25808], [119.50168, 23.2583], [119.50165, 23.25839], [119.50164, 23.25846], [119.5017, 23.25852], [119.5018, 23.25852], [119.50183, 23.25857], [119.50178, 23.25862], [119.50181, 23.25868], [119.50186, 23.25874], [119.50197, 23.25875], [119.50205, 23.25878], [119.5021, 23.25878], [119.50223, 23.25878], [119.50234, 23.25888], [119.50238, 23.25888], [119.5025, 23.25887], [119.50251, 23.25884], [119.50262, 23.25877], [119.50265, 23.25871], [119.50262, 23.25861], [119.50264, 23.25854], [119.50268, 23.25847], [119.50278, 23.25839], [119.50294, 23.25826], [119.50298, 23.2582], [119.50299, 23.25811], [119.50298, 23.25802], [119.50291, 23.25793], [119.50284, 23.25781], [119.50278, 23.25778], [119.5027, 23.25777], [119.50265, 23.25774], [119.50259, 23.25772]]], [[[119.6183, 23.25501], [119.61823, 23.25506], [119.61806, 23.25509], [119.61793, 23.25509], [119.61778, 23.25508], [119.61776, 23.25506], [119.61765, 23.25506], [119.61759, 23.2551], [119.61752, 23.25514], [119.61745, 23.25513], [119.61743, 23.25513], [119.61739, 23.25516], [119.61734, 23.25521], [119.61733, 23.25524], [119.61735, 23.25529], [119.61735, 23.25533], [119.61733, 23.25537], [119.61735, 23.2554], [119.61739, 23.25544], [119.61746, 23.25547], [119.61752, 23.25546], [119.61761, 23.25539], [119.6177, 23.25531], [119.61775, 23.25524], [119.61779, 23.25522], [119.61782, 23.25521], [119.61786, 23.25524], [119.61788, 23.25528], [119.61788, 23.25535], [119.61793, 23.25546], [119.61799, 23.25554], [119.61804, 23.25557], [119.61806, 23.25558], [119.61811, 23.25556], [119.61821, 23.25554], [119.61823, 23.25551], [119.61826, 23.25547], [119.61829, 23.25547], [119.61836, 23.2555], [119.6184, 23.25547], [119.61848, 23.25548], [119.6185, 23.25542], [119.61854, 23.25542], [119.61857, 23.25538], [119.61857, 23.25534], [119.61858, 23.2553], [119.61862, 23.25529], [119.61862, 23.25525], [119.6186, 23.2552], [119.61856, 23.25517], [119.61855, 23.25513], [119.61855, 23.25509], [119.61855, 23.25505], [119.61843, 23.25505], [119.61837, 23.25502], [119.6183, 23.25501]]], [[[119.61008, 23.24725], [119.60867, 23.25136], [119.61345, 23.25366], [119.62155, 23.25263], [119.6196, 23.24872], [119.62189, 23.24654], [119.62153, 23.24463], [119.61949, 23.24544], [119.61673, 23.24371], [119.61008, 23.24725]]], [[[119.51872, 23.25232], [119.51779, 23.25372], [119.51953, 23.25388], [119.51872, 23.25232]]], [[[119.55118, 23.24382], [119.5511, 23.24384], [119.55107, 23.24388], [119.55108, 23.24394], [119.55113, 23.24402], [119.55113, 23.2441], [119.55118, 23.24414], [119.55121, 23.24418], [119.55126, 23.24415], [119.55127, 23.24406], [119.55131, 23.24399], [119.55138, 23.24394], [119.55138, 23.2439], [119.55129, 23.24382], [119.55118, 23.24382]]], [[[119.55021, 23.24228], [119.54929, 23.24291], [119.55063, 23.24344], [119.55021, 23.24228]]], [[[119.55068, 23.24187], [119.55062, 23.24194], [119.55061, 23.24201], [119.55065, 23.24209], [119.55067, 23.24215], [119.55071, 23.24222], [119.5508, 23.24227], [119.55085, 23.24234], [119.55092, 23.24239], [119.55097, 23.2424], [119.55101, 23.2424], [119.55102, 23.24237], [119.5511, 23.24234], [119.55112, 23.24229], [119.55116, 23.24222], [119.55122, 23.24216], [119.55123, 23.24209], [119.5512, 23.24205], [119.55112, 23.24205], [119.55107, 23.24209], [119.55102, 23.24212], [119.55097, 23.2421], [119.55093, 23.24208], [119.55093, 23.242], [119.55087, 23.24192], [119.55082, 23.24189], [119.55074, 23.24187], [119.5507, 23.24187], [119.55068, 23.24187]]], [[[119.52002, 23.23371], [119.51978, 23.23521], [119.521, 23.23444], [119.52002, 23.23371]]], [[[119.49235, 23.38139], [119.49597, 23.38756], [119.49342, 23.38884], [119.49293, 23.39202], [119.48943, 23.39464], [119.49096, 23.397], [119.495, 23.39699], [119.49774, 23.39109], [119.50055, 23.39146], [119.50137, 23.38911], [119.50218, 23.39164], [119.5042, 23.39175], [119.50423, 23.39462], [119.50625, 23.39409], [119.50554, 23.39284], [119.50803, 23.39072], [119.50676, 23.38341], [119.5086, 23.38179], [119.50836, 23.37682], [119.51156, 23.37573], [119.5134, 23.3769], [119.50797, 23.37196], [119.50965, 23.37042], [119.51333, 23.37078], [119.51444, 23.37486], [119.51659, 23.37352], [119.51471, 23.3706], [119.5163, 23.36786], [119.51166, 23.36556], [119.50971, 23.36629], [119.50708, 23.36354], [119.5095, 23.36145], [119.50764, 23.36148], [119.50943, 23.36094], [119.50818, 23.35952], [119.50915, 23.35693], [119.51378, 23.35358], [119.5131, 23.35249], [119.50825, 23.35405], [119.5061, 23.35306], [119.50555, 23.35502], [119.50296, 23.35575], [119.49071, 23.35304], [119.48626, 23.35602], [119.4946, 23.36546], [119.49328, 23.37049], [119.49484, 23.37293], [119.49198, 23.37542], [119.49386, 23.3776], [119.49167, 23.37917], [119.49235, 23.38139]]], [[[119.31516, 23.40042], [119.31443, 23.40275], [119.31748, 23.40458], [119.3195, 23.4118], [119.32502, 23.40835], [119.32488, 23.40693], [119.3286, 23.40721], [119.33068, 23.40496], [119.32754, 23.40297], [119.32727, 23.4004], [119.32395, 23.39885], [119.32198, 23.39952], [119.31785, 23.39763], [119.31516, 23.40042]]], [[[119.5137, 23.39539], [119.51361, 23.39541], [119.51355, 23.39545], [119.51345, 23.39547], [119.51335, 23.39547], [119.51318, 23.39546], [119.51307, 23.39547], [119.51273, 23.39549], [119.5126, 23.39548], [119.51243, 23.39546], [119.51236, 23.39548], [119.51233, 23.39552], [119.51234, 23.39557], [119.5124, 23.39566], [119.51244, 23.39574], [119.51244, 23.39584], [119.51246, 23.39591], [119.5125, 23.396], [119.51252, 23.39612], [119.5126, 23.39619], [119.51267, 23.39621], [119.51274, 23.39618], [119.51289, 23.39609], [119.51302, 23.39599], [119.51314, 23.39593], [119.51321, 23.39591], [119.5133, 23.39592], [119.51335, 23.39593], [119.51347, 23.39595], [119.51353, 23.39596], [119.51367, 23.39598], [119.51377, 23.396], [119.51381, 23.39603], [119.51391, 23.39611], [119.51401, 23.39612], [119.51404, 23.3961], [119.51404, 23.39604], [119.51403, 23.396], [119.51406, 23.39597], [119.51406, 23.39592], [119.51404, 23.39584], [119.51394, 23.39575], [119.5139, 23.3957], [119.51388, 23.39562], [119.51387, 23.3955], [119.51384, 23.39543], [119.5138, 23.3954], [119.5137, 23.39539]]], [[[119.51431, 23.38068], [119.51213, 23.38171], [119.51341, 23.38512], [119.51535, 23.38214], [119.51431, 23.38068]]], [[[119.52896, 23.37622], [119.52643, 23.37951], [119.52926, 23.37802], [119.52896, 23.37622]]], [[[119.48746, 23.37807], [119.48742, 23.37809], [119.48737, 23.37813], [119.48734, 23.37821], [119.48734, 23.37827], [119.48733, 23.37832], [119.48727, 23.37839], [119.48723, 23.37845], [119.48722, 23.37855], [119.48724, 23.37867], [119.48731, 23.3788], [119.48737, 23.37886], [119.4874, 23.37891], [119.48752, 23.37895], [119.48766, 23.37895], [119.48776, 23.37892], [119.48784, 23.37886], [119.48795, 23.3788], [119.48804, 23.37874], [119.48809, 23.37865], [119.48814, 23.37856], [119.48825, 23.37846], [119.48826, 23.37837], [119.48824, 23.37831], [119.4882, 23.37829], [119.48812, 23.37831], [119.48796, 23.37838], [119.48787, 23.37853], [119.48774, 23.37865], [119.4877, 23.37866], [119.48755, 23.37866], [119.48752, 23.37862], [119.48752, 23.37857], [119.48752, 23.37853], [119.48766, 23.37841], [119.48767, 23.37836], [119.48766, 23.37828], [119.48763, 23.37825], [119.48761, 23.37823], [119.48757, 23.37813], [119.48754, 23.37807], [119.48746, 23.37807]]], [[[119.52357, 23.36598], [119.52652, 23.36752], [119.52558, 23.36983], [119.52652, 23.36781], [119.52758, 23.36862], [119.52701, 23.37095], [119.52538, 23.37005], [119.52708, 23.3724], [119.53053, 23.37173], [119.53124, 23.37384], [119.53298, 23.37241], [119.53598, 23.37368], [119.53664, 23.37579], [119.5408, 23.37273], [119.54147, 23.36756], [119.5439, 23.36532], [119.53223, 23.36687], [119.52591, 23.36283], [119.52664, 23.3597], [119.52423, 23.35724], [119.52449, 23.36017], [119.52167, 23.36148], [119.52053, 23.35988], [119.51959, 23.3624], [119.52075, 23.3612], [119.52135, 23.3623], [119.51854, 23.36417], [119.51966, 23.36693], [119.52357, 23.36598]]], [[[119.52692, 23.37332], [119.52432, 23.37346], [119.52291, 23.37536], [119.52692, 23.37332]]], [[[119.53143, 23.374], [119.53137, 23.374], [119.53131, 23.37403], [119.53127, 23.37411], [119.53121, 23.37419], [119.53117, 23.37424], [119.53117, 23.3743], [119.53121, 23.37436], [119.5313, 23.37439], [119.53144, 23.37439], [119.53152, 23.37441], [119.53157, 23.37448], [119.53164, 23.37449], [119.53169, 23.37446], [119.5317, 23.3744], [119.53168, 23.37431], [119.53159, 23.37418], [119.53154, 23.37408], [119.53151, 23.37402], [119.53143, 23.374]]], [[[119.55203, 23.36567], [119.55195, 23.36567], [119.55194, 23.36571], [119.55196, 23.36575], [119.55208, 23.36581], [119.55217, 23.36584], [119.55227, 23.36592], [119.55234, 23.36598], [119.55236, 23.36608], [119.55237, 23.36616], [119.5524, 23.36623], [119.55242, 23.3663], [119.55244, 23.36652], [119.55248, 23.36666], [119.55254, 23.36675], [119.55261, 23.3668], [119.55273, 23.36682], [119.55296, 23.36686], [119.55304, 23.36685], [119.5531, 23.36682], [119.55323, 23.36683], [119.5533, 23.36681], [119.55336, 23.36676], [119.55337, 23.36673], [119.55337, 23.36671], [119.5533, 23.36664], [119.5532, 23.36657], [119.55311, 23.36651], [119.55305, 23.36645], [119.55271, 23.36615], [119.55254, 23.366], [119.55235, 23.36585], [119.55223, 23.36578], [119.55213, 23.36572], [119.55203, 23.36567]]], [[[119.55308, 23.3635], [119.55299, 23.36355], [119.55295, 23.36359], [119.55278, 23.36359], [119.55273, 23.3636], [119.55272, 23.36366], [119.55264, 23.36371], [119.55258, 23.36375], [119.55252, 23.36377], [119.55241, 23.36378], [119.55235, 23.36378], [119.55227, 23.36378], [119.55222, 23.3638], [119.55219, 23.36383], [119.55218, 23.36394], [119.55221, 23.36406], [119.55222, 23.36411], [119.5522, 23.36416], [119.55216, 23.3642], [119.55214, 23.36426], [119.55209, 23.36434], [119.55205, 23.36441], [119.55205, 23.36448], [119.55215, 23.36459], [119.55224, 23.36468], [119.55227, 23.36474], [119.55228, 23.36481], [119.55224, 23.36487], [119.55224, 23.36494], [119.55226, 23.36498], [119.5523, 23.36503], [119.55232, 23.36507], [119.55231, 23.3652], [119.55235, 23.36526], [119.5524, 23.36529], [119.55254, 23.36528], [119.5526, 23.36525], [119.55263, 23.36519], [119.55263, 23.36512], [119.55261, 23.36509], [119.55262, 23.36505], [119.55265, 23.36498], [119.55272, 23.3649], [119.55282, 23.36478], [119.55284, 23.36471], [119.55284, 23.36462], [119.5528, 23.36454], [119.55275, 23.36447], [119.55272, 23.36445], [119.55267, 23.3644], [119.55261, 23.36436], [119.55258, 23.36432], [119.55258, 23.36427], [119.5526, 23.36424], [119.55262, 23.36423], [119.55268, 23.36423], [119.55271, 23.36419], [119.55274, 23.36414], [119.55276, 23.36409], [119.5528, 23.36405], [119.55293, 23.36404], [119.55302, 23.36397], [119.55307, 23.36392], [119.55316, 23.3639], [119.55318, 23.36387], [119.55324, 23.36385], [119.55327, 23.3638], [119.55327, 23.36373], [119.55324, 23.3637], [119.55321, 23.36367], [119.5532, 23.36359], [119.55319, 23.36355], [119.55315, 23.36351], [119.55308, 23.3635]]], [[[119.53765, 23.35996], [119.53555, 23.3613], [119.53643, 23.36337], [119.53845, 23.36182], [119.53765, 23.35996]]], [[[119.48117, 23.35604], [119.4811, 23.35607], [119.48105, 23.35613], [119.48102, 23.35621], [119.48096, 23.35625], [119.48087, 23.35629], [119.48081, 23.35634], [119.48077, 23.35642], [119.48073, 23.35649], [119.48065, 23.35654], [119.48044, 23.35664], [119.48031, 23.35673], [119.48015, 23.35699], [119.48, 23.35724], [119.47998, 23.35735], [119.47994, 23.35744], [119.47983, 23.35755], [119.4798, 23.35761], [119.47977, 23.3577], [119.47972, 23.35777], [119.47958, 23.35791], [119.47954, 23.35802], [119.47951, 23.3581], [119.47938, 23.35814], [119.47923, 23.35826], [119.47912, 23.35836], [119.47899, 23.35844], [119.47895, 23.35853], [119.47893, 23.35865], [119.47891, 23.35874], [119.47888, 23.3588], [119.47886, 23.35887], [119.47887, 23.35895], [119.47893, 23.35899], [119.47894, 23.35904], [119.47892, 23.35908], [119.47885, 23.35911], [119.47879, 23.35913], [119.47877, 23.35917], [119.47878, 23.35921], [119.47882, 23.35923], [119.47889, 23.35922], [119.47893, 23.35923], [119.47898, 23.35928], [119.47904, 23.35927], [119.47909, 23.35924], [119.47909, 23.35916], [119.47913, 23.35912], [119.47921, 23.35905], [119.47929, 23.359], [119.47935, 23.35902], [119.47948, 23.35904], [119.47968, 23.35907], [119.47976, 23.35906], [119.47981, 23.35902], [119.47984, 23.35898], [119.47987, 23.35888], [119.47989, 23.35872], [119.4799, 23.35866], [119.47995, 23.35862], [119.48006, 23.35858], [119.48011, 23.35855], [119.48017, 23.35849], [119.48025, 23.35846], [119.48033, 23.35838], [119.48032, 23.35828], [119.48031, 23.35813], [119.48031, 23.3579], [119.48036, 23.35778], [119.48043, 23.35767], [119.48057, 23.35759], [119.48073, 23.35754], [119.48094, 23.35744], [119.4811, 23.35735], [119.48131, 23.35715], [119.48141, 23.357], [119.48151, 23.35691], [119.4816, 23.35681], [119.48166, 23.35672], [119.48171, 23.3567], [119.48175, 23.35663], [119.48174, 23.35657], [119.48169, 23.35652], [119.48165, 23.35645], [119.48164, 23.35635], [119.48163, 23.35625], [119.48158, 23.35619], [119.48156, 23.35619], [119.48152, 23.35619], [119.48145, 23.35625], [119.4814, 23.35624], [119.48136, 23.35623], [119.4813, 23.35615], [119.48124, 23.35606], [119.48117, 23.35604]]], [[[119.51776, 23.35633], [119.51769, 23.35634], [119.51766, 23.35637], [119.51759, 23.35642], [119.51756, 23.35643], [119.51747, 23.35646], [119.51743, 23.3565], [119.51741, 23.35655], [119.51742, 23.35657], [119.51743, 23.3566], [119.51748, 23.35663], [119.51766, 23.35664], [119.51769, 23.35664], [119.51775, 23.35665], [119.51788, 23.35671], [119.51795, 23.35672], [119.51801, 23.35672], [119.51805, 23.35671], [119.51808, 23.35668], [119.51809, 23.35665], [119.51808, 23.35662], [119.518, 23.35656], [119.51792, 23.3565], [119.51787, 23.35644], [119.51783, 23.35636], [119.5178, 23.35634], [119.51776, 23.35633]]], [[[119.46069, 23.35388], [119.46063, 23.35389], [119.46063, 23.35394], [119.46071, 23.35403], [119.46078, 23.3541], [119.46081, 23.35417], [119.46086, 23.35423], [119.46105, 23.35431], [119.46114, 23.35438], [119.46115, 23.35444], [119.46111, 23.35447], [119.4611, 23.35453], [119.46104, 23.35464], [119.46097, 23.35469], [119.46092, 23.35469], [119.46086, 23.35466], [119.46075, 23.35456], [119.46068, 23.35453], [119.46048, 23.35454], [119.46041, 23.35448], [119.46035, 23.35445], [119.46029, 23.3544], [119.46015, 23.35437], [119.4601, 23.3544], [119.46008, 23.35444], [119.4601, 23.3545], [119.46016, 23.35458], [119.46019, 23.35466], [119.46024, 23.3547], [119.46031, 23.35473], [119.46047, 23.35477], [119.46059, 23.35481], [119.46071, 23.35486], [119.46093, 23.35498], [119.46103, 23.35501], [119.46117, 23.35509], [119.46124, 23.35515], [119.4613, 23.35517], [119.46141, 23.35522], [119.46146, 23.35528], [119.46149, 23.35535], [119.46151, 23.35547], [119.46153, 23.35554], [119.4616, 23.35568], [119.46161, 23.35578], [119.46166, 23.35595], [119.46169, 23.35605], [119.46175, 23.35611], [119.46183, 23.35616], [119.46188, 23.35617], [119.46194, 23.35616], [119.462, 23.35608], [119.46208, 23.35599], [119.46222, 23.35594], [119.46237, 23.35595], [119.46258, 23.35596], [119.46264, 23.35593], [119.46265, 23.35587], [119.46263, 23.3558], [119.46262, 23.35576], [119.46264, 23.35569], [119.46278, 23.3556], [119.46283, 23.35552], [119.46286, 23.3554], [119.46289, 23.35534], [119.46293, 23.35526], [119.46298, 23.35517], [119.46298, 23.35507], [119.46295, 23.35498], [119.46286, 23.35495], [119.46269, 23.35494], [119.46259, 23.35493], [119.46253, 23.35491], [119.46243, 23.3548], [119.46238, 23.35472], [119.46236, 23.35465], [119.46228, 23.35457], [119.46218, 23.35452], [119.46207, 23.35448], [119.46183, 23.35447], [119.46168, 23.35447], [119.46162, 23.35444], [119.46151, 23.35444], [119.46142, 23.35449], [119.46137, 23.3545], [119.46132, 23.35448], [119.46129, 23.35442], [119.4613, 23.35433], [119.46127, 23.35428], [119.46109, 23.35409], [119.461, 23.35404], [119.46096, 23.35401], [119.46096, 23.35397], [119.46095, 23.35392], [119.46093, 23.35389], [119.46087, 23.35388], [119.46077, 23.35389], [119.46069, 23.35388]]], [[[119.52752, 23.3552], [119.52748, 23.3552], [119.52746, 23.35522], [119.52741, 23.35531], [119.52736, 23.35536], [119.52729, 23.35537], [119.52721, 23.35544], [119.5272, 23.35549], [119.52722, 23.35552], [119.52725, 23.35554], [119.52731, 23.35555], [119.52738, 23.35554], [119.52743, 23.3555], [119.52758, 23.35546], [119.52761, 23.35544], [119.52762, 23.35541], [119.5276, 23.35533], [119.52759, 23.35525], [119.52756, 23.35522], [119.52752, 23.3552]]], [[[119.4635, 23.35447], [119.46347, 23.35448], [119.46345, 23.3545], [119.46344, 23.35463], [119.46345, 23.3547], [119.46344, 23.35475], [119.46342, 23.35483], [119.46338, 23.35491], [119.46334, 23.35505], [119.46334, 23.3552], [119.46336, 23.35526], [119.46343, 23.35533], [119.46348, 23.35541], [119.46348, 23.35548], [119.46353, 23.35556], [119.46356, 23.35557], [119.4636, 23.35556], [119.4636, 23.35548], [119.46359, 23.35539], [119.46355, 23.35529], [119.46349, 23.3552], [119.46348, 23.35516], [119.46348, 23.3551], [119.46349, 23.35503], [119.46352, 23.355], [119.46358, 23.35498], [119.46364, 23.35499], [119.46367, 23.35497], [119.46369, 23.35491], [119.46369, 23.35485], [119.46364, 23.35474], [119.46362, 23.35471], [119.4636, 23.3547], [119.4636, 23.35465], [119.46359, 23.35455], [119.46356, 23.35448], [119.4635, 23.35447]]], [[[119.46771, 23.35081], [119.46789, 23.3534], [119.4695, 23.35314], [119.46771, 23.35081]]], [[[119.5197, 23.35163], [119.51967, 23.35163], [119.51964, 23.35163], [119.51963, 23.35166], [119.51962, 23.35172], [119.5196, 23.35175], [119.5196, 23.3518], [119.51961, 23.35185], [119.51969, 23.35189], [119.5198, 23.35196], [119.51984, 23.35199], [119.51988, 23.35199], [119.51994, 23.35199], [119.51996, 23.35196], [119.52, 23.3519], [119.52, 23.35184], [119.51994, 23.35176], [119.5199, 23.35176], [119.51981, 23.35175], [119.51977, 23.35175], [119.51975, 23.35171], [119.51971, 23.35165], [119.5197, 23.35163]]], [[[119.51977, 23.3513], [119.51974, 23.35131], [119.51973, 23.35133], [119.51973, 23.35134], [119.51973, 23.35137], [119.51976, 23.3514], [119.51978, 23.35147], [119.51981, 23.35154], [119.51985, 23.35155], [119.5199, 23.35154], [119.51996, 23.3515], [119.51996, 23.35145], [119.51994, 23.35141], [119.5199, 23.35137], [119.51985, 23.35131], [119.51984, 23.3513], [119.51977, 23.3513]]], [[[119.53877, 23.34917], [119.53785, 23.34991], [119.53993, 23.35043], [119.53877, 23.34917]]], [[[119.4649, 23.34694], [119.46483, 23.34696], [119.46482, 23.347], [119.46483, 23.34707], [119.4648, 23.3471], [119.46477, 23.34709], [119.46473, 23.34706], [119.46469, 23.34705], [119.46465, 23.34704], [119.46464, 23.34708], [119.46464, 23.34711], [119.46463, 23.34715], [119.46462, 23.34723], [119.46467, 23.34738], [119.46473, 23.3475], [119.46482, 23.34761], [119.46494, 23.34777], [119.46502, 23.34789], [119.46512, 23.348], [119.46523, 23.34813], [119.46533, 23.34839], [119.46541, 23.34856], [119.46551, 23.34872], [119.46561, 23.34879], [119.46566, 23.34885], [119.46572, 23.34893], [119.46581, 23.34897], [119.46589, 23.34893], [119.46593, 23.34889], [119.46594, 23.34878], [119.4659, 23.34865], [119.46591, 23.34855], [119.46595, 23.34846], [119.46594, 23.3484], [119.46589, 23.34828], [119.46587, 23.34824], [119.46586, 23.34817], [119.46581, 23.34811], [119.4658, 23.34806], [119.46584, 23.34801], [119.46588, 23.34797], [119.46589, 23.34793], [119.46586, 23.34785], [119.46575, 23.34776], [119.46566, 23.34769], [119.46549, 23.34759], [119.46541, 23.34742], [119.46517, 23.34732], [119.46503, 23.34723], [119.46498, 23.34717], [119.46498, 23.34707], [119.465, 23.34702], [119.46496, 23.34697], [119.4649, 23.34694]]], [[[119.32109, 23.32335], [119.32089, 23.3247], [119.31836, 23.32465], [119.31985, 23.32764], [119.32295, 23.32392], [119.32109, 23.32335]]], [[[119.32282, 23.3241], [119.32278, 23.32411], [119.32274, 23.32413], [119.32271, 23.32413], [119.32269, 23.32415], [119.32269, 23.32417], [119.32269, 23.32418], [119.32265, 23.3242], [119.32265, 23.32422], [119.32263, 23.32424], [119.32262, 23.32427], [119.32262, 23.32431], [119.32263, 23.32433], [119.32262, 23.32434], [119.32259, 23.32433], [119.32257, 23.32433], [119.32255, 23.32435], [119.32255, 23.32439], [119.32253, 23.32441], [119.32253, 23.32442], [119.32251, 23.32442], [119.3225, 23.3244], [119.32248, 23.32434], [119.32243, 23.32431], [119.3224, 23.32432], [119.32239, 23.32434], [119.32239, 23.32439], [119.3225, 23.32455], [119.32253, 23.32457], [119.32256, 23.32457], [119.3226, 23.32459], [119.32261, 23.32461], [119.32264, 23.32462], [119.32268, 23.32462], [119.3227, 23.32464], [119.32273, 23.32465], [119.32279, 23.32465], [119.3228, 23.32463], [119.3228, 23.3246], [119.32279, 23.32458], [119.32278, 23.32457], [119.32277, 23.32456], [119.32274, 23.32455], [119.32272, 23.32454], [119.32272, 23.32452], [119.32273, 23.3245], [119.32276, 23.3245], [119.32278, 23.32451], [119.3228, 23.32453], [119.32283, 23.32456], [119.32285, 23.32458], [119.32289, 23.32459], [119.32295, 23.32459], [119.32296, 23.32458], [119.32296, 23.32456], [119.32292, 23.32453], [119.32291, 23.32448], [119.3229, 23.32444], [119.3229, 23.32442], [119.32292, 23.32438], [119.32295, 23.32436], [119.323, 23.32433], [119.32305, 23.32431], [119.32312, 23.32431], [119.32314, 23.32429], [119.32313, 23.32426], [119.32311, 23.32425], [119.32302, 23.32427], [119.32293, 23.32427], [119.32292, 23.32427], [119.32291, 23.32422], [119.32293, 23.3242], [119.32295, 23.32418], [119.32295, 23.32416], [119.32294, 23.32412], [119.32292, 23.3241], [119.32288, 23.3241], [119.32282, 23.3241]]], [[[119.32447, 23.32362], [119.32324, 23.32434], [119.32522, 23.32443], [119.32447, 23.32362]]], [[[119.33688, 23.31711], [119.33494, 23.31901], [119.33592, 23.32273], [119.33841, 23.31804], [119.33688, 23.31711]]], [[[119.34219, 23.30717], [119.34215, 23.30719], [119.34211, 23.30721], [119.34202, 23.3073], [119.34198, 23.3074], [119.34194, 23.30754], [119.34189, 23.30763], [119.34179, 23.30777], [119.34165, 23.308], [119.34161, 23.30812], [119.34161, 23.30821], [119.34165, 23.30832], [119.34172, 23.30843], [119.34175, 23.30851], [119.34179, 23.30857], [119.34179, 23.30867], [119.34182, 23.30872], [119.34188, 23.30872], [119.34192, 23.30869], [119.34193, 23.30859], [119.34191, 23.3085], [119.34192, 23.30841], [119.34196, 23.30834], [119.34201, 23.30828], [119.34218, 23.30809], [119.34223, 23.30797], [119.34231, 23.30784], [119.3424, 23.30768], [119.34242, 23.30764], [119.34242, 23.30756], [119.34238, 23.30744], [119.34233, 23.30732], [119.34223, 23.30721], [119.34221, 23.30717], [119.34219, 23.30717]]], [[[119.50094, 23.29057], [119.50088, 23.29059], [119.50085, 23.29062], [119.50082, 23.29063], [119.50073, 23.29063], [119.5007, 23.29064], [119.50068, 23.29066], [119.50062, 23.29068], [119.50055, 23.29074], [119.5005, 23.29075], [119.50045, 23.29076], [119.50041, 23.2908], [119.5004, 23.29084], [119.50042, 23.29089], [119.5005, 23.29089], [119.50052, 23.29091], [119.50051, 23.29095], [119.50049, 23.29099], [119.50048, 23.29102], [119.50048, 23.29106], [119.5005, 23.29107], [119.50055, 23.29107], [119.50055, 23.29108], [119.50056, 23.29124], [119.50059, 23.29128], [119.50064, 23.2913], [119.50068, 23.29128], [119.5007, 23.29125], [119.50072, 23.29117], [119.50071, 23.29113], [119.50071, 23.29112], [119.50071, 23.2911], [119.50074, 23.29104], [119.50076, 23.29099], [119.50077, 23.29097], [119.50074, 23.29093], [119.50072, 23.29087], [119.50072, 23.29084], [119.50074, 23.29081], [119.50075, 23.29081], [119.50076, 23.29084], [119.50078, 23.29089], [119.50081, 23.29093], [119.50088, 23.29093], [119.50094, 23.29092], [119.50096, 23.29089], [119.50096, 23.29086], [119.50096, 23.29083], [119.50094, 23.29077], [119.50095, 23.29074], [119.50099, 23.2907], [119.50104, 23.29065], [119.50104, 23.29062], [119.501, 23.29058], [119.50094, 23.29057]]], [[[119.50114, 23.28891], [119.50056, 23.29015], [119.50258, 23.2905], [119.50114, 23.28891]]], [[[119.50033, 23.28663], [119.50026, 23.28666], [119.50024, 23.28671], [119.50021, 23.28675], [119.5002, 23.28679], [119.50019, 23.28682], [119.50017, 23.28683], [119.50011, 23.28683], [119.50007, 23.28688], [119.50004, 23.28694], [119.50004, 23.287], [119.50008, 23.28705], [119.50014, 23.28708], [119.5002, 23.28711], [119.50025, 23.28711], [119.50034, 23.28711], [119.50037, 23.28708], [119.50038, 23.28704], [119.5004, 23.28701], [119.50043, 23.287], [119.50046, 23.287], [119.50051, 23.28698], [119.50053, 23.28695], [119.50053, 23.28689], [119.50057, 23.28686], [119.50062, 23.28683], [119.50063, 23.28678], [119.50063, 23.28674], [119.50062, 23.28673], [119.50062, 23.28671], [119.50063, 23.2867], [119.50063, 23.28668], [119.50062, 23.28667], [119.50055, 23.28667], [119.50048, 23.28665], [119.50044, 23.28664], [119.50039, 23.28665], [119.50035, 23.28665], [119.50033, 23.28663]]], [[[119.50121, 23.27637], [119.50118, 23.27639], [119.50116, 23.27641], [119.50117, 23.2765], [119.50118, 23.27654], [119.50117, 23.27658], [119.50116, 23.27661], [119.50115, 23.27663], [119.50115, 23.27667], [119.5012, 23.2767], [119.50123, 23.27672], [119.50128, 23.27672], [119.50132, 23.27672], [119.50137, 23.27674], [119.5014, 23.27676], [119.50145, 23.27676], [119.50148, 23.27672], [119.50152, 23.27671], [119.50164, 23.27673], [119.50168, 23.27674], [119.5017, 23.27674], [119.50175, 23.27674], [119.50178, 23.27674], [119.50182, 23.27671], [119.50179, 23.27668], [119.50178, 23.27666], [119.50177, 23.27665], [119.50177, 23.27662], [119.50178, 23.27658], [119.50177, 23.27655], [119.50174, 23.27652], [119.5017, 23.27651], [119.50166, 23.27647], [119.50164, 23.27644], [119.5016, 23.27644], [119.50157, 23.27646], [119.50155, 23.27646], [119.50152, 23.27644], [119.5015, 23.27641], [119.50144, 23.2764], [119.50141, 23.27642], [119.50138, 23.27643], [119.50135, 23.27643], [119.50133, 23.27643], [119.50128, 23.27639], [119.50121, 23.27637]]], [[[119.50155, 23.27546], [119.5015, 23.27547], [119.50145, 23.2755], [119.50137, 23.27555], [119.50137, 23.27559], [119.50139, 23.27563], [119.50138, 23.27568], [119.5014, 23.27573], [119.50146, 23.27576], [119.50153, 23.27576], [119.50161, 23.27579], [119.50166, 23.27577], [119.50172, 23.27571], [119.50173, 23.27574], [119.50173, 23.27577], [119.50168, 23.27582], [119.50168, 23.27586], [119.5017, 23.27591], [119.50169, 23.27595], [119.50164, 23.27597], [119.50165, 23.27602], [119.50177, 23.27609], [119.50175, 23.27611], [119.50163, 23.27612], [119.50156, 23.27616], [119.50155, 23.27618], [119.50153, 23.27624], [119.50158, 23.27627], [119.50166, 23.27626], [119.50174, 23.27631], [119.5018, 23.27632], [119.50184, 23.27633], [119.50184, 23.27636], [119.50179, 23.27636], [119.50176, 23.27635], [119.50173, 23.27634], [119.50171, 23.27638], [119.50173, 23.27641], [119.50181, 23.27645], [119.50189, 23.27647], [119.502, 23.27643], [119.50204, 23.27643], [119.5021, 23.27645], [119.50213, 23.27649], [119.50217, 23.27647], [119.50218, 23.27643], [119.50217, 23.27639], [119.50211, 23.27636], [119.50213, 23.27634], [119.50217, 23.27634], [119.50226, 23.27634], [119.50231, 23.27636], [119.50237, 23.27636], [119.50245, 23.27634], [119.50249, 23.27635], [119.50247, 23.2764], [119.50245, 23.27645], [119.50248, 23.2765], [119.50254, 23.27655], [119.50267, 23.27662], [119.50273, 23.27662], [119.50278, 23.27663], [119.50282, 23.27664], [119.50294, 23.2766], [119.50308, 23.27656], [119.50311, 23.27649], [119.50318, 23.27648], [119.50321, 23.2765], [119.50324, 23.27654], [119.50329, 23.27656], [119.50335, 23.27655], [119.50335, 23.27651], [119.50335, 23.27648], [119.50342, 23.27652], [119.5035, 23.2765], [119.50354, 23.27653], [119.50357, 23.27652], [119.50364, 23.27649], [119.50364, 23.27646], [119.5037, 23.27645], [119.50377, 23.2765], [119.50386, 23.27651], [119.5039, 23.27646], [119.50389, 23.2764], [119.50383, 23.27635], [119.5038, 23.27632], [119.50381, 23.27629], [119.50385, 23.27629], [119.50388, 23.27634], [119.50396, 23.27633], [119.50403, 23.27628], [119.50404, 23.27623], [119.50399, 23.27618], [119.50393, 23.27614], [119.5038, 23.27614], [119.50379, 23.27612], [119.50379, 23.2761], [119.50407, 23.27612], [119.50415, 23.27607], [119.50421, 23.27602], [119.50421, 23.27596], [119.50418, 23.27592], [119.5041, 23.27587], [119.50405, 23.27589], [119.50401, 23.27586], [119.50402, 23.27581], [119.50404, 23.27577], [119.50402, 23.27572], [119.50398, 23.27571], [119.50391, 23.27572], [119.50387, 23.27575], [119.50385, 23.27579], [119.50382, 23.27584], [119.50379, 23.27584], [119.50372, 23.27583], [119.50369, 23.27585], [119.5037, 23.27588], [119.50367, 23.27587], [119.50363, 23.27587], [119.5036, 23.27589], [119.5036, 23.27597], [119.50358, 23.27598], [119.50355, 23.27596], [119.5035, 23.27592], [119.50345, 23.27594], [119.50345, 23.27597], [119.50343, 23.27597], [119.50339, 23.27596], [119.50336, 23.27597], [119.50333, 23.27601], [119.50334, 23.27603], [119.50326, 23.27604], [119.50324, 23.27606], [119.50321, 23.27606], [119.50319, 23.27604], [119.50314, 23.27605], [119.50307, 23.27607], [119.50303, 23.27609], [119.50304, 23.27617], [119.50302, 23.27617], [119.50298, 23.27611], [119.50293, 23.27611], [119.50287, 23.27614], [119.50278, 23.27612], [119.5024, 23.27613], [119.50228, 23.27613], [119.50218, 23.27614], [119.50217, 23.2761], [119.50225, 23.27605], [119.50226, 23.27601], [119.50227, 23.27597], [119.50232, 23.27597], [119.50236, 23.27601], [119.50241, 23.27601], [119.50248, 23.27597], [119.50253, 23.27593], [119.50252, 23.27588], [119.50244, 23.27588], [119.50242, 23.27585], [119.50245, 23.27583], [119.50247, 23.2758], [119.50245, 23.27572], [119.50239, 23.2757], [119.50231, 23.27573], [119.50227, 23.27571], [119.50223, 23.2757], [119.50221, 23.27573], [119.5022, 23.27578], [119.50214, 23.27579], [119.50209, 23.27579], [119.50205, 23.27578], [119.50205, 23.27567], [119.50206, 23.2756], [119.50202, 23.2756], [119.50188, 23.27561], [119.5018, 23.27563], [119.50169, 23.27567], [119.50164, 23.27566], [119.50159, 23.27566], [119.50152, 23.27563], [119.5015, 23.27559], [119.50154, 23.27554], [119.50159, 23.2755], [119.50159, 23.27548], [119.50155, 23.27546]]], [[[119.51119, 23.26634], [119.50488, 23.26833], [119.50273, 23.27272], [119.50984, 23.27323], [119.51119, 23.26634]]], [[[119.69686, 23.55403], [119.69542, 23.55549], [119.6969, 23.55557], [119.69686, 23.55403]]], [[[119.6595, 23.54293], [119.65946, 23.54294], [119.65942, 23.54298], [119.65942, 23.54302], [119.65934, 23.54309], [119.65932, 23.54313], [119.65934, 23.54319], [119.65936, 23.5433], [119.65937, 23.54348], [119.65938, 23.54352], [119.65948, 23.54353], [119.65954, 23.54357], [119.65959, 23.5436], [119.65972, 23.54361], [119.65974, 23.54363], [119.65972, 23.54366], [119.6596, 23.54365], [119.65946, 23.54366], [119.65941, 23.54368], [119.65937, 23.54373], [119.65937, 23.54378], [119.65938, 23.54384], [119.65937, 23.54387], [119.65934, 23.54389], [119.65934, 23.54393], [119.65936, 23.54395], [119.65936, 23.54396], [119.65936, 23.54398], [119.65934, 23.54399], [119.65933, 23.544], [119.65934, 23.54403], [119.65933, 23.54408], [119.65927, 23.54412], [119.65927, 23.54416], [119.65931, 23.54423], [119.65934, 23.54426], [119.65939, 23.54427], [119.65944, 23.54426], [119.65947, 23.54426], [119.65948, 23.54428], [119.65947, 23.54429], [119.65938, 23.5443], [119.65937, 23.54432], [119.65937, 23.54435], [119.65942, 23.5444], [119.6595, 23.54445], [119.65963, 23.5445], [119.65971, 23.54454], [119.65976, 23.54453], [119.65979, 23.54449], [119.65982, 23.54448], [119.65988, 23.54452], [119.65993, 23.54452], [119.65996, 23.5445], [119.66, 23.5445], [119.66002, 23.54452], [119.66004, 23.54457], [119.6601, 23.54461], [119.66016, 23.54462], [119.66027, 23.54463], [119.6604, 23.54462], [119.66044, 23.54464], [119.66046, 23.5447], [119.6605, 23.54472], [119.66061, 23.54473], [119.66067, 23.54474], [119.66077, 23.54479], [119.66085, 23.5448], [119.66088, 23.54479], [119.66088, 23.54477], [119.66092, 23.54472], [119.66095, 23.5446], [119.66095, 23.54456], [119.66088, 23.54448], [119.66079, 23.54447], [119.66077, 23.54446], [119.66075, 23.54446], [119.66073, 23.54448], [119.66069, 23.54448], [119.66069, 23.54443], [119.66068, 23.54441], [119.6606, 23.54442], [119.6606, 23.54439], [119.6606, 23.54436], [119.66064, 23.54432], [119.6607, 23.54429], [119.6607, 23.54425], [119.66057, 23.54424], [119.66056, 23.54419], [119.66054, 23.54416], [119.66054, 23.54413], [119.66054, 23.5441], [119.66059, 23.54407], [119.66061, 23.54402], [119.66068, 23.54402], [119.66068, 23.54396], [119.66066, 23.54391], [119.66062, 23.54387], [119.6606, 23.54385], [119.6606, 23.54381], [119.66058, 23.54378], [119.66053, 23.54376], [119.66048, 23.54375], [119.66045, 23.54374], [119.66045, 23.54372], [119.66046, 23.54368], [119.66046, 23.54362], [119.66045, 23.54357], [119.6604, 23.54356], [119.66037, 23.54353], [119.66035, 23.54349], [119.6603, 23.54343], [119.66023, 23.54342], [119.66017, 23.54342], [119.66013, 23.54345], [119.66009, 23.54346], [119.66006, 23.54345], [119.66006, 23.54342], [119.66008, 23.54339], [119.66011, 23.54335], [119.66013, 23.54333], [119.66016, 23.5433], [119.66018, 23.54327], [119.66017, 23.54324], [119.66011, 23.54319], [119.66007, 23.54313], [119.66006, 23.54306], [119.66004, 23.54304], [119.65998, 23.54302], [119.65988, 23.54301], [119.65984, 23.54302], [119.65983, 23.54304], [119.6598, 23.54305], [119.65974, 23.54307], [119.65967, 23.54306], [119.65964, 23.54305], [119.65963, 23.54302], [119.65959, 23.54297], [119.65955, 23.54293], [119.6595, 23.54293]]], [[[119.6595, 23.54153], [119.65946, 23.54153], [119.6594, 23.54156], [119.65937, 23.54156], [119.65934, 23.54155], [119.65928, 23.54156], [119.65924, 23.54157], [119.65923, 23.5416], [119.6592, 23.54164], [119.65915, 23.54165], [119.65911, 23.5417], [119.65906, 23.5417], [119.65903, 23.54172], [119.65899, 23.54177], [119.659, 23.54181], [119.65904, 23.54185], [119.65903, 23.5419], [119.65902, 23.54193], [119.65907, 23.54201], [119.65908, 23.54207], [119.65911, 23.54211], [119.65925, 23.54214], [119.6593, 23.54219], [119.65936, 23.54221], [119.65939, 23.54228], [119.65943, 23.54232], [119.65948, 23.54234], [119.65949, 23.54236], [119.65948, 23.54242], [119.65951, 23.54246], [119.65956, 23.54248], [119.6596, 23.54252], [119.65965, 23.54254], [119.65969, 23.54253], [119.65971, 23.54252], [119.65977, 23.54249], [119.65984, 23.54247], [119.65987, 23.5424], [119.65987, 23.54235], [119.65985, 23.54232], [119.65983, 23.54224], [119.65982, 23.54219], [119.65983, 23.54216], [119.65988, 23.54213], [119.65992, 23.54208], [119.65993, 23.54204], [119.65996, 23.54201], [119.65999, 23.54199], [119.65999, 23.54197], [119.65996, 23.54193], [119.65996, 23.54189], [119.65998, 23.54187], [119.66001, 23.54186], [119.66003, 23.54182], [119.66003, 23.5418], [119.65999, 23.54177], [119.65994, 23.54174], [119.65991, 23.54169], [119.65987, 23.54164], [119.65979, 23.54162], [119.65976, 23.54159], [119.65969, 23.54158], [119.65958, 23.54156], [119.65953, 23.54155], [119.6595, 23.54153]]], [[[119.66102, 23.53947], [119.66098, 23.53949], [119.66095, 23.53951], [119.66082, 23.53953], [119.66078, 23.53956], [119.66075, 23.5396], [119.66068, 23.53961], [119.66062, 23.53965], [119.66058, 23.5397], [119.66051, 23.53971], [119.66046, 23.53971], [119.66045, 23.5397], [119.66044, 23.53967], [119.66041, 23.53967], [119.66039, 23.53969], [119.66034, 23.53969], [119.66025, 23.53969], [119.66016, 23.53971], [119.66013, 23.5397], [119.6601, 23.53966], [119.65997, 23.53965], [119.65994, 23.53966], [119.65994, 23.53971], [119.65997, 23.5398], [119.66001, 23.53983], [119.66006, 23.53982], [119.6601, 23.53982], [119.6601, 23.53987], [119.66011, 23.53988], [119.66014, 23.53988], [119.66019, 23.53986], [119.66023, 23.53987], [119.66026, 23.5399], [119.66026, 23.53992], [119.66018, 23.53993], [119.66014, 23.53995], [119.6601, 23.53998], [119.66007, 23.54002], [119.65997, 23.54001], [119.65995, 23.54], [119.6599, 23.54], [119.65984, 23.54003], [119.65982, 23.54006], [119.65983, 23.54011], [119.65987, 23.54012], [119.66006, 23.54012], [119.66013, 23.54015], [119.66019, 23.54014], [119.66023, 23.54012], [119.66033, 23.54011], [119.66035, 23.54009], [119.66038, 23.54008], [119.66044, 23.54009], [119.66046, 23.5401], [119.6605, 23.54009], [119.66055, 23.54005], [119.66058, 23.54004], [119.66062, 23.54003], [119.66063, 23.53999], [119.66067, 23.53999], [119.66073, 23.54004], [119.66082, 23.54009], [119.66091, 23.5402], [119.66103, 23.5403], [119.66109, 23.54031], [119.66112, 23.54035], [119.66119, 23.54036], [119.66124, 23.5404], [119.6613, 23.54041], [119.66133, 23.54041], [119.66134, 23.54036], [119.66135, 23.54031], [119.6614, 23.54027], [119.66144, 23.54023], [119.66148, 23.54018], [119.66149, 23.54008], [119.66146, 23.54], [119.66143, 23.53991], [119.66138, 23.53984], [119.66136, 23.53981], [119.66134, 23.53977], [119.66135, 23.53972], [119.66137, 23.53966], [119.66137, 23.53962], [119.66134, 23.5396], [119.6613, 23.53957], [119.66124, 23.53958], [119.66119, 23.5396], [119.66116, 23.53961], [119.66113, 23.53959], [119.6611, 23.53956], [119.66108, 23.53948], [119.66102, 23.53947]]], [[[119.72692, 23.53498], [119.72453, 23.53612], [119.72667, 23.53695], [119.72692, 23.53498]]], [[[119.60477, 23.59651], [119.60481, 23.59652], [119.60489, 23.59651], [119.6052, 23.59639], [119.60535, 23.59632], [119.6054, 23.59628], [119.60541, 23.59623], [119.6054, 23.59619], [119.60537, 23.59616], [119.60531, 23.59611], [119.60499, 23.59596], [119.60495, 23.59595], [119.6049, 23.59595], [119.60481, 23.59599], [119.60461, 23.59609], [119.60457, 23.59612], [119.60453, 23.59615], [119.60453, 23.59619], [119.60454, 23.59623], [119.60475, 23.5965], [119.60477, 23.59651]]], [[[119.68494, 23.62476], [119.68326, 23.6269], [119.68433, 23.62618], [119.68597, 23.6279], [119.68705, 23.62612], [119.68494, 23.62476]]], [[[119.69976, 23.61703], [119.69856, 23.61847], [119.69982, 23.6204], [119.70125, 23.61967], [119.69976, 23.61703]]], [[[119.69533, 23.61892], [119.69526, 23.61895], [119.69524, 23.61901], [119.69525, 23.61905], [119.69527, 23.61908], [119.69532, 23.61913], [119.69531, 23.61916], [119.69528, 23.61918], [119.69519, 23.61922], [119.69519, 23.61924], [119.69522, 23.61929], [119.69524, 23.61931], [119.69524, 23.6194], [119.69525, 23.61947], [119.69525, 23.61953], [119.69529, 23.61957], [119.69534, 23.61959], [119.69539, 23.61965], [119.69544, 23.61967], [119.69552, 23.61967], [119.69557, 23.61964], [119.6956, 23.6196], [119.69559, 23.61955], [119.69561, 23.61953], [119.69563, 23.61954], [119.69564, 23.61958], [119.69565, 23.61962], [119.69567, 23.61965], [119.69577, 23.61966], [119.69579, 23.61969], [119.69579, 23.61974], [119.69581, 23.61975], [119.69585, 23.6198], [119.69594, 23.61988], [119.69596, 23.61992], [119.69596, 23.61999], [119.69596, 23.62003], [119.696, 23.62008], [119.69602, 23.62012], [119.69601, 23.62024], [119.69603, 23.62028], [119.69606, 23.62029], [119.69611, 23.62029], [119.69613, 23.62028], [119.69617, 23.62028], [119.69621, 23.62031], [119.69626, 23.62033], [119.6963, 23.62033], [119.6964, 23.62035], [119.69642, 23.62033], [119.6964, 23.62029], [119.69637, 23.62026], [119.69636, 23.62024], [119.69636, 23.62023], [119.69639, 23.6202], [119.6964, 23.62017], [119.6964, 23.62011], [119.69639, 23.62005], [119.69637, 23.62001], [119.69634, 23.61999], [119.69634, 23.61997], [119.69634, 23.61995], [119.69638, 23.61993], [119.69642, 23.61992], [119.69645, 23.61988], [119.69646, 23.61983], [119.69644, 23.61975], [119.69642, 23.61963], [119.69638, 23.6196], [119.69633, 23.61953], [119.69631, 23.61947], [119.69628, 23.61942], [119.69627, 23.61937], [119.69626, 23.61929], [119.69625, 23.61926], [119.69621, 23.61922], [119.69617, 23.61921], [119.69614, 23.61918], [119.69611, 23.61915], [119.69608, 23.61913], [119.69604, 23.61914], [119.69602, 23.61915], [119.69598, 23.61916], [119.69596, 23.61913], [119.69594, 23.61911], [119.69585, 23.61912], [119.69582, 23.61912], [119.69579, 23.61916], [119.69577, 23.61915], [119.69574, 23.61913], [119.6957, 23.61912], [119.69566, 23.61914], [119.69564, 23.61917], [119.69563, 23.61918], [119.6956, 23.61918], [119.69558, 23.61917], [119.69555, 23.6192], [119.69553, 23.6192], [119.69548, 23.6192], [119.69546, 23.61916], [119.69547, 23.61912], [119.69551, 23.6191], [119.69545, 23.61908], [119.69539, 23.619], [119.69535, 23.61897], [119.69533, 23.61892]]], [[[119.69818, 23.61794], [119.69811, 23.61794], [119.69808, 23.61795], [119.69803, 23.61798], [119.69803, 23.61801], [119.69806, 23.61804], [119.69809, 23.61804], [119.69811, 23.61804], [119.69811, 23.61807], [119.69803, 23.61809], [119.69801, 23.61811], [119.69796, 23.6181], [119.69789, 23.6181], [119.69782, 23.61816], [119.6977, 23.61817], [119.69763, 23.61823], [119.6976, 23.61827], [119.69759, 23.61842], [119.69755, 23.61842], [119.69755, 23.61846], [119.6976, 23.6185], [119.69759, 23.61863], [119.6976, 23.61868], [119.69772, 23.61883], [119.69776, 23.61896], [119.69781, 23.61903], [119.69788, 23.61907], [119.6979, 23.61914], [119.69789, 23.61916], [119.69785, 23.61914], [119.69782, 23.61915], [119.69783, 23.61919], [119.69787, 23.61924], [119.69789, 23.61931], [119.69795, 23.61935], [119.69802, 23.61933], [119.69805, 23.61928], [119.69802, 23.61922], [119.698, 23.61919], [119.69799, 23.61914], [119.69795, 23.61909], [119.69794, 23.61906], [119.6979, 23.61903], [119.69805, 23.61903], [119.69811, 23.619], [119.69817, 23.61898], [119.69818, 23.61894], [119.69818, 23.6189], [119.69822, 23.61887], [119.69828, 23.61884], [119.69828, 23.61879], [119.69828, 23.61875], [119.69831, 23.6187], [119.69835, 23.61856], [119.69835, 23.61845], [119.69839, 23.61836], [119.69841, 23.61828], [119.6984, 23.61823], [119.69836, 23.6182], [119.69832, 23.61818], [119.69832, 23.61814], [119.69835, 23.61811], [119.69836, 23.61807], [119.69835, 23.61801], [119.69829, 23.61799], [119.69822, 23.61798], [119.69818, 23.61794]]], [[[119.70212, 23.61659], [119.70209, 23.61659], [119.70207, 23.61662], [119.70206, 23.61665], [119.70201, 23.61668], [119.70199, 23.61675], [119.70196, 23.61675], [119.70197, 23.61669], [119.70195, 23.61667], [119.70192, 23.61665], [119.70188, 23.61667], [119.70182, 23.61668], [119.70178, 23.61668], [119.70175, 23.61672], [119.7017, 23.61669], [119.70164, 23.6167], [119.70163, 23.61678], [119.70157, 23.61678], [119.70155, 23.61679], [119.70155, 23.61689], [119.70156, 23.61694], [119.70157, 23.61697], [119.70155, 23.61698], [119.70154, 23.61702], [119.70156, 23.61708], [119.70157, 23.61714], [119.70161, 23.61721], [119.70164, 23.61726], [119.70165, 23.61731], [119.70169, 23.61732], [119.7017, 23.61726], [119.70175, 23.61727], [119.70179, 23.6173], [119.70181, 23.61743], [119.70183, 23.61749], [119.70186, 23.61749], [119.70189, 23.61746], [119.7019, 23.61748], [119.70192, 23.61751], [119.70197, 23.6175], [119.70205, 23.61755], [119.70214, 23.61755], [119.70219, 23.61757], [119.70224, 23.61758], [119.70229, 23.61757], [119.70233, 23.61755], [119.70236, 23.61756], [119.70243, 23.61761], [119.7025, 23.61765], [119.70253, 23.61763], [119.7025, 23.6176], [119.70249, 23.61757], [119.70251, 23.61754], [119.70253, 23.61754], [119.70256, 23.61756], [119.70262, 23.61756], [119.70263, 23.61752], [119.70259, 23.61749], [119.70257, 23.61748], [119.70257, 23.61747], [119.70257, 23.61744], [119.70263, 23.61741], [119.70265, 23.61736], [119.70272, 23.61733], [119.70276, 23.61727], [119.70276, 23.61721], [119.70274, 23.61715], [119.70276, 23.6171], [119.70277, 23.61706], [119.70276, 23.61698], [119.70275, 23.61692], [119.70272, 23.6169], [119.70269, 23.61689], [119.7027, 23.61682], [119.70278, 23.61674], [119.70283, 23.61671], [119.70284, 23.61669], [119.70281, 23.61667], [119.70275, 23.61665], [119.7027, 23.61665], [119.70267, 23.61669], [119.70265, 23.6167], [119.70261, 23.61671], [119.70257, 23.61669], [119.70252, 23.61669], [119.70246, 23.61672], [119.70244, 23.61671], [119.70239, 23.61669], [119.70235, 23.6167], [119.70233, 23.61672], [119.7023, 23.61672], [119.70228, 23.61666], [119.70225, 23.61665], [119.7022, 23.61664], [119.70217, 23.61662], [119.70212, 23.61659]]], [[[119.69953, 23.61562], [119.69761, 23.61609], [119.69798, 23.61716], [119.69953, 23.61562]]], [[[119.70103, 23.61589], [119.701, 23.61589], [119.70097, 23.61593], [119.70086, 23.61599], [119.70079, 23.61608], [119.70081, 23.61618], [119.70085, 23.61625], [119.70091, 23.61626], [119.70096, 23.61629], [119.70099, 23.61633], [119.701, 23.61634], [119.70104, 23.61635], [119.70106, 23.61631], [119.70109, 23.6163], [119.70118, 23.6163], [119.70127, 23.61629], [119.70128, 23.61626], [119.70135, 23.61626], [119.70138, 23.61623], [119.70136, 23.61621], [119.70134, 23.61619], [119.70133, 23.61611], [119.70129, 23.61609], [119.70124, 23.61603], [119.70116, 23.61598], [119.70109, 23.61597], [119.70108, 23.61592], [119.70104, 23.61593], [119.70103, 23.61589]]], [[[119.70004, 23.61501], [119.69997, 23.615], [119.69996, 23.61501], [119.69991, 23.61505], [119.69991, 23.61509], [119.69992, 23.61511], [119.69998, 23.61512], [119.69999, 23.61515], [119.69997, 23.61518], [119.69998, 23.61523], [119.70001, 23.6153], [119.70005, 23.61531], [119.70006, 23.6154], [119.70004, 23.61543], [119.69997, 23.61541], [119.69995, 23.61542], [119.69995, 23.61547], [119.69998, 23.61551], [119.70002, 23.61552], [119.70007, 23.61556], [119.70013, 23.61558], [119.70018, 23.61556], [119.70031, 23.61556], [119.70037, 23.61557], [119.70045, 23.61558], [119.70047, 23.61562], [119.70052, 23.61562], [119.70053, 23.61565], [119.70056, 23.61568], [119.7006, 23.6157], [119.70065, 23.61569], [119.70063, 23.61566], [119.70059, 23.61565], [119.70059, 23.61561], [119.70059, 23.61558], [119.70063, 23.61557], [119.70063, 23.61555], [119.70058, 23.61555], [119.70056, 23.61554], [119.70057, 23.61552], [119.70058, 23.6155], [119.70059, 23.61545], [119.7006, 23.61539], [119.70057, 23.61538], [119.70057, 23.61536], [119.70058, 23.61534], [119.70062, 23.61534], [119.70064, 23.61535], [119.70067, 23.61539], [119.70069, 23.61537], [119.70066, 23.61532], [119.70057, 23.61523], [119.70049, 23.61517], [119.70039, 23.61514], [119.70036, 23.61511], [119.70032, 23.6151], [119.70025, 23.61512], [119.7002, 23.61512], [119.70014, 23.6151], [119.70012, 23.61506], [119.70006, 23.61506], [119.70004, 23.61501]]], [[[119.67637, 23.6026], [119.67421, 23.60333], [119.67291, 23.60203], [119.67194, 23.60484], [119.67728, 23.60463], [119.6755, 23.60378], [119.67637, 23.6026]]], [[[119.67487, 23.60244], [119.67482, 23.60247], [119.67481, 23.6025], [119.67479, 23.60253], [119.67474, 23.60255], [119.67469, 23.60256], [119.67467, 23.60255], [119.6746, 23.60254], [119.6745, 23.60255], [119.67435, 23.60257], [119.67431, 23.60258], [119.67428, 23.60261], [119.67423, 23.60262], [119.67419, 23.60263], [119.67414, 23.60267], [119.67406, 23.60273], [119.67403, 23.60276], [119.674, 23.60278], [119.67392, 23.60282], [119.6739, 23.60283], [119.67389, 23.60287], [119.67389, 23.6029], [119.67392, 23.60292], [119.67398, 23.60292], [119.67414, 23.60287], [119.67419, 23.60286], [119.67422, 23.60285], [119.67428, 23.60283], [119.6743, 23.6028], [119.67436, 23.6028], [119.6744, 23.60281], [119.67441, 23.60283], [119.67439, 23.60286], [119.6744, 23.60288], [119.67442, 23.6029], [119.67468, 23.60282], [119.67475, 23.60276], [119.67483, 23.60273], [119.67489, 23.60269], [119.67489, 23.60265], [119.67489, 23.60261], [119.67491, 23.60258], [119.67494, 23.60252], [119.67493, 23.60248], [119.67491, 23.60245], [119.67487, 23.60244]]], [[[119.67521, 23.59841], [119.67517, 23.59842], [119.67513, 23.59843], [119.67507, 23.5985], [119.67502, 23.59855], [119.67497, 23.59857], [119.6749, 23.59858], [119.67487, 23.59857], [119.67484, 23.59856], [119.67481, 23.59856], [119.67478, 23.59859], [119.67478, 23.59863], [119.67482, 23.5987], [119.67488, 23.59876], [119.67489, 23.59881], [119.6749, 23.59886], [119.67494, 23.59901], [119.67497, 23.59908], [119.67503, 23.59921], [119.67503, 23.59927], [119.67502, 23.5993], [119.67499, 23.59931], [119.67493, 23.59932], [119.67486, 23.59934], [119.67484, 23.59938], [119.67484, 23.59944], [119.67486, 23.5995], [119.67488, 23.59952], [119.67496, 23.59958], [119.67503, 23.59962], [119.67508, 23.59967], [119.67508, 23.59969], [119.67508, 23.59981], [119.6751, 23.59983], [119.67515, 23.59987], [119.67526, 23.59996], [119.67533, 23.60008], [119.67545, 23.60021], [119.67549, 23.60021], [119.67554, 23.6002], [119.67559, 23.60018], [119.67563, 23.60012], [119.67566, 23.60008], [119.67571, 23.60006], [119.67579, 23.60007], [119.67587, 23.60007], [119.67592, 23.60005], [119.67595, 23.60004], [119.676, 23.59993], [119.67604, 23.59986], [119.67607, 23.59981], [119.67615, 23.59979], [119.67622, 23.59976], [119.67624, 23.59973], [119.67624, 23.5997], [119.67623, 23.59967], [119.67618, 23.59965], [119.67613, 23.59963], [119.67612, 23.5996], [119.67612, 23.59958], [119.67613, 23.59956], [119.67621, 23.5995], [119.67623, 23.59948], [119.67623, 23.59946], [119.67623, 23.59943], [119.67622, 23.59941], [119.67617, 23.5994], [119.67613, 23.59942], [119.6761, 23.59947], [119.67608, 23.59952], [119.67606, 23.59957], [119.67605, 23.59955], [119.67605, 23.59953], [119.6761, 23.59942], [119.67611, 23.59938], [119.67612, 23.59934], [119.67611, 23.59931], [119.6761, 23.5993], [119.67603, 23.59932], [119.67601, 23.59932], [119.67597, 23.59932], [119.67595, 23.59932], [119.67587, 23.59927], [119.67582, 23.59925], [119.67568, 23.59919], [119.67555, 23.59913], [119.67552, 23.59911], [119.6755, 23.59908], [119.6755, 23.59902], [119.6755, 23.59889], [119.6755, 23.5988], [119.67547, 23.59877], [119.67543, 23.59871], [119.67541, 23.59868], [119.67538, 23.59863], [119.67536, 23.59855], [119.67534, 23.5985], [119.67528, 23.59842], [119.67521, 23.59841]]], [[[119.67855, 23.59822], [119.6785, 23.59824], [119.67846, 23.59827], [119.6783, 23.59827], [119.6781, 23.59826], [119.67799, 23.59826], [119.67796, 23.59825], [119.67791, 23.59825], [119.67788, 23.59828], [119.67787, 23.59841], [119.67788, 23.59848], [119.6779, 23.59851], [119.678, 23.5985], [119.67807, 23.59849], [119.67812, 23.59851], [119.67821, 23.59862], [119.67839, 23.59882], [119.67847, 23.59882], [119.67856, 23.59877], [119.6787, 23.59865], [119.67878, 23.59858], [119.6788, 23.59855], [119.6788, 23.59849], [119.6788, 23.59844], [119.67882, 23.59842], [119.67891, 23.59841], [119.67895, 23.59837], [119.67898, 23.59834], [119.67906, 23.59834], [119.67912, 23.59838], [119.67917, 23.59842], [119.67929, 23.59843], [119.67932, 23.59836], [119.6793, 23.59829], [119.6792, 23.59825], [119.67909, 23.59825], [119.67899, 23.59826], [119.6789, 23.59832], [119.6788, 23.59835], [119.67876, 23.59836], [119.6787, 23.59834], [119.67865, 23.59825], [119.6786, 23.59822], [119.67855, 23.59822]]], [[[119.69374, 23.5639], [119.69367, 23.56393], [119.69361, 23.56397], [119.6936, 23.56403], [119.69361, 23.56412], [119.6936, 23.56418], [119.69356, 23.56419], [119.69352, 23.56418], [119.69344, 23.56418], [119.69337, 23.56416], [119.6933, 23.56418], [119.69324, 23.56418], [119.69313, 23.56428], [119.69304, 23.56433], [119.69295, 23.56438], [119.69289, 23.56441], [119.69282, 23.56449], [119.69281, 23.56453], [119.69281, 23.56456], [119.69285, 23.5646], [119.69288, 23.56461], [119.69292, 23.56461], [119.69295, 23.56461], [119.69296, 23.56462], [119.69297, 23.56464], [119.69296, 23.56469], [119.69294, 23.56476], [119.69294, 23.5648], [119.69297, 23.56484], [119.69303, 23.56484], [119.69307, 23.56484], [119.69311, 23.56483], [119.69315, 23.5648], [119.69317, 23.56479], [119.69321, 23.56479], [119.69323, 23.56479], [119.69324, 23.5648], [119.69325, 23.56482], [119.69326, 23.56485], [119.69327, 23.56487], [119.6933, 23.56487], [119.6934, 23.56484], [119.6935, 23.56477], [119.69361, 23.56467], [119.69366, 23.56458], [119.69372, 23.56451], [119.69377, 23.56447], [119.69386, 23.56447], [119.69392, 23.56447], [119.69397, 23.56449], [119.69404, 23.56453], [119.6941, 23.56455], [119.69416, 23.56455], [119.69424, 23.56451], [119.69433, 23.56448], [119.69442, 23.56444], [119.69451, 23.56438], [119.69454, 23.56435], [119.69455, 23.56433], [119.69455, 23.56429], [119.69451, 23.56423], [119.69439, 23.5641], [119.69424, 23.564], [119.69408, 23.56393], [119.69398, 23.56391], [119.69385, 23.56391], [119.69374, 23.5639]]], [[[119.68906, 23.56221], [119.689, 23.56223], [119.68899, 23.56225], [119.68899, 23.56228], [119.68899, 23.56234], [119.689, 23.56237], [119.689, 23.56239], [119.68899, 23.5624], [119.68898, 23.56241], [119.68892, 23.56242], [119.6889, 23.56244], [119.68887, 23.56245], [119.68885, 23.56249], [119.68885, 23.56253], [119.68886, 23.56258], [119.68891, 23.56266], [119.68898, 23.56271], [119.68903, 23.56275], [119.68916, 23.56283], [119.68923, 23.56286], [119.68936, 23.5629], [119.68942, 23.56294], [119.68948, 23.56302], [119.68955, 23.56309], [119.68958, 23.56311], [119.68964, 23.5631], [119.68968, 23.56306], [119.68969, 23.56303], [119.68971, 23.563], [119.68974, 23.56297], [119.68977, 23.56295], [119.68987, 23.56291], [119.68994, 23.56285], [119.68994, 23.56281], [119.68993, 23.56274], [119.68989, 23.56269], [119.68981, 23.56268], [119.68975, 23.5627], [119.68969, 23.56276], [119.68968, 23.56278], [119.68964, 23.56279], [119.68962, 23.56279], [119.68959, 23.56276], [119.68954, 23.5627], [119.6895, 23.56267], [119.68945, 23.56267], [119.68941, 23.56268], [119.68936, 23.56269], [119.68933, 23.56269], [119.68928, 23.56267], [119.68923, 23.56261], [119.68922, 23.56259], [119.68921, 23.56255], [119.6892, 23.56246], [119.68918, 23.56244], [119.68918, 23.5624], [119.68917, 23.56227], [119.68913, 23.56222], [119.68906, 23.56221]]], [[[119.72471, 23.55718], [119.72284, 23.55824], [119.72525, 23.55891], [119.72471, 23.55718]]], [[[119.69595, 23.55695], [119.69585, 23.55699], [119.69574, 23.55705], [119.69564, 23.55707], [119.69558, 23.55705], [119.69553, 23.55702], [119.69549, 23.557], [119.69545, 23.55704], [119.69539, 23.55705], [119.69535, 23.55709], [119.69535, 23.55716], [119.69536, 23.55725], [119.69537, 23.5573], [119.69536, 23.55733], [119.69535, 23.55735], [119.69528, 23.55736], [119.69519, 23.55736], [119.69513, 23.55734], [119.69507, 23.55731], [119.69503, 23.5573], [119.69494, 23.55729], [119.69486, 23.55723], [119.69477, 23.55721], [119.69472, 23.55718], [119.69465, 23.55715], [119.69458, 23.55713], [119.69455, 23.55711], [119.69452, 23.55708], [119.69445, 23.55707], [119.6943, 23.55704], [119.69424, 23.55706], [119.6942, 23.55712], [119.69417, 23.55716], [119.69411, 23.55722], [119.6941, 23.55726], [119.69409, 23.55729], [119.69406, 23.55733], [119.69405, 23.55739], [119.69406, 23.55742], [119.69409, 23.55744], [119.69415, 23.55745], [119.69421, 23.55745], [119.69427, 23.55742], [119.69431, 23.55738], [119.69434, 23.55735], [119.69438, 23.55733], [119.69446, 23.55734], [119.69455, 23.55739], [119.69457, 23.55742], [119.69457, 23.5575], [119.69457, 23.55754], [119.69455, 23.55759], [119.69449, 23.55764], [119.69441, 23.55768], [119.69439, 23.55772], [119.69438, 23.55776], [119.69439, 23.55779], [119.69442, 23.55783], [119.69446, 23.55786], [119.6945, 23.55787], [119.69457, 23.55787], [119.69465, 23.55785], [119.69468, 23.55782], [119.69469, 23.55782], [119.69472, 23.55783], [119.69474, 23.55786], [119.69478, 23.55789], [119.69482, 23.55792], [119.69501, 23.55795], [119.69515, 23.55796], [119.69521, 23.55795], [119.69525, 23.55793], [119.6953, 23.55791], [119.69537, 23.5579], [119.69545, 23.55788], [119.69554, 23.55781], [119.69562, 23.55773], [119.69566, 23.5577], [119.6957, 23.55762], [119.69571, 23.55758], [119.69571, 23.55754], [119.69571, 23.55749], [119.6957, 23.55745], [119.69567, 23.5574], [119.69567, 23.55738], [119.69568, 23.55735], [119.69571, 23.55733], [119.69575, 23.55731], [119.69591, 23.55729], [119.69606, 23.55731], [119.69611, 23.5573], [119.69614, 23.55725], [119.69614, 23.5572], [119.69614, 23.55715], [119.69604, 23.55698], [119.696, 23.55696], [119.69595, 23.55695]]], [[[119.52619, 23.65464], [119.52491, 23.65744], [119.52729, 23.65699], [119.52619, 23.65464]]], [[[119.5387, 23.64321], [119.53863, 23.64323], [119.53855, 23.64336], [119.53854, 23.64344], [119.53856, 23.6435], [119.53856, 23.64356], [119.53856, 23.6436], [119.53852, 23.64365], [119.53847, 23.64365], [119.53829, 23.64361], [119.53818, 23.64359], [119.53804, 23.64357], [119.53797, 23.64359], [119.53791, 23.64366], [119.5379, 23.64372], [119.53791, 23.64378], [119.53803, 23.64384], [119.53812, 23.64388], [119.5383, 23.64388], [119.53847, 23.64388], [119.53862, 23.64391], [119.53876, 23.64401], [119.53893, 23.644], [119.53897, 23.64398], [119.53898, 23.64383], [119.53898, 23.64364], [119.53896, 23.64352], [119.53897, 23.64346], [119.53899, 23.64338], [119.53896, 23.6433], [119.53886, 23.64323], [119.5387, 23.64321]]], [[[119.5388, 23.64152], [119.53875, 23.64152], [119.53869, 23.64153], [119.5386, 23.64157], [119.53852, 23.6416], [119.53839, 23.64164], [119.53834, 23.64168], [119.5383, 23.64172], [119.53822, 23.64182], [119.5382, 23.64186], [119.53821, 23.64197], [119.53829, 23.64207], [119.53829, 23.64214], [119.53831, 23.64226], [119.53836, 23.64233], [119.53842, 23.64236], [119.53847, 23.64237], [119.53861, 23.64245], [119.53873, 23.64244], [119.53885, 23.64241], [119.53907, 23.64228], [119.53922, 23.64209], [119.53931, 23.64196], [119.53933, 23.64193], [119.53938, 23.64191], [119.53943, 23.64191], [119.53946, 23.6419], [119.53946, 23.64188], [119.53946, 23.64186], [119.53942, 23.64166], [119.53933, 23.64156], [119.5392, 23.64151], [119.5388, 23.64152]]], [[[119.53895, 23.64044], [119.53889, 23.64047], [119.53886, 23.64048], [119.53882, 23.64067], [119.53883, 23.64082], [119.5389, 23.64098], [119.53894, 23.64099], [119.53905, 23.641], [119.53911, 23.64095], [119.53928, 23.64077], [119.53934, 23.64067], [119.53935, 23.64063], [119.53917, 23.6405], [119.53911, 23.64049], [119.53898, 23.64044], [119.53895, 23.64044]]], [[[119.55142, 23.5942], [119.55139, 23.59421], [119.55137, 23.59424], [119.55137, 23.59428], [119.55138, 23.5943], [119.5514, 23.59434], [119.55142, 23.59437], [119.55142, 23.59442], [119.55141, 23.5945], [119.55141, 23.59455], [119.55144, 23.59461], [119.55146, 23.59465], [119.55149, 23.59474], [119.55153, 23.59482], [119.55158, 23.59487], [119.55166, 23.59488], [119.55167, 23.59486], [119.5517, 23.59478], [119.55171, 23.59464], [119.5517, 23.59453], [119.55166, 23.59445], [119.55159, 23.59439], [119.55154, 23.59435], [119.55145, 23.59422], [119.55142, 23.5942]]], [[[119.54021, 23.5802], [119.54017, 23.5802], [119.54015, 23.58021], [119.54014, 23.58026], [119.54015, 23.5803], [119.54019, 23.58041], [119.5402, 23.58047], [119.54021, 23.5805], [119.54026, 23.58051], [119.54031, 23.58051], [119.54035, 23.58051], [119.54039, 23.58054], [119.54046, 23.58055], [119.54051, 23.58055], [119.54052, 23.58053], [119.54053, 23.58051], [119.54052, 23.58046], [119.54045, 23.58042], [119.54041, 23.58041], [119.54031, 23.58029], [119.54021, 23.5802]]], [[[119.58814, 23.59476], [119.58806, 23.5948], [119.58799, 23.59484], [119.58793, 23.59485], [119.58776, 23.5949], [119.58757, 23.59491], [119.58752, 23.59494], [119.58747, 23.59505], [119.58741, 23.59512], [119.58741, 23.59518], [119.58755, 23.59531], [119.58762, 23.59538], [119.58764, 23.59542], [119.58765, 23.59546], [119.5876, 23.59554], [119.5876, 23.59557], [119.58767, 23.59561], [119.58778, 23.59565], [119.5879, 23.59567], [119.58802, 23.59572], [119.58807, 23.59575], [119.58808, 23.59577], [119.58807, 23.59578], [119.58804, 23.59579], [119.58801, 23.59581], [119.58801, 23.59583], [119.58803, 23.59585], [119.58817, 23.59586], [119.58831, 23.59589], [119.58836, 23.59593], [119.58844, 23.596], [119.5885, 23.59603], [119.58859, 23.59604], [119.58867, 23.59612], [119.5887, 23.59613], [119.58871, 23.59615], [119.58875, 23.59616], [119.5888, 23.59618], [119.58885, 23.59623], [119.58888, 23.59628], [119.58889, 23.59639], [119.58888, 23.59646], [119.58891, 23.59648], [119.589, 23.5964], [119.58905, 23.59637], [119.58916, 23.59638], [119.58925, 23.59641], [119.58939, 23.5964], [119.58945, 23.59634], [119.58945, 23.5963], [119.5894, 23.59618], [119.58934, 23.59609], [119.58923, 23.596], [119.58907, 23.59591], [119.58897, 23.59588], [119.5889, 23.59584], [119.5888, 23.59576], [119.58874, 23.5957], [119.58862, 23.59559], [119.58852, 23.59549], [119.58849, 23.59543], [119.58842, 23.59526], [119.58835, 23.59501], [119.58833, 23.59488], [119.58825, 23.59479], [119.58821, 23.59476], [119.58814, 23.59476]]], [[[119.54179, 23.55279], [119.54131, 23.5549], [119.54293, 23.55536], [119.54325, 23.55353], [119.54179, 23.55279]]], [[[119.54136, 23.55411], [119.54127, 23.55411], [119.54124, 23.55413], [119.54123, 23.55416], [119.54122, 23.55421], [119.54121, 23.55424], [119.54123, 23.55426], [119.54128, 23.55425], [119.54133, 23.55424], [119.54137, 23.55424], [119.54142, 23.55426], [119.54148, 23.55429], [119.54153, 23.55429], [119.54157, 23.55428], [119.54161, 23.55424], [119.54161, 23.55421], [119.5416, 23.55418], [119.54156, 23.55416], [119.54146, 23.55412], [119.54136, 23.55411]]], [[[119.53255, 23.53872], [119.53011, 23.54137], [119.53333, 23.54168], [119.53255, 23.53872]]], [[[119.52872, 23.5408], [119.52862, 23.54081], [119.52855, 23.54084], [119.52852, 23.5409], [119.52852, 23.54095], [119.52854, 23.54099], [119.52862, 23.54101], [119.52869, 23.54103], [119.52874, 23.54107], [119.52877, 23.5411], [119.52878, 23.54113], [119.52877, 23.54114], [119.52872, 23.54115], [119.52865, 23.54113], [119.52858, 23.54113], [119.52849, 23.54115], [119.52846, 23.54119], [119.52845, 23.54123], [119.52847, 23.54127], [119.5287, 23.54146], [119.52876, 23.54147], [119.52893, 23.54143], [119.52907, 23.54143], [119.52914, 23.54144], [119.52924, 23.54144], [119.52926, 23.54141], [119.52926, 23.54138], [119.52922, 23.54132], [119.52909, 23.54121], [119.52904, 23.54116], [119.52901, 23.54115], [119.52898, 23.54112], [119.52891, 23.54095], [119.52889, 23.54085], [119.52883, 23.54084], [119.52872, 23.5408]]], [[[119.5295, 23.54102], [119.52947, 23.54103], [119.52943, 23.54106], [119.52942, 23.54108], [119.52942, 23.54114], [119.52944, 23.54116], [119.52945, 23.54122], [119.52945, 23.54126], [119.52943, 23.54129], [119.52943, 23.54131], [119.52944, 23.54134], [119.52949, 23.54135], [119.52952, 23.54136], [119.52955, 23.54134], [119.52956, 23.54132], [119.52957, 23.54121], [119.52957, 23.54116], [119.52958, 23.54111], [119.52957, 23.54107], [119.52955, 23.54106], [119.52952, 23.54102], [119.5295, 23.54102]]], [[[119.52426, 23.53999], [119.52427, 23.54], [119.52437, 23.54006], [119.5244, 23.54006], [119.52446, 23.54007], [119.52457, 23.54008], [119.5246, 23.5401], [119.52468, 23.5401], [119.52475, 23.54008], [119.52478, 23.5401], [119.52478, 23.54012], [119.52473, 23.54017], [119.52472, 23.54019], [119.52474, 23.54023], [119.52479, 23.54025], [119.52483, 23.54026], [119.52508, 23.54026], [119.52512, 23.54029], [119.52518, 23.54035], [119.52522, 23.54037], [119.52531, 23.54037], [119.52539, 23.54036], [119.52545, 23.54038], [119.52552, 23.54043], [119.52557, 23.54044], [119.52562, 23.54044], [119.52566, 23.5404], [119.52566, 23.54036], [119.52566, 23.54032], [119.52567, 23.54029], [119.52571, 23.54026], [119.52574, 23.54024], [119.52585, 23.54023], [119.52591, 23.5402], [119.52593, 23.54014], [119.52593, 23.54007], [119.52589, 23.54003], [119.52586, 23.54], [119.52582, 23.54001], [119.52579, 23.54003], [119.52573, 23.54007], [119.52572, 23.54011], [119.52572, 23.54013], [119.5257, 23.54015], [119.52568, 23.54016], [119.52562, 23.54016], [119.52556, 23.54019], [119.52553, 23.54021], [119.52551, 23.54021], [119.52548, 23.5402], [119.52544, 23.54019], [119.52539, 23.54021], [119.52535, 23.54021], [119.52532, 23.54021], [119.5253, 23.54019], [119.52529, 23.54012], [119.52531, 23.54008], [119.52534, 23.54004], [119.52535, 23.54001], [119.52535, 23.53998], [119.52533, 23.53995], [119.5253, 23.53993], [119.52524, 23.53993], [119.52517, 23.53992], [119.52507, 23.53986], [119.52501, 23.53985], [119.52497, 23.53985], [119.52496, 23.53987], [119.52495, 23.5399], [119.52495, 23.53994], [119.52494, 23.53994], [119.52493, 23.53994], [119.52491, 23.53992], [119.5249, 23.53989], [119.52487, 23.53985], [119.52484, 23.53983], [119.52481, 23.53983], [119.52476, 23.53985], [119.52471, 23.53989], [119.52468, 23.5399], [119.52463, 23.5399], [119.52459, 23.53989], [119.52455, 23.53986], [119.52451, 23.53983], [119.52447, 23.5398], [119.52436, 23.53978], [119.52429, 23.53978], [119.52424, 23.53982], [119.52423, 23.53985], [119.52421, 23.53989], [119.52423, 23.53994], [119.52426, 23.53999]]], [[[119.5192, 23.50874], [119.5144, 23.50948], [119.5161, 23.51472], [119.51869, 23.5122], [119.52056, 23.51313], [119.51918, 23.51355], [119.52008, 23.51521], [119.5217, 23.51461], [119.52198, 23.50996], [119.5192, 23.50874]]], [[[119.5117, 23.483], [119.50889, 23.48564], [119.51035, 23.49146], [119.51272, 23.49093], [119.51535, 23.48632], [119.5166, 23.48797], [119.51602, 23.48685], [119.51769, 23.48717], [119.51596, 23.48829], [119.51783, 23.48755], [119.5206, 23.48999], [119.52068, 23.49222], [119.52557, 23.49276], [119.5293, 23.49584], [119.53483, 23.49591], [119.53757, 23.4981], [119.54378, 23.49449], [119.52877, 23.48667], [119.51726, 23.48548], [119.5117, 23.483]]], [[[119.58096, 23.66155], [119.57101, 23.66223], [119.56738, 23.6599], [119.56706, 23.65607], [119.56324, 23.6514], [119.55999, 23.65538], [119.55627, 23.65569], [119.5587, 23.65592], [119.55459, 23.65749], [119.55606, 23.6555], [119.55398, 23.65698], [119.54216, 23.64311], [119.54072, 23.64058], [119.54373, 23.64081], [119.54307, 23.63795], [119.5407, 23.63693], [119.53928, 23.63267], [119.53739, 23.63408], [119.53834, 23.63243], [119.53535, 23.63362], [119.53016, 23.63016], [119.5232, 23.6289], [119.52483, 23.63063], [119.52215, 23.63141], [119.51805, 23.62903], [119.5174, 23.62678], [119.52114, 23.62079], [119.5195, 23.61868], [119.52175, 23.61483], [119.52009, 23.61222], [119.52096, 23.61084], [119.51982, 23.61088], [119.52313, 23.60178], [119.51962, 23.59453], [119.51659, 23.59329], [119.51708, 23.59437], [119.51487, 23.59471], [119.51224, 23.59219], [119.51631, 23.58542], [119.51319, 23.57973], [119.51464, 23.58227], [119.51181, 23.58072], [119.51303, 23.57943], [119.51253, 23.57565], [119.51517, 23.5746], [119.51319, 23.57027], [119.51803, 23.56734], [119.5162, 23.56481], [119.51128, 23.56373], [119.50216, 23.56671], [119.50033, 23.5654], [119.50166, 23.56615], [119.50085, 23.56735], [119.49616, 23.56816], [119.49208, 23.56607], [119.48971, 23.56269], [119.4846, 23.56395], [119.48059, 23.56274], [119.48305, 23.56435], [119.48062, 23.56442], [119.4765, 23.55982], [119.46792, 23.56056], [119.46858, 23.56459], [119.47784, 23.56897], [119.48129, 23.57543], [119.48339, 23.57542], [119.48827, 23.57028], [119.49182, 23.56984], [119.49715, 23.57225], [119.49916, 23.57604], [119.49973, 23.57427], [119.50335, 23.57915], [119.50426, 23.58687], [119.50212, 23.59046], [119.49853, 23.59299], [119.48951, 23.59429], [119.4903, 23.59568], [119.49409, 23.59608], [119.49144, 23.5986], [119.4938, 23.60209], [119.49445, 23.60047], [119.49814, 23.60073], [119.49836, 23.5957], [119.50447, 23.59744], [119.50218, 23.60094], [119.50263, 23.60568], [119.50502, 23.60776], [119.50445, 23.60975], [119.50817, 23.61076], [119.50894, 23.61268], [119.50484, 23.61627], [119.50566, 23.61742], [119.50385, 23.61656], [119.50432, 23.61507], [119.49928, 23.62013], [119.50408, 23.6238], [119.50215, 23.63093], [119.50394, 23.6356], [119.50728, 23.63598], [119.51202, 23.64836], [119.51415, 23.64764], [119.51561, 23.64986], [119.51815, 23.64771], [119.51968, 23.6482], [119.51939, 23.64968], [119.51792, 23.64921], [119.51728, 23.65234], [119.5142, 23.65204], [119.5142, 23.65553], [119.51792, 23.65459], [119.52416, 23.65576], [119.52426, 23.65126], [119.51947, 23.64758], [119.51931, 23.64452], [119.52162, 23.64268], [119.52571, 23.64396], [119.52538, 23.64213], [119.53129, 23.64005], [119.52946, 23.63996], [119.5308, 23.63913], [119.5319, 23.63892], [119.53132, 23.64051], [119.53227, 23.63889], [119.53832, 23.63957], [119.55415, 23.65757], [119.55081, 23.66271], [119.55518, 23.66857], [119.56858, 23.67211], [119.57022, 23.67028], [119.57055, 23.67209], [119.5682, 23.6725], [119.57127, 23.67158], [119.58229, 23.67753], [119.59087, 23.67178], [119.59453, 23.67182], [119.59678, 23.67444], [119.59987, 23.67376], [119.60171, 23.66904], [119.60547, 23.66826], [119.60361, 23.66894], [119.60492, 23.66694], [119.60321, 23.66781], [119.60123, 23.66545], [119.60404, 23.66444], [119.60477, 23.66646], [119.604, 23.66377], [119.6098, 23.66359], [119.60636, 23.6595], [119.6094, 23.65466], [119.61357, 23.65291], [119.61156, 23.65167], [119.61196, 23.65009], [119.61002, 23.64821], [119.61097, 23.64763], [119.60835, 23.64968], [119.60048, 23.64819], [119.60236, 23.6473], [119.6008, 23.64772], [119.60016, 23.64521], [119.60234, 23.64178], [119.5985, 23.64186], [119.59731, 23.63959], [119.60086, 23.63519], [119.60269, 23.63738], [119.60179, 23.63803], [119.60283, 23.63745], [119.60075, 23.63491], [119.60249, 23.63366], [119.60682, 23.63664], [119.61032, 23.6357], [119.60952, 23.63266], [119.60416, 23.63167], [119.60233, 23.62853], [119.60602, 23.62084], [119.60715, 23.62239], [119.61348, 23.62008], [119.61372, 23.61405], [119.60988, 23.61057], [119.61248, 23.60682], [119.61277, 23.60183], [119.61474, 23.60293], [119.61379, 23.6042], [119.61675, 23.6049], [119.61608, 23.59999], [119.62039, 23.60128], [119.62214, 23.60297], [119.6198, 23.60631], [119.62365, 23.60675], [119.62517, 23.60895], [119.62653, 23.60836], [119.62421, 23.60779], [119.62658, 23.60671], [119.62636, 23.60815], [119.629, 23.6063], [119.63085, 23.6073], [119.63023, 23.60542], [119.63204, 23.60431], [119.62905, 23.60442], [119.63019, 23.6029], [119.63149, 23.60399], [119.63044, 23.60284], [119.62794, 23.60397], [119.62507, 23.60046], [119.62787, 23.59569], [119.62462, 23.59275], [119.62392, 23.58711], [119.62592, 23.58311], [119.62416, 23.57949], [119.62948, 23.57941], [119.63429, 23.58987], [119.63293, 23.59537], [119.63695, 23.59735], [119.63735, 23.59899], [119.64078, 23.59862], [119.64137, 23.59649], [119.63768, 23.59155], [119.64134, 23.58885], [119.63959, 23.58741], [119.64364, 23.58771], [119.64458, 23.5892], [119.64182, 23.59037], [119.64278, 23.59335], [119.64348, 23.59485], [119.64843, 23.59392], [119.64358, 23.59513], [119.64685, 23.59678], [119.64663, 23.60095], [119.64826, 23.60256], [119.64694, 23.60305], [119.64986, 23.60358], [119.65079, 23.606], [119.65037, 23.60802], [119.64731, 23.60681], [119.65104, 23.60987], [119.65479, 23.6089], [119.65741, 23.60385], [119.65437, 23.6005], [119.6553, 23.59856], [119.65536, 23.60004], [119.65812, 23.59719], [119.66219, 23.59624], [119.66248, 23.59465], [119.66567, 23.59553], [119.65999, 23.59546], [119.66202, 23.59448], [119.65905, 23.59267], [119.66207, 23.58961], [119.66837, 23.59108], [119.66899, 23.59572], [119.66687, 23.59583], [119.66996, 23.59656], [119.66872, 23.59852], [119.6679, 23.59744], [119.66928, 23.60172], [119.67211, 23.60114], [119.67203, 23.59792], [119.68264, 23.58394], [119.68114, 23.58207], [119.68218, 23.57694], [119.68049, 23.57834], [119.68066, 23.57641], [119.68194, 23.57667], [119.67998, 23.57467], [119.68304, 23.57008], [119.68311, 23.56566], [119.68835, 23.56158], [119.69237, 23.56383], [119.6913, 23.56094], [119.69432, 23.56038], [119.69271, 23.55856], [119.6959, 23.55375], [119.69354, 23.55519], [119.68825, 23.55469], [119.67776, 23.55141], [119.67426, 23.55451], [119.67395, 23.55827], [119.67551, 23.55593], [119.67694, 23.55692], [119.67558, 23.55785], [119.67605, 23.55973], [119.67477, 23.56032], [119.67439, 23.55887], [119.67462, 23.5612], [119.67097, 23.56223], [119.66944, 23.56102], [119.66734, 23.56202], [119.66945, 23.56067], [119.66688, 23.56171], [119.66354, 23.56022], [119.6453, 23.56019], [119.63917, 23.55531], [119.63868, 23.55282], [119.64093, 23.55173], [119.63774, 23.55289], [119.63466, 23.55122], [119.63501, 23.54676], [119.63194, 23.54606], [119.62977, 23.54781], [119.62498, 23.54498], [119.62537, 23.54336], [119.62403, 23.54473], [119.62421, 23.54357], [119.62058, 23.54198], [119.62151, 23.53813], [119.61425, 23.53804], [119.6091, 23.53003], [119.60545, 23.52886], [119.60704, 23.52531], [119.60544, 23.52714], [119.60443, 23.52516], [119.60594, 23.5248], [119.60643, 23.52218], [119.61176, 23.52197], [119.61158, 23.51885], [119.6055, 23.51642], [119.60793, 23.51256], [119.6074, 23.508], [119.60163, 23.50946], [119.59713, 23.51273], [119.59648, 23.51113], [119.59176, 23.51288], [119.58426, 23.50923], [119.57884, 23.50947], [119.57568, 23.5074], [119.57181, 23.50866], [119.57076, 23.51308], [119.574, 23.51755], [119.5725, 23.52211], [119.56451, 23.5263], [119.55689, 23.52356], [119.5535, 23.52829], [119.5534, 23.53202], [119.54827, 23.53407], [119.55017, 23.53691], [119.54946, 23.539], [119.54769, 23.53955], [119.54388, 23.53721], [119.54121, 23.53887], [119.54028, 23.54149], [119.5422, 23.54801], [119.54334, 23.54614], [119.5453, 23.5465], [119.54882, 23.55394], [119.54792, 23.55107], [119.55185, 23.54842], [119.54972, 23.54064], [119.55063, 23.54009], [119.55136, 23.5427], [119.55125, 23.5403], [119.55691, 23.53757], [119.55725, 23.53396], [119.55456, 23.53143], [119.55499, 23.52893], [119.55741, 23.52675], [119.5611, 23.52677], [119.55977, 23.52845], [119.5659, 23.53126], [119.56441, 23.53359], [119.5655, 23.53473], [119.56802, 23.53112], [119.57187, 23.53199], [119.57269, 23.5289], [119.5712, 23.52894], [119.5723, 23.52721], [119.57273, 23.52868], [119.57443, 23.52785], [119.57142, 23.52525], [119.57436, 23.51969], [119.57957, 23.5229], [119.57834, 23.52362], [119.58032, 23.52369], [119.58047, 23.53144], [119.58271, 23.53271], [119.5851, 23.53201], [119.58685, 23.52861], [119.58759, 23.53151], [119.58829, 23.53008], [119.59069, 23.5313], [119.59251, 23.52792], [119.59611, 23.52674], [119.59996, 23.53217], [119.59565, 23.53255], [119.59764, 23.53308], [119.59501, 23.53805], [119.59628, 23.53948], [119.5994, 23.53841], [119.60044, 23.54016], [119.60308, 23.5403], [119.60008, 23.54536], [119.6041, 23.54837], [119.60225, 23.54788], [119.59955, 23.55028], [119.59439, 23.54845], [119.59538, 23.55064], [119.59357, 23.5499], [119.59143, 23.55129], [119.59281, 23.55127], [119.59195, 23.55346], [119.59107, 23.54975], [119.59098, 23.55232], [119.58849, 23.55], [119.58751, 23.5521], [119.58662, 23.54969], [119.58373, 23.54839], [119.58133, 23.54976], [119.57439, 23.54734], [119.57324, 23.54532], [119.57232, 23.54915], [119.56864, 23.54841], [119.56903, 23.5513], [119.56459, 23.54787], [119.56506, 23.54921], [119.56301, 23.54987], [119.56225, 23.54862], [119.56238, 23.55016], [119.56554, 23.55268], [119.56201, 23.55247], [119.56188, 23.55695], [119.56306, 23.55774], [119.56692, 23.55532], [119.5683, 23.55279], [119.57135, 23.55294], [119.57569, 23.55489], [119.57209, 23.55844], [119.57275, 23.55934], [119.57629, 23.55704], [119.57743, 23.55868], [119.57419, 23.55993], [119.57513, 23.56119], [119.57233, 23.56316], [119.57674, 23.5605], [119.57817, 23.5619], [119.57636, 23.56347], [119.57841, 23.5621], [119.57978, 23.5634], [119.57693, 23.56593], [119.57479, 23.56521], [119.57619, 23.56655], [119.57439, 23.56809], [119.57183, 23.56516], [119.57024, 23.56666], [119.57043, 23.56534], [119.56881, 23.56529], [119.57126, 23.5651], [119.56821, 23.56209], [119.56896, 23.56466], [119.56454, 23.56152], [119.56475, 23.56269], [119.56152, 23.56262], [119.55816, 23.56073], [119.5557, 23.56332], [119.55972, 23.56415], [119.55984, 23.56899], [119.56013, 23.56752], [119.56271, 23.56936], [119.56206, 23.5715], [119.55986, 23.57035], [119.56742, 23.57498], [119.56167, 23.58507], [119.57468, 23.58497], [119.57708, 23.58631], [119.57626, 23.58752], [119.58177, 23.5901], [119.58184, 23.59368], [119.58336, 23.59427], [119.58435, 23.59376], [119.58283, 23.59089], [119.58437, 23.58945], [119.5833, 23.58937], [119.58568, 23.58898], [119.58612, 23.58674], [119.58237, 23.58303], [119.58557, 23.58083], [119.583, 23.58134], [119.5841, 23.58022], [119.58178, 23.58004], [119.58661, 23.57831], [119.58883, 23.58082], [119.58885, 23.57875], [119.58559, 23.57606], [119.58697, 23.57123], [119.59111, 23.57451], [119.59412, 23.57484], [119.5939, 23.57046], [119.59726, 23.56903], [119.59785, 23.57488], [119.60212, 23.57708], [119.59747, 23.57698], [119.59937, 23.57695], [119.59803, 23.57874], [119.59969, 23.58058], [119.59839, 23.58281], [119.60066, 23.58473], [119.60726, 23.58601], [119.60611, 23.58698], [119.60761, 23.59285], [119.60617, 23.59402], [119.60796, 23.59392], [119.60647, 23.59524], [119.60583, 23.59429], [119.60739, 23.5969], [119.6047, 23.59661], [119.60305, 23.60099], [119.60571, 23.60257], [119.60579, 23.6056], [119.61255, 23.60541], [119.60976, 23.61047], [119.60559, 23.6108], [119.60432, 23.60909], [119.60315, 23.61188], [119.60055, 23.6117], [119.60142, 23.61318], [119.59729, 23.61594], [119.59732, 23.61745], [119.60222, 23.61721], [119.60552, 23.62016], [119.60451, 23.62502], [119.60188, 23.62397], [119.6, 23.62037], [119.5985, 23.62333], [119.59541, 23.62472], [119.58849, 23.62266], [119.5907, 23.62957], [119.59497, 23.63252], [119.59577, 23.6355], [119.5941, 23.6412], [119.58787, 23.6441], [119.58852, 23.64715], [119.5824, 23.65265], [119.58287, 23.65592], [119.57941, 23.65635], [119.5827, 23.65805], [119.58085, 23.65908], [119.58096, 23.66155]]]]}}, {"type": "Feature", "properties": {"COUNTYNAME": "苗栗縣", "name": "苗栗縣", "COUNTYSN": "10005001"}, "geometry": {"type": "MultiPolygon", "coordinates": [[[[120.66305, 24.48134], [120.66314, 24.48135], [120.66325, 24.48135], [120.6633, 24.48134], [120.66335, 24.48134], [120.6634, 24.48135], [120.66345, 24.48137], [120.6635, 24.48139], [120.66354, 24.48137], [120.66355, 24.48133], [120.66354, 24.48131], [120.66351, 24.48127], [120.66337, 24.48115], [120.66326, 24.48104], [120.66313, 24.4809], [120.66305, 24.4808], [120.66298, 24.48074], [120.6629, 24.48074], [120.66262, 24.48075], [120.66252, 24.48077], [120.6625, 24.48082], [120.6625, 24.48086], [120.66254, 24.48094], [120.66259, 24.48099], [120.66266, 24.48106], [120.66275, 24.48113], [120.66289, 24.48124], [120.66296, 24.4813], [120.66305, 24.48134]]], [[[120.66212, 24.48061], [120.66216, 24.48061], [120.66223, 24.4806], [120.66228, 24.48055], [120.66232, 24.48046], [120.66231, 24.48032], [120.66225, 24.48016], [120.66216, 24.48], [120.66205, 24.47987], [120.66193, 24.47968], [120.66185, 24.47956], [120.66182, 24.47949], [120.66182, 24.4794], [120.66181, 24.47931], [120.6618, 24.47921], [120.66179, 24.47917], [120.66174, 24.47911], [120.66168, 24.47906], [120.66159, 24.47903], [120.66148, 24.47901], [120.66142, 24.47903], [120.66137, 24.47908], [120.66134, 24.47917], [120.66133, 24.47929], [120.66134, 24.47947], [120.66138, 24.47958], [120.66143, 24.47971], [120.66156, 24.47996], [120.66168, 24.48018], [120.66173, 24.48029], [120.66179, 24.48034], [120.6619, 24.48042], [120.66198, 24.48049], [120.66206, 24.48056], [120.66212, 24.48061]]], [[[121.20328, 24.5125], [121.20938, 24.51147], [121.21468, 24.51522], [121.21671, 24.51509], [121.21746, 24.50969], [121.22361, 24.50638], [121.21865, 24.4983], [121.22883, 24.49238], [121.2299, 24.48892], [121.23455, 24.4879], [121.23472, 24.48365], [121.24316, 24.4775], [121.24441, 24.46995], [121.24953, 24.46575], [121.258, 24.46336], [121.25806, 24.45735], [121.26262, 24.45527], [121.26058, 24.45147], [121.26086, 24.44427], [121.25788, 24.44006], [121.25946, 24.42912], [121.25698, 24.42526], [121.24926, 24.42501], [121.24328, 24.42025], [121.24129, 24.41418], [121.24286, 24.40584], [121.23404, 24.39738], [121.23439, 24.39195], [121.2311, 24.38778], [121.23157, 24.3841], [121.21806, 24.38133], [121.2154, 24.37948], [121.21307, 24.38189], [121.21053, 24.38914], [121.20975, 24.39613], [121.20621, 24.39802], [121.19663, 24.39663], [121.19623, 24.39168], [121.18959, 24.38154], [121.18262, 24.38097], [121.17296, 24.37334], [121.17372, 24.36893], [121.16858, 24.36433], [121.16798, 24.36098], [121.15895, 24.36082], [121.14785, 24.35787], [121.14062, 24.3596], [121.13599, 24.35303], [121.13087, 24.34926], [121.12842, 24.34249], [121.12398, 24.34078], [121.12124, 24.33062], [121.11444, 24.32861], [121.10813, 24.33088], [121.10206, 24.32461], [121.09548, 24.32251], [121.09332, 24.31924], [121.08697, 24.31744], [121.0812, 24.32406], [121.07287, 24.32284], [121.07361, 24.31913], [121.06995, 24.31569], [121.06464, 24.3154], [121.05545, 24.31066], [121.05241, 24.30433], [121.05165, 24.29858], [121.04908, 24.29605], [121.0451, 24.29532], [121.03422, 24.29761], [121.02912, 24.30487], [121.01977, 24.30944], [121.01439, 24.32015], [121.0036, 24.33248], [120.99171, 24.32958], [120.98543, 24.33167], [120.98194, 24.33587], [120.97965, 24.3344], [120.96644, 24.33342], [120.9602, 24.33496], [120.95655, 24.33922], [120.9424, 24.33909], [120.93567, 24.34286], [120.91635, 24.33473], [120.92053, 24.3199], [120.92018, 24.31034], [120.92243, 24.30407], [120.91184, 24.29402], [120.9028, 24.29217], [120.87556, 24.29493], [120.85756, 24.28916], [120.85014, 24.28849], [120.83371, 24.29045], [120.82522, 24.29684], [120.81748, 24.30749], [120.80687, 24.31547], [120.78388, 24.31835], [120.76285, 24.32607], [120.73053, 24.35171], [120.70728, 24.35781], [120.70744, 24.36166], [120.70328, 24.36179], [120.69276, 24.36715], [120.68995, 24.37429], [120.68566, 24.37895], [120.6773, 24.38405], [120.67866, 24.38701], [120.67042, 24.39164], [120.66372, 24.40222], [120.65815, 24.40659], [120.64877, 24.40948], [120.64602, 24.41221], [120.6434, 24.41529], [120.64321, 24.42171], [120.64031, 24.42398], [120.6396, 24.42779], [120.632, 24.43242], [120.62861, 24.43801], [120.62118, 24.44095], [120.62786, 24.44591], [120.62635, 24.44221], [120.6283, 24.44382], [120.62957, 24.44255], [120.62801, 24.44548], [120.63136, 24.44387], [120.62851, 24.44583], [120.63018, 24.44741], [120.63184, 24.44627], [120.6311, 24.44805], [120.634, 24.44502], [120.63392, 24.44702], [120.63144, 24.44852], [120.63464, 24.44966], [120.64716, 24.46156], [120.65126, 24.46058], [120.64664, 24.462], [120.64949, 24.46159], [120.64764, 24.46262], [120.6502, 24.46348], [120.65318, 24.4625], [120.64942, 24.46568], [120.66107, 24.47885], [120.66211, 24.47816], [120.66537, 24.48345], [120.66592, 24.48204], [120.6648, 24.48443], [120.66751, 24.48383], [120.66731, 24.48733], [120.66867, 24.48811], [120.66682, 24.4863], [120.66508, 24.48733], [120.67044, 24.49831], [120.67373, 24.4974], [120.6744, 24.49547], [120.67722, 24.49661], [120.6694, 24.49905], [120.67658, 24.50676], [120.687, 24.5231], [120.69364, 24.54104], [120.69399, 24.54566], [120.70587, 24.56747], [120.70681, 24.57108], [120.70565, 24.57145], [120.70682, 24.57113], [120.70984, 24.57702], [120.71119, 24.58595], [120.7178, 24.59812], [120.72252, 24.60231], [120.72327, 24.60566], [120.72621, 24.60822], [120.73707, 24.61193], [120.74353, 24.61063], [120.74409, 24.60935], [120.74258, 24.60842], [120.74547, 24.60763], [120.75346, 24.614], [120.75897, 24.61323], [120.75846, 24.62242], [120.75377, 24.62196], [120.75243, 24.61848], [120.7521, 24.62027], [120.75101, 24.61891], [120.76004, 24.63174], [120.7615, 24.63934], [120.771, 24.64926], [120.76886, 24.65197], [120.77005, 24.65111], [120.7708, 24.65233], [120.77144, 24.649], [120.77264, 24.65018], [120.77121, 24.65127], [120.77295, 24.65199], [120.76847, 24.65467], [120.77181, 24.65285], [120.77536, 24.65456], [120.78001, 24.66084], [120.78315, 24.66208], [120.80151, 24.66488], [120.81623, 24.66904], [120.82203, 24.66854], [120.82224, 24.66643], [120.82304, 24.66875], [120.82608, 24.66816], [120.82872, 24.66956], [120.83375, 24.68048], [120.85635, 24.69799], [120.85513, 24.69994], [120.85811, 24.69897], [120.85859, 24.70017], [120.8547, 24.70187], [120.8569, 24.70112], [120.85796, 24.70237], [120.85716, 24.70096], [120.8598, 24.7003], [120.85832, 24.70166], [120.8612, 24.70643], [120.86212, 24.71654], [120.86592, 24.72453], [120.87852, 24.73521], [120.88104, 24.73327], [120.88361, 24.73451], [120.8848, 24.73278], [120.88748, 24.73387], [120.89096, 24.73177], [120.89238, 24.73314], [120.89373, 24.73232], [120.89886, 24.73432], [120.90744, 24.74108], [120.90859, 24.73635], [120.91417, 24.72706], [120.91383, 24.72412], [120.91626, 24.72151], [120.91376, 24.71728], [120.92087, 24.71663], [120.92374, 24.71454], [120.93028, 24.71662], [120.93109, 24.71466], [120.94218, 24.70732], [120.94985, 24.71114], [120.95326, 24.70403], [120.95942, 24.70671], [120.96324, 24.71141], [120.96621, 24.70965], [120.97153, 24.71243], [120.97514, 24.7109], [120.97464, 24.70848], [120.97667, 24.70641], [120.97217, 24.70337], [120.974, 24.69693], [120.97185, 24.69674], [120.9664, 24.6912], [120.96517, 24.68811], [120.96674, 24.68609], [120.96444, 24.68358], [120.97058, 24.68421], [120.97257, 24.68582], [120.97545, 24.68461], [120.97752, 24.67826], [120.97701, 24.67363], [120.98173, 24.67182], [120.98321, 24.66719], [120.98534, 24.66671], [120.9867, 24.66382], [120.98908, 24.66303], [120.99064, 24.66478], [120.99055, 24.66053], [120.99509, 24.65928], [120.99723, 24.65459], [121.01028, 24.65621], [121.01074, 24.65248], [121.00807, 24.65036], [121.00819, 24.64439], [121.01427, 24.64086], [121.02542, 24.64119], [121.02613, 24.63568], [121.02955, 24.63276], [121.03902, 24.62965], [121.04066, 24.6269], [121.04343, 24.62711], [121.04821, 24.61985], [121.05157, 24.61749], [121.05159, 24.61514], [121.06236, 24.62182], [121.06791, 24.61499], [121.07495, 24.61221], [121.07548, 24.60404], [121.08125, 24.60058], [121.08309, 24.58998], [121.07954, 24.58826], [121.07883, 24.58396], [121.07529, 24.58091], [121.07057, 24.56336], [121.06272, 24.55746], [121.06113, 24.56013], [121.05833, 24.56066], [121.05658, 24.55931], [121.0734, 24.54946], [121.07621, 24.54377], [121.08052, 24.5409], [121.07782, 24.53428], [121.07824, 24.52878], [121.067, 24.52281], [121.06932, 24.50918], [121.06811, 24.50698], [121.07208, 24.50342], [121.07186, 24.49837], [121.08519, 24.5013], [121.09062, 24.49776], [121.09824, 24.49646], [121.1053, 24.50059], [121.10881, 24.50097], [121.11383, 24.50689], [121.12326, 24.51027], [121.12966, 24.50672], [121.13685, 24.50666], [121.14502, 24.51192], [121.15064, 24.50606], [121.15493, 24.50682], [121.16153, 24.50356], [121.16916, 24.50259], [121.1797, 24.50802], [121.18321, 24.50791], [121.18676, 24.50538], [121.19156, 24.50745], [121.1955, 24.50709], [121.20328, 24.5125]]]]}}, {"type": "Feature", "properties": {"COUNTYNAME": "嘉義市", "name": "嘉義市", "COUNTYSN": "10020001"}, "geometry": {"type": "Polygon", "coordinates": [[[120.42862, 23.50917], [120.43346, 23.50923], [120.43352, 23.51709], [120.44063, 23.51184], [120.44204, 23.51323], [120.4405, 23.51819], [120.44415, 23.51718], [120.44679, 23.51833], [120.4571, 23.51549], [120.45621, 23.51168], [120.46444, 23.49906], [120.46981, 23.49984], [120.47356, 23.50686], [120.48008, 23.50432], [120.48317, 23.50537], [120.48471, 23.50179], [120.48405, 23.49549], [120.48935, 23.49135], [120.50122, 23.48994], [120.50194, 23.48624], [120.50373, 23.48501], [120.50179, 23.48093], [120.50411, 23.48093], [120.50366, 23.47894], [120.509, 23.47517], [120.50922, 23.47218], [120.49974, 23.46543], [120.50066, 23.46097], [120.49523, 23.45289], [120.48962, 23.45226], [120.47679, 23.46199], [120.46869, 23.4616], [120.46454, 23.45823], [120.46457, 23.45563], [120.46103, 23.45534], [120.45472, 23.45031], [120.45255, 23.44457], [120.43953, 23.43958], [120.43585, 23.4436], [120.43826, 23.44482], [120.43811, 23.44639], [120.43445, 23.4507], [120.43285, 23.45009], [120.43018, 23.45223], [120.4293, 23.46104], [120.41517, 23.46026], [120.41133, 23.46478], [120.39414, 23.46253], [120.39424, 23.46641], [120.39927, 23.47103], [120.39911, 23.4787], [120.39775, 23.48097], [120.39479, 23.48094], [120.39366, 23.4826], [120.39471, 23.49066], [120.38976, 23.49134], [120.38944, 23.49873], [120.39454, 23.50087], [120.40037, 23.4988], [120.40104, 23.50188], [120.40882, 23.50657], [120.40836, 23.49855], [120.41114, 23.49876], [120.41667, 23.50532], [120.42474, 23.50627], [120.42627, 23.50874], [120.42862, 23.50917]]]}}, {"type": "Feature", "properties": {"COUNTYNAME": "新竹縣", "name": "新竹縣", "COUNTYSN": "10004001"}, "geometry": {"type": "Polygon", "coordinates": [[[120.94913, 24.88166], [120.95298, 24.89245], [120.96086, 24.90182], [120.95948, 24.90333], [120.96233, 24.90528], [120.96568, 24.91674], [120.97214, 24.92869], [120.97904, 24.93485], [120.98143, 24.93962], [120.98743, 24.93904], [120.9927, 24.93508], [120.99437, 24.93921], [120.99907, 24.9409], [121.003, 24.94006], [121.0071, 24.94623], [121.01933, 24.94041], [121.02585, 24.9405], [121.02886, 24.94517], [121.03081, 24.9439], [121.03834, 24.9463], [121.04052, 24.94326], [121.04627, 24.94354], [121.04851, 24.93949], [121.05545, 24.93626], [121.05836, 24.93668], [121.05756, 24.93046], [121.06095, 24.92361], [121.05821, 24.91377], [121.05917, 24.908], [121.05794, 24.90545], [121.06066, 24.90367], [121.0625, 24.9046], [121.06907, 24.90278], [121.0711, 24.89947], [121.08352, 24.89881], [121.09118, 24.89339], [121.10906, 24.89774], [121.11102, 24.89123], [121.10778, 24.88606], [121.11633, 24.88168], [121.12391, 24.87994], [121.12813, 24.88093], [121.13559, 24.87799], [121.13905, 24.88243], [121.14467, 24.88019], [121.15571, 24.88065], [121.15784, 24.8773], [121.15805, 24.87457], [121.1562, 24.8744], [121.15923, 24.86933], [121.16139, 24.85949], [121.15649, 24.85588], [121.15707, 24.85245], [121.14996, 24.84433], [121.15439, 24.84406], [121.16006, 24.83738], [121.1762, 24.8321], [121.17368, 24.82767], [121.18679, 24.82337], [121.19648, 24.81783], [121.19881, 24.81494], [121.20078, 24.8178], [121.2033, 24.81731], [121.20226, 24.8162], [121.20589, 24.81259], [121.20284, 24.81001], [121.20469, 24.80725], [121.208, 24.80713], [121.20955, 24.8095], [121.21485, 24.81195], [121.21956, 24.81181], [121.21873, 24.80868], [121.22163, 24.79934], [121.22834, 24.80285], [121.23825, 24.80465], [121.24349, 24.80866], [121.24743, 24.80356], [121.24775, 24.79668], [121.25205, 24.79397], [121.26049, 24.79293], [121.26119, 24.79004], [121.25847, 24.78567], [121.26002, 24.78196], [121.26493, 24.78134], [121.27076, 24.77822], [121.27142, 24.7748], [121.27694, 24.77108], [121.29209, 24.76788], [121.29399, 24.76392], [121.3016, 24.76289], [121.30423, 24.7573], [121.3077, 24.75503], [121.3051, 24.75016], [121.30521, 24.74617], [121.30108, 24.74194], [121.29817, 24.73256], [121.29874, 24.73066], [121.30532, 24.72606], [121.30761, 24.71996], [121.29963, 24.69534], [121.30388, 24.6929], [121.31294, 24.69755], [121.31741, 24.69812], [121.32393, 24.69504], [121.32962, 24.69104], [121.33873, 24.67959], [121.3392, 24.66652], [121.3436, 24.66936], [121.34533, 24.66642], [121.34892, 24.66788], [121.35161, 24.66607], [121.35351, 24.66772], [121.35241, 24.64355], [121.35594, 24.64103], [121.35786, 24.6337], [121.36641, 24.63169], [121.36307, 24.62067], [121.35881, 24.61708], [121.36133, 24.6098], [121.36414, 24.60687], [121.36336, 24.60308], [121.36708, 24.59895], [121.37176, 24.59705], [121.37284, 24.59369], [121.38716, 24.58656], [121.39403, 24.5872], [121.40302, 24.59173], [121.41233, 24.57344], [121.40361, 24.56877], [121.40134, 24.56213], [121.39474, 24.55584], [121.39872, 24.548], [121.39674, 24.53979], [121.40142, 24.52884], [121.39756, 24.52472], [121.39055, 24.52293], [121.3884, 24.5176], [121.38521, 24.5169], [121.38348, 24.51012], [121.37342, 24.50993], [121.37124, 24.49831], [121.36403, 24.49512], [121.35756, 24.48643], [121.35053, 24.48427], [121.34646, 24.48468], [121.34272, 24.48211], [121.34019, 24.47503], [121.33563, 24.47197], [121.33605, 24.46741], [121.33086, 24.46515], [121.32503, 24.45863], [121.31694, 24.44199], [121.31258, 24.4373], [121.30469, 24.43284], [121.29634, 24.43328], [121.29196, 24.4311], [121.2708, 24.42987], [121.26912, 24.4275], [121.25946, 24.42912], [121.25788, 24.44006], [121.26086, 24.44427], [121.26058, 24.45147], [121.2626, 24.45532], [121.25806, 24.45735], [121.258, 24.46336], [121.24953, 24.46575], [121.24441, 24.46995], [121.24316, 24.4775], [121.23472, 24.48365], [121.23455, 24.4879], [121.2299, 24.48892], [121.22883, 24.49238], [121.21865, 24.4983], [121.22361, 24.50638], [121.21746, 24.50969], [121.21764, 24.51378], [121.21606, 24.51546], [121.20971, 24.51154], [121.20639, 24.51293], [121.2006, 24.51147], [121.1955, 24.50709], [121.19156, 24.50745], [121.18676, 24.50538], [121.18321, 24.50791], [121.1797, 24.50802], [121.16927, 24.5026], [121.16153, 24.50356], [121.15493, 24.50682], [121.15064, 24.50606], [121.14502, 24.51192], [121.13685, 24.50666], [121.12966, 24.50672], [121.12326, 24.51027], [121.12083, 24.50841], [121.11679, 24.50837], [121.10881, 24.50097], [121.1053, 24.50059], [121.09824, 24.49646], [121.09062, 24.49776], [121.08519, 24.5013], [121.07186, 24.49837], [121.07208, 24.50342], [121.06811, 24.50698], [121.06932, 24.50918], [121.067, 24.52281], [121.07824, 24.52878], [121.07782, 24.53428], [121.08052, 24.5409], [121.07621, 24.54377], [121.0734, 24.54946], [121.05658, 24.55931], [121.05833, 24.56066], [121.06113, 24.56013], [121.06272, 24.55746], [121.07057, 24.56336], [121.07529, 24.58091], [121.07883, 24.58396], [121.07954, 24.58826], [121.08309, 24.58998], [121.08125, 24.60058], [121.07548, 24.60404], [121.07518, 24.61187], [121.06791, 24.61499], [121.06236, 24.62182], [121.05159, 24.61514], [121.05157, 24.61749], [121.04821, 24.61985], [121.04343, 24.62711], [121.04066, 24.6269], [121.03902, 24.62965], [121.02955, 24.63276], [121.02613, 24.63568], [121.02542, 24.64119], [121.01427, 24.64086], [121.00819, 24.64439], [121.00807, 24.65036], [121.01074, 24.65248], [121.01028, 24.65621], [120.99723, 24.65459], [120.99509, 24.65928], [120.99055, 24.66053], [120.99064, 24.66478], [120.98908, 24.66303], [120.9867, 24.66382], [120.98534, 24.66671], [120.98321, 24.66719], [120.98173, 24.67182], [120.97701, 24.67363], [120.97752, 24.67826], [120.97545, 24.68461], [120.97257, 24.68582], [120.97058, 24.68421], [120.96444, 24.68358], [120.96674, 24.68609], [120.96517, 24.68811], [120.9664, 24.6912], [120.97185, 24.69674], [120.974, 24.69693], [120.97222, 24.70362], [120.97667, 24.70641], [120.97381, 24.71187], [120.97153, 24.71243], [120.96621, 24.70965], [120.96324, 24.71141], [120.95942, 24.70671], [120.95326, 24.70403], [120.94985, 24.71114], [120.94218, 24.70732], [120.93546, 24.71252], [120.93863, 24.71665], [120.93927, 24.7254], [120.93803, 24.72949], [120.94181, 24.72854], [120.94233, 24.73043], [120.93986, 24.73269], [120.94416, 24.74428], [120.94814, 24.74522], [120.954, 24.7434], [120.95767, 24.74542], [120.95742, 24.74957], [120.96148, 24.75127], [120.9629, 24.75509], [120.96739, 24.75645], [120.96982, 24.76515], [120.9795, 24.76331], [120.98205, 24.76747], [120.98835, 24.76806], [120.98624, 24.77277], [120.98322, 24.77321], [120.98582, 24.77693], [120.99032, 24.77692], [120.99307, 24.78059], [121.00978, 24.77374], [121.01359, 24.77091], [121.01829, 24.76387], [121.02062, 24.75661], [121.02775, 24.75804], [121.03355, 24.76376], [121.02985, 24.76658], [121.03035, 24.77209], [121.02815, 24.77319], [121.0297, 24.77704], [121.02767, 24.77704], [121.02798, 24.77877], [121.0249, 24.78008], [121.0275, 24.78274], [121.023, 24.78517], [121.02506, 24.78623], [121.02456, 24.7891], [121.02181, 24.79046], [121.02063, 24.79399], [121.02313, 24.79608], [121.02061, 24.7988], [121.02571, 24.7991], [121.0213, 24.80161], [121.01816, 24.80734], [121.01512, 24.80859], [121.0082, 24.81627], [121.00025, 24.82211], [120.98786, 24.82547], [120.98302, 24.83096], [120.97492, 24.82992], [120.9553, 24.83434], [120.9448, 24.84107], [120.94056, 24.84985], [120.93365, 24.85276], [120.93402, 24.85496], [120.93207, 24.85554], [120.93359, 24.86184], [120.94453, 24.87311], [120.94913, 24.88166]]]}}, {"type": "Feature", "properties": {"COUNTYNAME": "新北市", "name": "新北市", "COUNTYSN": "10001001"}, "geometry": {"type": "MultiPolygon", "coordinates": [[[[121.5389, 25.30113], [121.53893, 25.30112], [121.53897, 25.30105], [121.53896, 25.30101], [121.53893, 25.30097], [121.5389, 25.30097], [121.53886, 25.30099], [121.53885, 25.30103], [121.53885, 25.30107], [121.53887, 25.30111], [121.5389, 25.30113]]], [[[121.53748, 25.30077], [121.5375, 25.30078], [121.53754, 25.30078], [121.53757, 25.30077], [121.53759, 25.30074], [121.53752, 25.30062], [121.53731, 25.30042], [121.53727, 25.30042], [121.53726, 25.30044], [121.53727, 25.30046], [121.53748, 25.30077]]], [[[121.53842, 25.30062], [121.53843, 25.30065], [121.53846, 25.30066], [121.5385, 25.30065], [121.53854, 25.30062], [121.53855, 25.30058], [121.53854, 25.30054], [121.53851, 25.30051], [121.53848, 25.30051], [121.53844, 25.30055], [121.53842, 25.30062]]], [[[121.53785, 25.30042], [121.53789, 25.30041], [121.53791, 25.30038], [121.5379, 25.30034], [121.53784, 25.30028], [121.53779, 25.30027], [121.53775, 25.30029], [121.5377, 25.30034], [121.5377, 25.30036], [121.53772, 25.30038], [121.53781, 25.30041], [121.53785, 25.30042]]], [[[121.53642, 25.30017], [121.53645, 25.30014], [121.53647, 25.30011], [121.53647, 25.30008], [121.53646, 25.30005], [121.53619, 25.2998], [121.53616, 25.2998], [121.53613, 25.29981], [121.53612, 25.29984], [121.53613, 25.29987], [121.53636, 25.30014], [121.53637, 25.30017], [121.53639, 25.30018], [121.53642, 25.30017]]], [[[121.53882, 25.29998], [121.53892, 25.29994], [121.53883, 25.29948], [121.53858, 25.29958], [121.53882, 25.29998]]], [[[121.53999, 25.29854], [121.5403, 25.2984], [121.54032, 25.29837], [121.54032, 25.29833], [121.54025, 25.29828], [121.54022, 25.29827], [121.54019, 25.29827], [121.54015, 25.29828], [121.53989, 25.29843], [121.53988, 25.29846], [121.53989, 25.2985], [121.53991, 25.29853], [121.53995, 25.29854], [121.53999, 25.29854]]], [[[121.51129, 25.29151], [121.51132, 25.29148], [121.51136, 25.2914], [121.51136, 25.29134], [121.51134, 25.29132], [121.5113, 25.29133], [121.51127, 25.29135], [121.51124, 25.29139], [121.51123, 25.29144], [121.51123, 25.29147], [121.51124, 25.2915], [121.51129, 25.29151]]], [[[121.51039, 25.2912], [121.51042, 25.29119], [121.51045, 25.29116], [121.51046, 25.29111], [121.51044, 25.29108], [121.5104, 25.29109], [121.51036, 25.29113], [121.51035, 25.29117], [121.51036, 25.2912], [121.51039, 25.2912]]], [[[121.51226, 25.2911], [121.51231, 25.29109], [121.51235, 25.29106], [121.51235, 25.29103], [121.51235, 25.291], [121.51233, 25.29097], [121.51229, 25.29095], [121.51226, 25.29095], [121.51222, 25.29096], [121.5122, 25.29101], [121.5122, 25.29105], [121.51221, 25.29108], [121.51226, 25.2911]]], [[[121.50965, 25.29105], [121.50966, 25.29102], [121.50965, 25.29099], [121.50963, 25.29096], [121.5096, 25.29094], [121.50957, 25.29095], [121.50956, 25.29098], [121.50958, 25.29103], [121.50961, 25.29105], [121.50965, 25.29105]]], [[[121.50885, 25.2909], [121.50888, 25.29088], [121.50894, 25.29075], [121.50893, 25.2907], [121.50889, 25.29068], [121.50867, 25.29072], [121.50864, 25.29075], [121.50864, 25.29079], [121.50867, 25.29083], [121.50873, 25.29087], [121.50882, 25.2909], [121.50885, 25.2909]]], [[[121.5088, 25.2902], [121.50885, 25.29017], [121.50887, 25.29014], [121.50887, 25.29012], [121.50886, 25.29009], [121.50882, 25.29009], [121.50873, 25.29012], [121.50871, 25.29015], [121.50871, 25.29018], [121.50874, 25.2902], [121.5088, 25.2902]]], [[[121.70207, 25.21713], [121.7021, 25.21711], [121.7021, 25.21709], [121.70209, 25.21706], [121.70207, 25.21705], [121.70204, 25.21705], [121.70202, 25.21706], [121.70201, 25.21709], [121.70202, 25.21711], [121.70204, 25.21713], [121.70207, 25.21713]]], [[[121.70358, 25.21699], [121.70365, 25.21701], [121.70368, 25.21701], [121.70371, 25.21698], [121.70371, 25.21694], [121.7037, 25.2169], [121.70362, 25.2168], [121.7036, 25.21676], [121.70361, 25.21671], [121.70365, 25.21662], [121.70365, 25.21657], [121.70363, 25.21654], [121.70346, 25.2164], [121.70324, 25.21624], [121.70311, 25.21618], [121.70293, 25.21613], [121.70288, 25.21614], [121.70284, 25.21616], [121.70283, 25.21622], [121.70284, 25.21625], [121.7029, 25.21628], [121.70299, 25.2163], [121.703, 25.21633], [121.703, 25.21637], [121.70291, 25.21646], [121.70292, 25.2165], [121.70298, 25.2166], [121.70295, 25.21663], [121.70296, 25.21666], [121.70298, 25.21669], [121.70314, 25.21677], [121.70318, 25.21683], [121.70322, 25.21687], [121.70358, 25.21699]]], [[[121.7021, 25.21603], [121.70213, 25.21601], [121.70218, 25.21598], [121.70223, 25.21587], [121.70228, 25.21581], [121.70233, 25.21579], [121.70243, 25.21579], [121.70247, 25.21577], [121.70248, 25.21573], [121.70249, 25.21552], [121.70188, 25.21498], [121.70178, 25.2149], [121.70172, 25.21489], [121.70167, 25.21489], [121.70163, 25.21492], [121.70159, 25.21496], [121.70144, 25.2152], [121.70143, 25.21525], [121.70145, 25.2153], [121.70165, 25.21554], [121.70181, 25.21588], [121.70184, 25.2159], [121.70189, 25.2159], [121.70195, 25.21587], [121.70199, 25.21586], [121.70201, 25.21588], [121.70202, 25.21591], [121.70203, 25.21598], [121.70205, 25.21602], [121.7021, 25.21603]]], [[[121.70108, 25.21542], [121.70111, 25.21542], [121.70112, 25.21538], [121.70112, 25.21535], [121.70093, 25.21499], [121.70089, 25.21498], [121.70086, 25.21499], [121.70084, 25.21502], [121.70091, 25.21531], [121.70092, 25.21534], [121.70104, 25.21542], [121.70108, 25.21542]]], [[[121.69838, 25.21546], [121.69841, 25.21545], [121.69841, 25.21543], [121.69839, 25.21541], [121.6983, 25.21538], [121.69813, 25.21527], [121.69807, 25.21519], [121.69758, 25.21473], [121.69739, 25.21456], [121.69722, 25.21441], [121.6972, 25.2144], [121.69718, 25.2144], [121.69717, 25.21442], [121.69717, 25.21443], [121.69718, 25.21445], [121.6972, 25.21449], [121.69726, 25.21453], [121.69733, 25.21458], [121.69769, 25.21491], [121.69776, 25.215], [121.69799, 25.21521], [121.69805, 25.21525], [121.69818, 25.21535], [121.6983, 25.21544], [121.69835, 25.21546], [121.69838, 25.21546]]], [[[121.69616, 25.2127], [121.69619, 25.2127], [121.69621, 25.21269], [121.69629, 25.21245], [121.69629, 25.21241], [121.69628, 25.21236], [121.69626, 25.21235], [121.69623, 25.21236], [121.6962, 25.21237], [121.69602, 25.21251], [121.69601, 25.21253], [121.696, 25.21255], [121.69601, 25.21257], [121.69616, 25.2127]]], [[[121.69562, 25.21227], [121.69563, 25.21227], [121.69565, 25.21227], [121.69566, 25.21226], [121.69566, 25.21224], [121.69565, 25.21223], [121.69546, 25.2121], [121.69544, 25.21209], [121.69542, 25.21209], [121.6954, 25.21208], [121.69538, 25.21209], [121.69538, 25.21211], [121.69538, 25.21212], [121.6954, 25.21214], [121.69562, 25.21227]]], [[[121.69914, 25.20631], [121.69928, 25.20634], [121.69931, 25.20633], [121.69955, 25.20618], [121.69955, 25.20613], [121.69952, 25.20605], [121.69944, 25.20595], [121.69842, 25.20533], [121.69838, 25.20532], [121.69817, 25.20532], [121.69811, 25.20532], [121.69809, 25.20535], [121.69809, 25.20539], [121.69874, 25.20598], [121.69914, 25.20631]]], [[[121.69709, 25.20433], [121.69711, 25.20431], [121.69716, 25.2042], [121.69716, 25.20418], [121.69715, 25.20415], [121.69711, 25.2041], [121.69707, 25.20408], [121.69703, 25.20408], [121.697, 25.20408], [121.69696, 25.20411], [121.69696, 25.20428], [121.69696, 25.2043], [121.69699, 25.20432], [121.69706, 25.20433], [121.69709, 25.20433]]], [[[121.6958, 25.20338], [121.69583, 25.20337], [121.69583, 25.20334], [121.69583, 25.20325], [121.69574, 25.20288], [121.69573, 25.20286], [121.69569, 25.20285], [121.69528, 25.20285], [121.69525, 25.20285], [121.69522, 25.20286], [121.69521, 25.20288], [121.6952, 25.20292], [121.69522, 25.2031], [121.69524, 25.20319], [121.69527, 25.20326], [121.6953, 25.20329], [121.69578, 25.20339], [121.6958, 25.20338]]], [[[121.67841, 25.20285], [121.67852, 25.20278], [121.6787, 25.20268], [121.67872, 25.20263], [121.67871, 25.20259], [121.67869, 25.20256], [121.6786, 25.20254], [121.67854, 25.20255], [121.67844, 25.2026], [121.6783, 25.20271], [121.6783, 25.20275], [121.67831, 25.20281], [121.67834, 25.20286], [121.67841, 25.20285]]], [[[121.69494, 25.2025], [121.69496, 25.20251], [121.69499, 25.20252], [121.69502, 25.20251], [121.69503, 25.2025], [121.69504, 25.20248], [121.69503, 25.20244], [121.69499, 25.20236], [121.6948, 25.20216], [121.69476, 25.20213], [121.69473, 25.20213], [121.6947, 25.20214], [121.6947, 25.20215], [121.6947, 25.20217], [121.69494, 25.2025]]], [[[121.69294, 25.20003], [121.69298, 25.20003], [121.69301, 25.19999], [121.6931, 25.19991], [121.69315, 25.1999], [121.69318, 25.19991], [121.69325, 25.19994], [121.69334, 25.19997], [121.69346, 25.19999], [121.69352, 25.19999], [121.69357, 25.19995], [121.69343, 25.19988], [121.6934, 25.19987], [121.69332, 25.19987], [121.69329, 25.19986], [121.69325, 25.19984], [121.69324, 25.1998], [121.69319, 25.19965], [121.69317, 25.19961], [121.69312, 25.1996], [121.69308, 25.19961], [121.69306, 25.19963], [121.69306, 25.19966], [121.69306, 25.1997], [121.69306, 25.19972], [121.69303, 25.19973], [121.693, 25.19972], [121.69287, 25.19966], [121.69265, 25.19957], [121.69261, 25.19954], [121.69258, 25.19947], [121.69255, 25.19943], [121.69252, 25.19941], [121.69249, 25.19942], [121.69248, 25.19944], [121.69249, 25.19949], [121.69251, 25.19954], [121.69254, 25.19961], [121.69293, 25.19984], [121.69296, 25.19986], [121.69297, 25.19989], [121.69293, 25.19998], [121.69293, 25.20001], [121.69294, 25.20003]]], [[[121.41419, 25.18903], [121.41423, 25.189], [121.41422, 25.18896], [121.41418, 25.18893], [121.41401, 25.18884], [121.41392, 25.18881], [121.41258, 25.18863], [121.41245, 25.18862], [121.4123, 25.18862], [121.41216, 25.18864], [121.41207, 25.18867], [121.41203, 25.18872], [121.41202, 25.18875], [121.41204, 25.18878], [121.41206, 25.18879], [121.41261, 25.18885], [121.41314, 25.18892], [121.41358, 25.18895], [121.4137, 25.18897], [121.41398, 25.189], [121.41413, 25.18903], [121.41419, 25.18903]]], [[[121.83952, 25.12875], [121.83957, 25.12871], [121.83957, 25.12867], [121.83955, 25.12866], [121.83953, 25.12865], [121.83947, 25.12865], [121.83943, 25.12866], [121.83942, 25.12869], [121.83943, 25.12871], [121.83947, 25.12875], [121.8395, 25.12876], [121.83952, 25.12875]]], [[[121.9142, 25.12634], [121.91402, 25.12637], [121.91388, 25.12662], [121.91388, 25.1268], [121.91372, 25.12688], [121.91369, 25.12693], [121.91385, 25.12709], [121.91403, 25.12714], [121.91416, 25.12726], [121.91451, 25.12744], [121.91482, 25.12758], [121.91527, 25.12764], [121.91537, 25.1276], [121.91548, 25.12748], [121.91554, 25.12753], [121.91574, 25.12756], [121.91577, 25.12763], [121.9157, 25.12769], [121.91582, 25.12784], [121.91665, 25.12812], [121.91705, 25.12822], [121.91718, 25.12818], [121.9175, 25.12834], [121.91761, 25.12829], [121.91743, 25.12805], [121.9174, 25.12792], [121.91721, 25.12779], [121.917, 25.12791], [121.91689, 25.12805], [121.91679, 25.12801], [121.91666, 25.12779], [121.91647, 25.12773], [121.91631, 25.12779], [121.91631, 25.1277], [121.91634, 25.12759], [121.91628, 25.12756], [121.91607, 25.12758], [121.91582, 25.12746], [121.91584, 25.12736], [121.91582, 25.1273], [121.91543, 25.12722], [121.91492, 25.12688], [121.9147, 25.12672], [121.91428, 25.12653], [121.91428, 25.1264], [121.9142, 25.12634]]], [[[121.84487, 25.12792], [121.8449, 25.12793], [121.84494, 25.12793], [121.84496, 25.1279], [121.84503, 25.12776], [121.84508, 25.12771], [121.84514, 25.1277], [121.84518, 25.12768], [121.84519, 25.12766], [121.84521, 25.12748], [121.84528, 25.1274], [121.84534, 25.12736], [121.84538, 25.12735], [121.84544, 25.12736], [121.8455, 25.12739], [121.84552, 25.12742], [121.84551, 25.12745], [121.84545, 25.12757], [121.84541, 25.12761], [121.84527, 25.12764], [121.84527, 25.12771], [121.8453, 25.12773], [121.84535, 25.12773], [121.84545, 25.12771], [121.84553, 25.1277], [121.84556, 25.12769], [121.84559, 25.12741], [121.84564, 25.12733], [121.84564, 25.12731], [121.84564, 25.12729], [121.8456, 25.12729], [121.84553, 25.1273], [121.8455, 25.1273], [121.84548, 25.12728], [121.84547, 25.12719], [121.84543, 25.12716], [121.8454, 25.12717], [121.84538, 25.12719], [121.84531, 25.12733], [121.84525, 25.12739], [121.8451, 25.12748], [121.84498, 25.12752], [121.84494, 25.12756], [121.84471, 25.12773], [121.84465, 25.12777], [121.84457, 25.1278], [121.84454, 25.12783], [121.84453, 25.12786], [121.84456, 25.12788], [121.8446, 25.12789], [121.84472, 25.12786], [121.84478, 25.12785], [121.84482, 25.12787], [121.84487, 25.12792]]], [[[121.86195, 25.12633], [121.86199, 25.12632], [121.862, 25.12628], [121.86202, 25.1262], [121.86202, 25.12616], [121.86195, 25.12605], [121.86193, 25.12601], [121.86193, 25.12597], [121.86194, 25.12593], [121.86193, 25.1259], [121.8619, 25.12587], [121.86185, 25.12587], [121.86183, 25.12588], [121.86183, 25.12593], [121.86184, 25.12598], [121.86179, 25.12604], [121.86175, 25.12621], [121.86173, 25.12627], [121.86174, 25.1263], [121.86176, 25.12632], [121.8618, 25.12633], [121.86195, 25.12633]]], [[[121.87431, 25.12618], [121.87434, 25.12618], [121.87436, 25.12616], [121.87433, 25.12593], [121.8743, 25.12589], [121.87425, 25.12586], [121.87421, 25.12585], [121.87417, 25.12585], [121.87415, 25.12589], [121.87411, 25.12603], [121.87413, 25.12607], [121.87415, 25.12609], [121.87421, 25.1261], [121.87424, 25.12612], [121.87428, 25.12617], [121.87431, 25.12618]]], [[[121.87498, 25.12544], [121.87502, 25.12544], [121.87504, 25.12541], [121.87504, 25.12539], [121.87501, 25.12533], [121.87498, 25.1253], [121.87493, 25.12531], [121.87492, 25.12532], [121.87492, 25.12536], [121.87494, 25.12541], [121.87496, 25.12543], [121.87498, 25.12544]]], [[[121.87855, 25.12501], [121.87858, 25.12502], [121.87861, 25.12502], [121.87864, 25.12501], [121.87868, 25.12499], [121.87871, 25.12497], [121.87871, 25.12494], [121.87871, 25.12489], [121.87871, 25.12487], [121.87869, 25.12485], [121.87867, 25.12484], [121.87864, 25.12484], [121.87862, 25.12485], [121.8786, 25.12487], [121.87854, 25.12496], [121.87853, 25.12499], [121.87855, 25.12501]]], [[[121.85987, 25.12514], [121.8599, 25.12513], [121.85993, 25.1251], [121.85994, 25.12502], [121.85998, 25.12499], [121.86008, 25.12489], [121.8601, 25.12485], [121.8601, 25.12479], [121.86007, 25.12469], [121.86004, 25.12462], [121.86001, 25.12458], [121.85997, 25.12457], [121.85992, 25.12457], [121.85989, 25.12461], [121.85989, 25.12466], [121.8599, 25.12483], [121.85987, 25.12488], [121.85985, 25.12492], [121.85984, 25.125], [121.85982, 25.12505], [121.85982, 25.1251], [121.85984, 25.12513], [121.85987, 25.12514]]], [[[121.87551, 25.12471], [121.87554, 25.12469], [121.87554, 25.12466], [121.87555, 25.12462], [121.87552, 25.12458], [121.87551, 25.12456], [121.87548, 25.12456], [121.87546, 25.12457], [121.87545, 25.1246], [121.87543, 25.12468], [121.87544, 25.12471], [121.87546, 25.12472], [121.87549, 25.12472], [121.87551, 25.12471]]], [[[121.91921, 25.09659], [121.91924, 25.09654], [121.91928, 25.09618], [121.91927, 25.09614], [121.91922, 25.09614], [121.91912, 25.09619], [121.91907, 25.09655], [121.91909, 25.09659], [121.91915, 25.0966], [121.91921, 25.09659]]], [[[121.91891, 25.09605], [121.91894, 25.09608], [121.91898, 25.09607], [121.91924, 25.09592], [121.91929, 25.09586], [121.91927, 25.09583], [121.91906, 25.09581], [121.91898, 25.09585], [121.91891, 25.09591], [121.91891, 25.09605]]], [[[121.9186, 25.09542], [121.91863, 25.09537], [121.91866, 25.09523], [121.91868, 25.09517], [121.91867, 25.09512], [121.91862, 25.09511], [121.91856, 25.09513], [121.9185, 25.09518], [121.91845, 25.0952], [121.91842, 25.09525], [121.91841, 25.0953], [121.91843, 25.09541], [121.91849, 25.09545], [121.91854, 25.09545], [121.9186, 25.09542]]], [[[121.91706, 25.09207], [121.91704, 25.09202], [121.91667, 25.09163], [121.91662, 25.09161], [121.91652, 25.09162], [121.91637, 25.09167], [121.91634, 25.0917], [121.91632, 25.09174], [121.91631, 25.09215], [121.91634, 25.09218], [121.91641, 25.09218], [121.91699, 25.09211], [121.91704, 25.0921], [121.91706, 25.09207]]], [[[121.91609, 25.09149], [121.91613, 25.09146], [121.91614, 25.09142], [121.9161, 25.0914], [121.91604, 25.09139], [121.916, 25.0914], [121.91598, 25.09143], [121.91599, 25.09146], [121.91603, 25.09148], [121.91609, 25.09149]]], [[[121.93034, 25.06511], [121.93041, 25.06512], [121.93046, 25.0651], [121.93047, 25.06507], [121.93048, 25.06462], [121.93046, 25.06459], [121.93042, 25.06457], [121.9303, 25.06458], [121.92971, 25.06471], [121.92972, 25.06476], [121.92973, 25.06479], [121.93034, 25.06511]]], [[[121.93147, 25.05643], [121.93153, 25.05639], [121.93154, 25.05636], [121.93153, 25.05633], [121.93149, 25.05634], [121.93145, 25.05635], [121.93141, 25.05639], [121.93141, 25.05642], [121.93144, 25.05644], [121.93147, 25.05643]]], [[[121.93215, 25.05602], [121.9322, 25.05602], [121.93223, 25.05599], [121.93225, 25.05594], [121.93226, 25.0559], [121.93224, 25.05588], [121.93221, 25.05588], [121.93218, 25.05591], [121.93214, 25.05596], [121.93213, 25.056], [121.93215, 25.05602]]], [[[121.98325, 25.02479], [121.98329, 25.02477], [121.98331, 25.02476], [121.98332, 25.02472], [121.98337, 25.02472], [121.9834, 25.02472], [121.98342, 25.02469], [121.98343, 25.02465], [121.98345, 25.02464], [121.98347, 25.02465], [121.98348, 25.02468], [121.9835, 25.0247], [121.98354, 25.02471], [121.98357, 25.02469], [121.98373, 25.02448], [121.98374, 25.02443], [121.98374, 25.0244], [121.98373, 25.02436], [121.98369, 25.02434], [121.98363, 25.02431], [121.98354, 25.0243], [121.98343, 25.0243], [121.98339, 25.0243], [121.98336, 25.02433], [121.98335, 25.02441], [121.98334, 25.02444], [121.98331, 25.02447], [121.98323, 25.02451], [121.98317, 25.02456], [121.98314, 25.02462], [121.98313, 25.02468], [121.98314, 25.02473], [121.98316, 25.02477], [121.98319, 25.02478], [121.98325, 25.02479]]], [[[121.98437, 25.02323], [121.98439, 25.02322], [121.98441, 25.02319], [121.98443, 25.02313], [121.98443, 25.0231], [121.9844, 25.02303], [121.98438, 25.02299], [121.98435, 25.02299], [121.98432, 25.023], [121.98427, 25.02303], [121.9842, 25.02305], [121.98417, 25.02307], [121.98414, 25.02311], [121.98412, 25.02315], [121.98412, 25.02317], [121.98412, 25.02319], [121.98414, 25.0232], [121.98416, 25.0232], [121.9842, 25.02318], [121.98424, 25.02317], [121.98431, 25.02318], [121.98433, 25.02321], [121.98434, 25.02323], [121.98437, 25.02323]]], [[[121.96344, 25.02284], [121.96346, 25.02281], [121.96347, 25.02278], [121.96345, 25.02272], [121.96342, 25.02265], [121.96333, 25.02259], [121.96329, 25.02257], [121.96324, 25.02258], [121.96323, 25.02262], [121.96323, 25.02267], [121.96325, 25.0227], [121.96335, 25.0228], [121.96339, 25.02283], [121.96344, 25.02284]]], [[[122.00504, 25.01553], [122.00482, 25.01543], [122.00427, 25.01528], [122.00416, 25.01524], [122.00408, 25.01523], [122.00403, 25.01526], [122.00401, 25.01532], [122.00402, 25.01538], [122.00406, 25.01545], [122.00415, 25.01549], [122.00424, 25.0155], [122.00467, 25.01557], [122.0049, 25.01559], [122.00502, 25.01559], [122.00505, 25.01558], [122.00505, 25.01555], [122.00504, 25.01553]]], [[[122.00704, 25.01131], [122.00707, 25.0113], [122.00709, 25.01128], [122.00708, 25.01126], [122.00675, 25.01095], [122.00672, 25.01091], [122.0067, 25.01087], [122.0067, 25.01073], [122.00669, 25.01071], [122.00667, 25.0107], [122.00664, 25.01071], [122.00662, 25.01075], [122.00662, 25.01081], [122.00662, 25.01086], [122.00664, 25.01089], [122.00701, 25.0113], [122.00704, 25.01131]]], [[[122.00622, 25.00943], [122.00625, 25.00942], [122.00626, 25.00939], [122.00626, 25.00937], [122.00626, 25.00934], [122.00621, 25.00928], [122.0062, 25.00927], [122.00619, 25.00924], [122.00621, 25.00922], [122.00621, 25.00919], [122.00619, 25.00917], [122.00615, 25.00916], [122.00611, 25.00915], [122.00608, 25.00915], [122.00604, 25.00915], [122.00601, 25.00917], [122.00599, 25.00919], [122.00598, 25.00923], [122.00598, 25.00927], [122.00599, 25.00931], [122.00602, 25.00934], [122.00607, 25.00937], [122.00614, 25.00941], [122.00618, 25.00943], [122.00622, 25.00943]]], [[[121.99267, 24.99817], [121.99274, 24.9982], [121.99277, 24.9982], [121.99281, 24.9982], [121.99285, 24.99819], [121.99286, 24.99815], [121.99285, 24.99812], [121.99277, 24.99807], [121.99256, 24.99797], [121.99253, 24.99797], [121.9925, 24.99798], [121.99248, 24.99799], [121.99248, 24.99803], [121.9925, 24.99807], [121.99253, 24.99809], [121.99267, 24.99817]]], [[[121.99145, 24.99785], [121.9915, 24.99784], [121.99152, 24.99781], [121.99153, 24.99778], [121.99152, 24.99775], [121.99145, 24.9977], [121.99141, 24.99768], [121.99135, 24.99768], [121.99131, 24.99769], [121.99126, 24.99772], [121.99125, 24.99775], [121.99125, 24.99778], [121.99128, 24.99781], [121.99133, 24.99783], [121.99139, 24.99785], [121.99145, 24.99785]]], [[[121.98605, 24.99422], [121.98609, 24.99421], [121.98613, 24.99418], [121.98614, 24.99413], [121.98612, 24.99408], [121.98607, 24.99408], [121.98604, 24.99409], [121.98601, 24.99412], [121.98601, 24.99416], [121.98602, 24.9942], [121.98605, 24.99422]]], [[[121.98555, 24.99321], [121.98559, 24.99322], [121.98562, 24.99322], [121.98566, 24.9932], [121.9857, 24.99316], [121.98571, 24.99313], [121.98571, 24.9931], [121.9857, 24.99307], [121.9854, 24.99265], [121.98522, 24.99254], [121.98518, 24.99253], [121.98513, 24.99253], [121.98509, 24.99255], [121.98508, 24.99258], [121.98508, 24.99262], [121.9851, 24.99266], [121.98545, 24.99314], [121.98555, 24.99321]]], [[[121.98428, 24.99113], [121.98473, 24.99028], [121.98475, 24.99021], [121.98475, 24.99009], [121.98473, 24.99], [121.98469, 24.98996], [121.98463, 24.98995], [121.98458, 24.98998], [121.98452, 24.99007], [121.98427, 24.99049], [121.9841, 24.99096], [121.98411, 24.99101], [121.98416, 24.9911], [121.98422, 24.99114], [121.98428, 24.99113]]], [[[121.96716, 24.9817], [121.9672, 24.98168], [121.96724, 24.98164], [121.96725, 24.98157], [121.96724, 24.98152], [121.96719, 24.98149], [121.96714, 24.98149], [121.9671, 24.9815], [121.96706, 24.98154], [121.96705, 24.98158], [121.96706, 24.98163], [121.96708, 24.98167], [121.96712, 24.9817], [121.96716, 24.9817]]], [[[121.79344, 24.89973], [121.79177, 24.89968], [121.79311, 24.89649], [121.79003, 24.89348], [121.78167, 24.88948], [121.78222, 24.87925], [121.78523, 24.8743], [121.77731, 24.87078], [121.77545, 24.86511], [121.7683, 24.86569], [121.76448, 24.85996], [121.76287, 24.86126], [121.76155, 24.86012], [121.76101, 24.85671], [121.74795, 24.85493], [121.74571, 24.85283], [121.74204, 24.85244], [121.73655, 24.8557], [121.73052, 24.8553], [121.7206, 24.84875], [121.71973, 24.84558], [121.71552, 24.84428], [121.71428, 24.84179], [121.70888, 24.84053], [121.70178, 24.83436], [121.69915, 24.83557], [121.69643, 24.83465], [121.69611, 24.82983], [121.68764, 24.8249], [121.6901, 24.82148], [121.68849, 24.81624], [121.68117, 24.8176], [121.67719, 24.8141], [121.67426, 24.81411], [121.669, 24.818], [121.66069, 24.81083], [121.65286, 24.81133], [121.64737, 24.81393], [121.64489, 24.80924], [121.63883, 24.81072], [121.62848, 24.80792], [121.6258, 24.80878], [121.62543, 24.79506], [121.62107, 24.79245], [121.60968, 24.79377], [121.60579, 24.78917], [121.59219, 24.7878], [121.59758, 24.77221], [121.59557, 24.7693], [121.59623, 24.76686], [121.59065, 24.76114], [121.58897, 24.75512], [121.59045, 24.75109], [121.59608, 24.74832], [121.59165, 24.74468], [121.59523, 24.73993], [121.59365, 24.72973], [121.59781, 24.72925], [121.5974, 24.72753], [121.58701, 24.72007], [121.57821, 24.72229], [121.57722, 24.71477], [121.57467, 24.71007], [121.57218, 24.71054], [121.57036, 24.71395], [121.56773, 24.71157], [121.56268, 24.71286], [121.55649, 24.71125], [121.55069, 24.70574], [121.54325, 24.70566], [121.53786, 24.69989], [121.53887, 24.6947], [121.53755, 24.69402], [121.53679, 24.68842], [121.5293, 24.68757], [121.52786, 24.68894], [121.52694, 24.68522], [121.52383, 24.68328], [121.51181, 24.68435], [121.50501, 24.67947], [121.49903, 24.67795], [121.49308, 24.67324], [121.48748, 24.6752], [121.47985, 24.67378], [121.47395, 24.68518], [121.47302, 24.68972], [121.47476, 24.69341], [121.4742, 24.69605], [121.46942, 24.69613], [121.46259, 24.70162], [121.45021, 24.7057], [121.44876, 24.71221], [121.44493, 24.71505], [121.441, 24.72602], [121.43418, 24.73014], [121.43534, 24.73328], [121.4286, 24.74829], [121.42846, 24.75342], [121.42582, 24.76057], [121.4233, 24.7619], [121.42638, 24.76798], [121.43132, 24.77188], [121.43683, 24.77369], [121.44075, 24.77932], [121.44581, 24.78164], [121.44952, 24.78604], [121.44885, 24.78834], [121.45037, 24.79092], [121.4457, 24.79013], [121.43761, 24.79629], [121.43656, 24.81204], [121.42947, 24.81535], [121.42519, 24.82023], [121.42365, 24.82539], [121.41706, 24.82533], [121.41388, 24.83177], [121.41553, 24.83567], [121.40297, 24.84347], [121.39985, 24.84155], [121.39474, 24.84396], [121.38808, 24.84239], [121.38503, 24.84076], [121.38329, 24.83696], [121.37356, 24.83327], [121.37006, 24.83625], [121.35788, 24.83947], [121.35481, 24.84398], [121.34672, 24.84588], [121.34016, 24.84343], [121.33608, 24.84384], [121.33721, 24.8484], [121.34787, 24.85092], [121.34866, 24.84836], [121.34983, 24.84963], [121.35264, 24.84909], [121.35186, 24.85059], [121.35329, 24.85054], [121.35474, 24.85332], [121.35803, 24.85322], [121.35333, 24.85872], [121.34838, 24.86072], [121.34505, 24.86694], [121.35296, 24.87102], [121.35437, 24.87365], [121.35329, 24.8766], [121.34566, 24.87997], [121.34473, 24.88574], [121.34113, 24.88796], [121.34217, 24.89255], [121.33846, 24.89333], [121.33368, 24.89151], [121.33207, 24.89351], [121.3333, 24.89938], [121.3318, 24.89982], [121.32702, 24.89592], [121.32032, 24.90021], [121.32618, 24.90717], [121.32621, 24.90916], [121.3236, 24.90988], [121.32248, 24.91256], [121.31756, 24.91635], [121.32462, 24.92336], [121.33523, 24.92497], [121.33978, 24.9285], [121.3336, 24.92985], [121.32204, 24.92803], [121.32317, 24.93128], [121.31812, 24.93479], [121.31578, 24.93848], [121.3316, 24.94564], [121.32798, 24.94914], [121.32914, 24.96053], [121.32805, 24.96548], [121.32964, 24.96688], [121.32675, 24.96648], [121.32879, 24.96963], [121.32822, 24.97211], [121.32746, 24.97357], [121.32386, 24.97125], [121.32355, 24.97275], [121.32862, 24.97629], [121.32747, 24.97847], [121.33391, 24.97873], [121.3368, 24.9807], [121.34109, 24.98025], [121.3427, 24.98231], [121.3472, 24.97883], [121.35232, 24.98083], [121.35404, 24.9778], [121.36118, 24.9778], [121.3639, 24.97959], [121.36933, 24.9769], [121.37238, 24.97991], [121.38538, 24.98593], [121.38342, 24.98855], [121.38414, 24.99568], [121.38803, 24.99639], [121.3905, 24.99329], [121.39402, 24.9934], [121.39684, 24.99729], [121.40295, 24.99899], [121.39964, 25.0068], [121.39118, 25.01208], [121.39273, 25.01559], [121.40167, 25.0158], [121.41215, 25.0191], [121.40451, 25.02381], [121.40132, 25.02637], [121.40077, 25.02909], [121.39828, 25.03009], [121.39857, 25.03473], [121.40119, 25.03443], [121.39958, 25.03587], [121.40108, 25.03772], [121.39439, 25.04008], [121.39358, 25.04196], [121.39066, 25.04187], [121.39389, 25.04377], [121.40067, 25.04323], [121.3983, 25.04412], [121.40307, 25.04564], [121.39996, 25.0449], [121.39769, 25.04628], [121.3994, 25.04782], [121.39588, 25.04867], [121.39443, 25.04749], [121.39391, 25.04909], [121.39438, 25.05043], [121.39859, 25.0485], [121.39749, 25.05041], [121.39977, 25.04935], [121.40069, 25.05136], [121.39105, 25.05356], [121.39258, 25.05506], [121.38998, 25.05287], [121.38448, 25.05251], [121.38746, 25.05499], [121.38562, 25.05813], [121.38862, 25.05687], [121.38973, 25.05904], [121.38767, 25.05971], [121.39091, 25.06082], [121.38816, 25.06158], [121.3883, 25.06306], [121.38291, 25.06293], [121.37686, 25.06608], [121.3549, 25.06513], [121.35379, 25.06858], [121.34646, 25.07029], [121.35345, 25.07331], [121.35173, 25.07444], [121.34985, 25.07356], [121.34989, 25.07663], [121.34794, 25.07379], [121.34185, 25.07266], [121.34254, 25.07356], [121.34052, 25.07409], [121.34047, 25.07637], [121.34462, 25.07503], [121.34621, 25.07564], [121.34446, 25.07608], [121.34431, 25.07796], [121.34631, 25.07678], [121.34521, 25.07849], [121.34798, 25.07878], [121.34246, 25.08009], [121.34942, 25.08074], [121.34926, 25.08239], [121.34365, 25.08419], [121.33847, 25.08368], [121.3249, 25.09257], [121.31823, 25.093], [121.3105, 25.09653], [121.30273, 25.09681], [121.30121, 25.10168], [121.29833, 25.10448], [121.29162, 25.10265], [121.29025, 25.10686], [121.28707, 25.10686], [121.28273, 25.10967], [121.28356, 25.11728], [121.29434, 25.11961], [121.29581, 25.12159], [121.29468, 25.1221], [121.29684, 25.12258], [121.29654, 25.12549], [121.29715, 25.1228], [121.29856, 25.12321], [121.29666, 25.12615], [121.29931, 25.12345], [121.30397, 25.12378], [121.30485, 25.12612], [121.31053, 25.126], [121.31033, 25.12324], [121.3331, 25.12449], [121.37151, 25.13876], [121.37354, 25.14023], [121.3711, 25.14083], [121.38082, 25.14272], [121.38437, 25.14576], [121.386, 25.14527], [121.3857, 25.14634], [121.38649, 25.14536], [121.38711, 25.14689], [121.38992, 25.14738], [121.38787, 25.152], [121.39009, 25.14777], [121.39572, 25.1509], [121.39389, 25.15423], [121.39569, 25.15576], [121.39452, 25.15799], [121.39547, 25.15868], [121.39459, 25.15406], [121.39594, 25.15199], [121.40045, 25.15494], [121.40196, 25.15847], [121.39806, 25.16194], [121.39559, 25.15978], [121.39783, 25.16209], [121.39147, 25.16786], [121.4022, 25.15876], [121.40928, 25.16451], [121.4055, 25.16799], [121.40935, 25.16456], [121.41274, 25.16797], [121.40635, 25.17382], [121.40544, 25.18196], [121.40819, 25.18329], [121.41302, 25.18194], [121.41354, 25.18368], [121.4083, 25.18377], [121.40852, 25.18509], [121.40501, 25.18355], [121.40892, 25.18816], [121.41602, 25.18924], [121.41991, 25.19223], [121.41768, 25.19435], [121.42475, 25.20461], [121.42952, 25.20871], [121.43332, 25.21607], [121.44033, 25.2204], [121.43943, 25.22453], [121.44123, 25.22885], [121.44646, 25.23212], [121.44455, 25.23435], [121.44642, 25.2408], [121.44861, 25.24258], [121.44761, 25.24599], [121.45375, 25.25134], [121.45676, 25.2516], [121.45927, 25.24922], [121.46704, 25.24998], [121.46694, 25.25225], [121.46824, 25.2512], [121.473, 25.25412], [121.47392, 25.25588], [121.4727, 25.257], [121.47498, 25.25555], [121.4764, 25.25745], [121.47586, 25.25997], [121.47925, 25.26312], [121.47772, 25.26605], [121.47915, 25.26801], [121.4952, 25.27781], [121.50439, 25.28149], [121.50632, 25.28025], [121.50609, 25.28231], [121.51049, 25.28376], [121.50917, 25.28475], [121.50907, 25.29058], [121.51256, 25.29074], [121.51214, 25.2871], [121.51398, 25.28501], [121.51964, 25.28431], [121.52299, 25.287], [121.52742, 25.28578], [121.53466, 25.29066], [121.53345, 25.29181], [121.53469, 25.29103], [121.53478, 25.29352], [121.53312, 25.29235], [121.53268, 25.29516], [121.53713, 25.30029], [121.54039, 25.29785], [121.5404, 25.29504], [121.54752, 25.29179], [121.55356, 25.29304], [121.55985, 25.2919], [121.56381, 25.29351], [121.56603, 25.2915], [121.56537, 25.29399], [121.56786, 25.29451], [121.56606, 25.29591], [121.56811, 25.29776], [121.57689, 25.29837], [121.58729, 25.29199], [121.58716, 25.29316], [121.58912, 25.29144], [121.59797, 25.29147], [121.59505, 25.29039], [121.59709, 25.28962], [121.59754, 25.29088], [121.60598, 25.28365], [121.60708, 25.28109], [121.6173, 25.27781], [121.63079, 25.26521], [121.63398, 25.25886], [121.63511, 25.25083], [121.63416, 25.23954], [121.64289, 25.23083], [121.64897, 25.23021], [121.64592, 25.22777], [121.64955, 25.22982], [121.64693, 25.23303], [121.6488, 25.23154], [121.65175, 25.2333], [121.65085, 25.2309], [121.65383, 25.22927], [121.65154, 25.22716], [121.65217, 25.22518], [121.65105, 25.22599], [121.64951, 25.2236], [121.65356, 25.21612], [121.662, 25.20787], [121.6631, 25.209], [121.66421, 25.20664], [121.66541, 25.20723], [121.67186, 25.20229], [121.67349, 25.2036], [121.67481, 25.20227], [121.67393, 25.20397], [121.6761, 25.20492], [121.67567, 25.20363], [121.6778, 25.20569], [121.67685, 25.20424], [121.67823, 25.20163], [121.68625, 25.20838], [121.68748, 25.205], [121.68628, 25.20745], [121.68641, 25.20326], [121.68931, 25.20578], [121.68846, 25.2083], [121.69254, 25.2077], [121.69657, 25.21401], [121.70196, 25.217], [121.70129, 25.21422], [121.69272, 25.20733], [121.69404, 25.2077], [121.69184, 25.2047], [121.69326, 25.20417], [121.69138, 25.20384], [121.69264, 25.20288], [121.6939, 25.20445], [121.69354, 25.20305], [121.69498, 25.20284], [121.68993, 25.19726], [121.6895, 25.19463], [121.68924, 25.19648], [121.68733, 25.19523], [121.68876, 25.19536], [121.68675, 25.19442], [121.68643, 25.19056], [121.68526, 25.19072], [121.69258, 25.18016], [121.69636, 25.18168], [121.69452, 25.18], [121.69747, 25.18015], [121.69664, 25.1828], [121.70207, 25.17922], [121.7033, 25.1765], [121.70892, 25.1755], [121.70219, 25.17346], [121.69892, 25.16721], [121.69129, 25.16633], [121.68731, 25.1616], [121.68319, 25.16067], [121.67759, 25.15573], [121.6714, 25.15554], [121.66906, 25.15333], [121.66424, 25.15223], [121.65824, 25.15223], [121.65571, 25.14917], [121.65148, 25.14796], [121.64962, 25.14488], [121.63983, 25.14584], [121.62681, 25.13979], [121.62852, 25.13483], [121.63314, 25.13099], [121.63833, 25.13073], [121.64317, 25.12765], [121.64622, 25.12104], [121.64617, 25.11373], [121.65022, 25.10955], [121.65221, 25.10473], [121.64893, 25.10172], [121.6582, 25.09168], [121.67404, 25.08293], [121.68116, 25.08807], [121.68163, 25.08476], [121.67992, 25.08433], [121.67909, 25.07879], [121.68838, 25.07177], [121.69655, 25.07008], [121.69954, 25.06738], [121.70416, 25.06794], [121.70679, 25.06658], [121.71236, 25.06802], [121.72248, 25.05856], [121.72613, 25.05818], [121.73009, 25.05335], [121.73221, 25.05272], [121.73756, 25.05476], [121.74326, 25.05249], [121.75693, 25.05934], [121.76401, 25.05745], [121.76734, 25.06183], [121.77172, 25.06319], [121.77571, 25.07002], [121.76937, 25.07792], [121.76117, 25.07897], [121.75916, 25.08429], [121.7598, 25.09026], [121.75831, 25.09435], [121.7599, 25.10061], [121.75679, 25.10184], [121.75807, 25.10362], [121.75593, 25.10851], [121.75391, 25.10869], [121.75272, 25.10683], [121.75003, 25.10974], [121.7518, 25.11101], [121.75709, 25.11013], [121.75935, 25.11255], [121.76327, 25.11344], [121.76691, 25.11253], [121.77364, 25.12027], [121.7833, 25.11664], [121.78593, 25.11819], [121.79007, 25.11234], [121.79476, 25.1126], [121.79776, 25.11431], [121.79887, 25.11914], [121.79414, 25.12341], [121.7946, 25.12639], [121.80239, 25.12176], [121.80502, 25.12538], [121.80378, 25.12754], [121.80533, 25.13116], [121.80252, 25.13431], [121.80319, 25.13576], [121.81068, 25.13272], [121.81518, 25.13454], [121.81709, 25.13326], [121.82263, 25.13625], [121.82145, 25.13496], [121.82666, 25.136], [121.82338, 25.13356], [121.82391, 25.13178], [121.82265, 25.13352], [121.82167, 25.13209], [121.82113, 25.13411], [121.82096, 25.1313], [121.81882, 25.12982], [121.82178, 25.13169], [121.82171, 25.13052], [121.81826, 25.12859], [121.8199, 25.12905], [121.81855, 25.12686], [121.82168, 25.1211], [121.82539, 25.12109], [121.82568, 25.12256], [121.82818, 25.12168], [121.82639, 25.12416], [121.82772, 25.12522], [121.82812, 25.1227], [121.8299, 25.12481], [121.82888, 25.12767], [121.83354, 25.12662], [121.83414, 25.12846], [121.84178, 25.12887], [121.85788, 25.12436], [121.86039, 25.12428], [121.86241, 25.12635], [121.86293, 25.1235], [121.86629, 25.12212], [121.86833, 25.1224], [121.86955, 25.12524], [121.87148, 25.12379], [121.87433, 25.12552], [121.87692, 25.12302], [121.88453, 25.12396], [121.88632, 25.12248], [121.888, 25.12325], [121.88697, 25.12147], [121.88869, 25.12101], [121.88836, 25.12256], [121.88979, 25.11985], [121.89596, 25.12101], [121.89839, 25.11947], [121.90465, 25.12363], [121.90738, 25.12161], [121.9136, 25.12492], [121.91628, 25.12247], [121.91483, 25.12509], [121.91584, 25.1268], [121.92393, 25.12987], [121.92512, 25.12806], [121.9234, 25.1234], [121.92139, 25.12258], [121.91869, 25.11764], [121.91268, 25.11364], [121.91609, 25.11174], [121.92201, 25.11349], [121.92414, 25.10369], [121.91978, 25.10281], [121.91787, 25.09928], [121.91894, 25.09825], [121.91726, 25.09756], [121.91776, 25.09615], [121.919, 25.09682], [121.91836, 25.09441], [121.91463, 25.09044], [121.91502, 25.08882], [121.91299, 25.08836], [121.91423, 25.08809], [121.91416, 25.08309], [121.9162, 25.08155], [121.91563, 25.07588], [121.91922, 25.07582], [121.92234, 25.07164], [121.92446, 25.07113], [121.92393, 25.06892], [121.92567, 25.06669], [121.93169, 25.06322], [121.93135, 25.06012], [121.92779, 25.05862], [121.92601, 25.05939], [121.92684, 25.05799], [121.92548, 25.05785], [121.92967, 25.05666], [121.92963, 25.05825], [121.93134, 25.05624], [121.92874, 25.05093], [121.92954, 25.04932], [121.92836, 25.04967], [121.92775, 25.04611], [121.92899, 25.04442], [121.9275, 25.0402], [121.93215, 25.03268], [121.94734, 25.01991], [121.9524, 25.02152], [121.94996, 25.02239], [121.96228, 25.02182], [121.97126, 25.02575], [121.97661, 25.02617], [121.98975, 25.02109], [121.98944, 25.01374], [121.99061, 25.0121], [121.99778, 25.02015], [122.00192, 25.01388], [122.00551, 25.01477], [122.00674, 25.00854], [122.00486, 25.00849], [122.00469, 25.00278], [121.99596, 25.00179], [121.99537, 24.99981], [121.99372, 25.00021], [121.98669, 24.99591], [121.98396, 24.99131], [121.97742, 24.99184], [121.97562, 24.98742], [121.97201, 24.98458], [121.96844, 24.9854], [121.96679, 24.98246], [121.96106, 24.9883], [121.95811, 24.98731], [121.95052, 24.98835], [121.94759, 24.98666], [121.94459, 24.98817], [121.94044, 24.98445], [121.93461, 24.98325], [121.93352, 24.98091], [121.92261, 24.97857], [121.91484, 24.97934], [121.91099, 24.97697], [121.91026, 24.97476], [121.90813, 24.97586], [121.90541, 24.97343], [121.90284, 24.9744], [121.89711, 24.96699], [121.88955, 24.96475], [121.88852, 24.96317], [121.8827, 24.96421], [121.87151, 24.96071], [121.86102, 24.96366], [121.85438, 24.96159], [121.85263, 24.95962], [121.85031, 24.96116], [121.84692, 24.9603], [121.84146, 24.95441], [121.84175, 24.95122], [121.83903, 24.94469], [121.84237, 24.93943], [121.84671, 24.93773], [121.84913, 24.93033], [121.85384, 24.9279], [121.85363, 24.92516], [121.84567, 24.91938], [121.84372, 24.91566], [121.83172, 24.90488], [121.82554, 24.90527], [121.81831, 24.90272], [121.81162, 24.90652], [121.81048, 24.90365], [121.80472, 24.90122], [121.79715, 24.9016], [121.79344, 24.89973]], [[121.52738, 24.987], [121.53527, 24.99512], [121.53706, 24.99226], [121.53687, 24.98869], [121.54417, 24.9882], [121.54497, 24.9837], [121.54899, 24.98374], [121.55083, 24.98722], [121.5526, 24.98671], [121.55393, 24.98484], [121.55369, 24.9774], [121.56124, 24.96468], [121.57265, 24.96399], [121.57457, 24.96685], [121.5786, 24.96661], [121.58576, 24.9632], [121.59109, 24.96463], [121.59706, 24.96051], [121.60145, 24.96094], [121.61367, 24.96643], [121.61963, 24.96717], [121.62, 24.96936], [121.61419, 24.97358], [121.60522, 24.97439], [121.59951, 24.97813], [121.60064, 24.98028], [121.59983, 24.98633], [121.6018, 24.98788], [121.60195, 24.99032], [121.59906, 24.99166], [121.59814, 24.99447], [121.60047, 25.00104], [121.59589, 25.0046], [121.59739, 25.01466], [121.60254, 25.01505], [121.60408, 25.01905], [121.60819, 25.01944], [121.6092, 25.02094], [121.62327, 25.01726], [121.62886, 25.01987], [121.63242, 25.02561], [121.63566, 25.02322], [121.64298, 25.02458], [121.64632, 25.0217], [121.65382, 25.02444], [121.66325, 25.02294], [121.66537, 25.02596], [121.6659, 25.02993], [121.66128, 25.0305], [121.65511, 25.02747], [121.64662, 25.02804], [121.63354, 25.03572], [121.63019, 25.03511], [121.6296, 25.03668], [121.62475, 25.03778], [121.6191, 25.04346], [121.61631, 25.05063], [121.62084, 25.05342], [121.62051, 25.05665], [121.62424, 25.05575], [121.62053, 25.06159], [121.61614, 25.06392], [121.61676, 25.06586], [121.61789, 25.06511], [121.61761, 25.0676], [121.62147, 25.06956], [121.62061, 25.07339], [121.62195, 25.07472], [121.62363, 25.07402], [121.62423, 25.08038], [121.62795, 25.08323], [121.62822, 25.08798], [121.62504, 25.09373], [121.62623, 25.09604], [121.6221, 25.09734], [121.61525, 25.10395], [121.5975, 25.10951], [121.59561, 25.11413], [121.60073, 25.1218], [121.6017, 25.12598], [121.60421, 25.12577], [121.60784, 25.1302], [121.60461, 25.13084], [121.60568, 25.13675], [121.60409, 25.13619], [121.59841, 25.14029], [121.59358, 25.15029], [121.58936, 25.15242], [121.59184, 25.1559], [121.58986, 25.16373], [121.58791, 25.16296], [121.57704, 25.16699], [121.57736, 25.17013], [121.58349, 25.17687], [121.58088, 25.18188], [121.58402, 25.18894], [121.58271, 25.19308], [121.58374, 25.19458], [121.57172, 25.1954], [121.5701, 25.19815], [121.56484, 25.20102], [121.56269, 25.20942], [121.55984, 25.21017], [121.55497, 25.2084], [121.55162, 25.20317], [121.55246, 25.19864], [121.54476, 25.19563], [121.5411, 25.18739], [121.53584, 25.18668], [121.53341, 25.18362], [121.52605, 25.183], [121.52171, 25.17913], [121.52253, 25.17461], [121.5199, 25.16925], [121.5137, 25.17098], [121.5104, 25.16945], [121.50257, 25.17325], [121.49882, 25.16505], [121.49246, 25.16048], [121.48744, 25.15141], [121.48291, 25.15024], [121.4657, 25.13169], [121.46482, 25.12425], [121.45878, 25.12296], [121.46092, 25.11618], [121.45707, 25.10886], [121.46014, 25.10479], [121.46636, 25.10166], [121.48107, 25.10087], [121.48873, 25.09715], [121.49982, 25.08715], [121.50607, 25.07472], [121.50683, 25.06464], [121.50322, 25.04833], [121.49007, 25.0394], [121.48629, 25.03274], [121.48597, 25.02937], [121.48873, 25.02318], [121.48853, 25.0147], [121.4927, 25.00948], [121.4953, 25.00932], [121.50022, 25.01192], [121.50937, 25.02144], [121.51978, 25.01922], [121.52591, 25.01168], [121.53104, 25.00955], [121.53249, 25.00702], [121.53242, 25.00082], [121.52774, 24.99114], [121.52738, 24.987]]]]}}, {"type": "Feature", "properties": {"COUNTYNAME": "花蓮縣", "name": "花蓮縣", "COUNTYSN": "10015001"}, "geometry": {"type": "MultiPolygon", "coordinates": [[[[121.50648, 23.50753], [121.50656, 23.50751], [121.50663, 23.50747], [121.50668, 23.5074], [121.5067, 23.50733], [121.50672, 23.50729], [121.5067, 23.50727], [121.50665, 23.50725], [121.50662, 23.50724], [121.5066, 23.50722], [121.50659, 23.50719], [121.50657, 23.50717], [121.50653, 23.50717], [121.50646, 23.50715], [121.5064, 23.50715], [121.50633, 23.50717], [121.50627, 23.50721], [121.50623, 23.50727], [121.50622, 23.50731], [121.50623, 23.50736], [121.50625, 23.50739], [121.50631, 23.5074], [121.50635, 23.5074], [121.50638, 23.50747], [121.50642, 23.50751], [121.50648, 23.50753]]], [[[121.51416, 23.4931], [121.5142, 23.49305], [121.51421, 23.49301], [121.51419, 23.49295], [121.51396, 23.4926], [121.51391, 23.49257], [121.51382, 23.49254], [121.51369, 23.49251], [121.51361, 23.49249], [121.51356, 23.49248], [121.51352, 23.49246], [121.51329, 23.49233], [121.51311, 23.4923], [121.51301, 23.49229], [121.51297, 23.49227], [121.51295, 23.49226], [121.51293, 23.49223], [121.51293, 23.49219], [121.51295, 23.49215], [121.51305, 23.49207], [121.51312, 23.49203], [121.51325, 23.49199], [121.51336, 23.49197], [121.5134, 23.49197], [121.51341, 23.49195], [121.51342, 23.49192], [121.51341, 23.4919], [121.51337, 23.49187], [121.51332, 23.49186], [121.51297, 23.49175], [121.51278, 23.49172], [121.51267, 23.49168], [121.51252, 23.4916], [121.51236, 23.49154], [121.5122, 23.49149], [121.51205, 23.49143], [121.51201, 23.49143], [121.51197, 23.49143], [121.51192, 23.49146], [121.51188, 23.49153], [121.51184, 23.49161], [121.51182, 23.4917], [121.51181, 23.49182], [121.51179, 23.49196], [121.51179, 23.49207], [121.51184, 23.49215], [121.51188, 23.4922], [121.51208, 23.49229], [121.51219, 23.4923], [121.51224, 23.49229], [121.51228, 23.49228], [121.51239, 23.49217], [121.51245, 23.49215], [121.51249, 23.49216], [121.51252, 23.49218], [121.51256, 23.49225], [121.51261, 23.49233], [121.51266, 23.49238], [121.51273, 23.49241], [121.51295, 23.49244], [121.51302, 23.49245], [121.51309, 23.49248], [121.51325, 23.49257], [121.51337, 23.49267], [121.5135, 23.49274], [121.51384, 23.49303], [121.51394, 23.49309], [121.51402, 23.49312], [121.5141, 23.49312], [121.51416, 23.4931]]], [[[121.50969, 23.49213], [121.50964, 23.49205], [121.50954, 23.49197], [121.50947, 23.49193], [121.50944, 23.49191], [121.50934, 23.49178], [121.5092, 23.49167], [121.50916, 23.49164], [121.50912, 23.49164], [121.50909, 23.49165], [121.50908, 23.49167], [121.50902, 23.49182], [121.50903, 23.49185], [121.50904, 23.49188], [121.50907, 23.49191], [121.50927, 23.49208], [121.50949, 23.49216], [121.50952, 23.49216], [121.50968, 23.49216], [121.50969, 23.49215], [121.50969, 23.49213]]], [[[121.51434, 23.48127], [121.51428, 23.48128], [121.51426, 23.48144], [121.51469, 23.48246], [121.51477, 23.48251], [121.51512, 23.48285], [121.516, 23.48318], [121.51609, 23.48326], [121.51627, 23.48329], [121.51658, 23.48335], [121.51648, 23.48285], [121.51636, 23.48256], [121.51622, 23.48261], [121.51604, 23.48223], [121.51584, 23.48218], [121.51568, 23.48185], [121.51517, 23.48172], [121.51509, 23.4817], [121.51508, 23.48208], [121.515, 23.48233], [121.51491, 23.48214], [121.51461, 23.48194], [121.51434, 23.48127]]], [[[121.37722, 23.28353], [121.37874, 23.27459], [121.3779, 23.2696], [121.37238, 23.26783], [121.37076, 23.26244], [121.36356, 23.25759], [121.35937, 23.2526], [121.35898, 23.24957], [121.36154, 23.24693], [121.36086, 23.24422], [121.3526, 23.23132], [121.35433, 23.22559], [121.35717, 23.22373], [121.3499, 23.21782], [121.34645, 23.21702], [121.34692, 23.20926], [121.34423, 23.2056], [121.34216, 23.19581], [121.33825, 23.19064], [121.33498, 23.17797], [121.32969, 23.18037], [121.32329, 23.17872], [121.32394, 23.17488], [121.32222, 23.17325], [121.32189, 23.16946], [121.31855, 23.16814], [121.31732, 23.16504], [121.3214, 23.15906], [121.32211, 23.15521], [121.32719, 23.1522], [121.32438, 23.14893], [121.32379, 23.14324], [121.32035, 23.13777], [121.32293, 23.12388], [121.32188, 23.11699], [121.31581, 23.10972], [121.30502, 23.11127], [121.29999, 23.10927], [121.29151, 23.10937], [121.28444, 23.10652], [121.28314, 23.10387], [121.28087, 23.10403], [121.27845, 23.1009], [121.27251, 23.09779], [121.27076, 23.10116], [121.26431, 23.10392], [121.26738, 23.10937], [121.26729, 23.11397], [121.26453, 23.11509], [121.26427, 23.11764], [121.25957, 23.121], [121.25768, 23.12607], [121.24922, 23.13152], [121.24527, 23.12842], [121.23851, 23.12872], [121.23086, 23.13928], [121.21195, 23.14422], [121.21063, 23.14799], [121.21252, 23.15481], [121.1992, 23.17518], [121.1982, 23.18845], [121.19431, 23.19258], [121.1894, 23.20378], [121.1844, 23.20485], [121.17545, 23.21009], [121.16991, 23.20705], [121.16098, 23.206], [121.15455, 23.19908], [121.14674, 23.19916], [121.13934, 23.20193], [121.138, 23.20832], [121.13454, 23.21116], [121.12928, 23.22333], [121.12345, 23.22505], [121.10654, 23.22387], [121.10359, 23.227], [121.09645, 23.22964], [121.09291, 23.23377], [121.07833, 23.23343], [121.07845, 23.23756], [121.0711, 23.24666], [121.06925, 23.25513], [121.0657, 23.25783], [121.06243, 23.2659], [121.06294, 23.26886], [121.06076, 23.27306], [121.06208, 23.27943], [121.05621, 23.29041], [121.04296, 23.29633], [121.0389, 23.30063], [121.02835, 23.29714], [121.03212, 23.30372], [121.03637, 23.30375], [121.04607, 23.30842], [121.04804, 23.31375], [121.04714, 23.31995], [121.04879, 23.32531], [121.03965, 23.32897], [121.03668, 23.33329], [121.0325, 23.33402], [121.03095, 23.33697], [121.02683, 23.33771], [121.02004, 23.35045], [121.01825, 23.35024], [121.01544, 23.34648], [121.01029, 23.34584], [121.0078, 23.34848], [121.00755, 23.35206], [121.00088, 23.35616], [120.98712, 23.35871], [120.9868, 23.36603], [120.98801, 23.37058], [120.99149, 23.37172], [120.99991, 23.38225], [121.00772, 23.38478], [121.00735, 23.38703], [121.00113, 23.39166], [121.00343, 23.39501], [121.00768, 23.39664], [121.01076, 23.39515], [121.01572, 23.39729], [121.01914, 23.4014], [121.02173, 23.39991], [121.02831, 23.40367], [121.02665, 23.40584], [121.02707, 23.41275], [121.02488, 23.41462], [121.02774, 23.4162], [121.02942, 23.42233], [121.02256, 23.42477], [121.02103, 23.42927], [121.01411, 23.43077], [121.0129, 23.433], [121.0221, 23.4389], [121.02641, 23.43895], [121.0349, 23.44592], [121.04666, 23.45082], [121.05175, 23.45083], [121.05446, 23.45738], [121.05821, 23.46005], [121.05895, 23.46193], [121.05131, 23.46425], [121.04942, 23.46806], [121.03912, 23.4742], [121.04843, 23.48243], [121.04992, 23.48647], [121.05349, 23.48773], [121.0527, 23.49366], [121.05408, 23.49566], [121.06227, 23.49969], [121.06316, 23.50411], [121.06617, 23.5062], [121.06881, 23.51489], [121.06845, 23.51842], [121.08803, 23.51403], [121.0919, 23.51454], [121.09739, 23.52169], [121.10117, 23.52119], [121.10367, 23.51891], [121.11059, 23.51903], [121.11764, 23.52165], [121.1263, 23.51706], [121.12883, 23.51847], [121.13244, 23.51498], [121.13529, 23.51499], [121.13872, 23.521], [121.14468, 23.52582], [121.15111, 23.52704], [121.14692, 23.53401], [121.15116, 23.5447], [121.14617, 23.55453], [121.15179, 23.56046], [121.15707, 23.5595], [121.15803, 23.56404], [121.16045, 23.56647], [121.16041, 23.56974], [121.15213, 23.57312], [121.1534, 23.58681], [121.15817, 23.58574], [121.16676, 23.58713], [121.16979, 23.58635], [121.17128, 23.58416], [121.17817, 23.58263], [121.17963, 23.58991], [121.18336, 23.5931], [121.18926, 23.59473], [121.19414, 23.60056], [121.20001, 23.59645], [121.20646, 23.59579], [121.20816, 23.59826], [121.21358, 23.60062], [121.21735, 23.61472], [121.22371, 23.62328], [121.22501, 23.62893], [121.22403, 23.63869], [121.23011, 23.64783], [121.2319, 23.65786], [121.23585, 23.66266], [121.23584, 23.67113], [121.23241, 23.67702], [121.23939, 23.68682], [121.23932, 23.69453], [121.24129, 23.69843], [121.23934, 23.69978], [121.24119, 23.70874], [121.23925, 23.71088], [121.2395, 23.71634], [121.23776, 23.72004], [121.23946, 23.72412], [121.2359, 23.72448], [121.23312, 23.73006], [121.22963, 23.73006], [121.2288, 23.74444], [121.23, 23.74712], [121.23332, 23.74821], [121.23253, 23.75057], [121.22156, 23.75269], [121.21865, 23.75637], [121.21334, 23.7575], [121.21119, 23.76096], [121.20648, 23.76264], [121.2087, 23.76583], [121.20463, 23.77235], [121.20713, 23.77523], [121.21235, 23.77579], [121.21969, 23.78184], [121.22628, 23.78368], [121.23047, 23.78807], [121.23048, 23.79006], [121.22659, 23.79238], [121.22603, 23.80224], [121.22787, 23.80522], [121.22748, 23.80845], [121.23452, 23.81208], [121.23479, 23.81798], [121.23913, 23.82184], [121.23667, 23.82517], [121.23937, 23.84032], [121.24349, 23.84506], [121.24442, 23.84878], [121.24888, 23.85213], [121.24999, 23.85987], [121.25292, 23.86287], [121.25309, 23.86799], [121.2571, 23.86964], [121.25816, 23.87253], [121.26527, 23.87292], [121.26316, 23.8807], [121.26847, 23.88384], [121.26552, 23.89116], [121.26521, 23.89688], [121.26657, 23.89839], [121.26246, 23.89912], [121.26113, 23.90266], [121.26634, 23.90731], [121.27451, 23.90731], [121.27606, 23.90969], [121.27506, 23.91834], [121.27646, 23.92346], [121.27341, 23.92833], [121.2749, 23.93149], [121.27205, 23.93827], [121.27432, 23.94565], [121.27174, 23.94843], [121.27466, 23.95139], [121.27523, 23.9604], [121.27788, 23.96584], [121.27574, 23.96802], [121.27351, 23.97525], [121.2641, 23.97617], [121.26142, 23.98184], [121.26021, 23.99249], [121.27007, 24.00676], [121.27036, 24.01004], [121.27633, 24.02018], [121.2767, 24.02474], [121.2857, 24.03972], [121.28497, 24.04855], [121.28259, 24.05137], [121.28332, 24.05446], [121.29563, 24.06384], [121.29948, 24.06183], [121.30817, 24.07328], [121.32316, 24.08492], [121.31893, 24.09491], [121.32575, 24.10265], [121.32824, 24.11213], [121.3284, 24.1146], [121.32503, 24.11604], [121.31561, 24.11659], [121.30388, 24.12426], [121.29539, 24.13261], [121.28135, 24.13563], [121.28468, 24.15218], [121.28095, 24.15455], [121.28035, 24.15778], [121.28838, 24.15809], [121.28784, 24.1722], [121.28617, 24.17732], [121.29311, 24.17725], [121.29874, 24.1801], [121.30736, 24.18047], [121.31596, 24.18539], [121.3252, 24.19593], [121.33548, 24.1996], [121.34916, 24.20031], [121.34807, 24.20785], [121.34913, 24.21089], [121.34269, 24.22408], [121.35191, 24.235], [121.35216, 24.24428], [121.3606, 24.2446], [121.36663, 24.25269], [121.37245, 24.25465], [121.37801, 24.25335], [121.38463, 24.25552], [121.38523, 24.26456], [121.38272, 24.26873], [121.38005, 24.2803], [121.38642, 24.28495], [121.39021, 24.29026], [121.39587, 24.28916], [121.40279, 24.29741], [121.40448, 24.30878], [121.4111, 24.30793], [121.41615, 24.30979], [121.42146, 24.30824], [121.42752, 24.3177], [121.43374, 24.32229], [121.43176, 24.33125], [121.43354, 24.33903], [121.43692, 24.34291], [121.43473, 24.34815], [121.4407, 24.35933], [121.44628, 24.3602], [121.44761, 24.36337], [121.451, 24.3654], [121.46545, 24.35531], [121.47521, 24.35129], [121.47877, 24.35193], [121.48154, 24.34886], [121.48573, 24.34856], [121.49226, 24.34206], [121.49816, 24.33925], [121.50431, 24.34296], [121.50753, 24.3433], [121.5096, 24.34121], [121.51353, 24.34081], [121.52241, 24.343], [121.53314, 24.33706], [121.54005, 24.33588], [121.54523, 24.33771], [121.55602, 24.33121], [121.55982, 24.32289], [121.56345, 24.3222], [121.56651, 24.31919], [121.57053, 24.31796], [121.57637, 24.31956], [121.58761, 24.31602], [121.58944, 24.31379], [121.59348, 24.31632], [121.59704, 24.31631], [121.60141, 24.31454], [121.60576, 24.30945], [121.60698, 24.31264], [121.60529, 24.31716], [121.60113, 24.32059], [121.60134, 24.32327], [121.59657, 24.32814], [121.59571, 24.33159], [121.59907, 24.33361], [121.60422, 24.32903], [121.60648, 24.33013], [121.60782, 24.33543], [121.61194, 24.33593], [121.61519, 24.33332], [121.61751, 24.33361], [121.61865, 24.33564], [121.61613, 24.33815], [121.61882, 24.34541], [121.62042, 24.34515], [121.62277, 24.33946], [121.62745, 24.34108], [121.62661, 24.33585], [121.62861, 24.3337], [121.63271, 24.33469], [121.6313, 24.34399], [121.63517, 24.34474], [121.63546, 24.34758], [121.63325, 24.34915], [121.63041, 24.34824], [121.62684, 24.34954], [121.62678, 24.3543], [121.62128, 24.35791], [121.6236, 24.36224], [121.62038, 24.36322], [121.62181, 24.36669], [121.63113, 24.37052], [121.63063, 24.36638], [121.6348, 24.36651], [121.63492, 24.36381], [121.6381, 24.36255], [121.64042, 24.35718], [121.64861, 24.34959], [121.65073, 24.3508], [121.64785, 24.3578], [121.65062, 24.35983], [121.65369, 24.35597], [121.65347, 24.35221], [121.65663, 24.3532], [121.66007, 24.3512], [121.66148, 24.35311], [121.66326, 24.35283], [121.66391, 24.34922], [121.66893, 24.34321], [121.67396, 24.34336], [121.67484, 24.33775], [121.68543, 24.34074], [121.68859, 24.33359], [121.69523, 24.33483], [121.71356, 24.32687], [121.72785, 24.32594], [121.73498, 24.3231], [121.74458, 24.32288], [121.75959, 24.31406], [121.77037, 24.3131], [121.77355, 24.31452], [121.77325, 24.31114], [121.76984, 24.30372], [121.75004, 24.2835], [121.74709, 24.27698], [121.74308, 24.25964], [121.7283, 24.24576], [121.71678, 24.24268], [121.70576, 24.22571], [121.68619, 24.21304], [121.67463, 24.2082], [121.66927, 24.20036], [121.66473, 24.19682], [121.65985, 24.18425], [121.65852, 24.17195], [121.65961, 24.1648], [121.66651, 24.14849], [121.66379, 24.13762], [121.65759, 24.13835], [121.66313, 24.13469], [121.65312, 24.12042], [121.62821, 24.1028], [121.6182, 24.08578], [121.6156, 24.06862], [121.61958, 24.05088], [121.63113, 24.02932], [121.64361, 24.01873], [121.64719, 24.00843], [121.64261, 23.99933], [121.64026, 23.99753], [121.63448, 23.98444], [121.63463, 23.97969], [121.62801, 23.96944], [121.63422, 23.97972], [121.63408, 23.98432], [121.63821, 23.99435], [121.63767, 23.99767], [121.63909, 23.99686], [121.64007, 23.99868], [121.63833, 23.99869], [121.64106, 24.00024], [121.63883, 23.99992], [121.63808, 24.00531], [121.63773, 24.00091], [121.6361, 24.00251], [121.63542, 24.00167], [121.63655, 23.99343], [121.63449, 23.98878], [121.6293, 23.98363], [121.62793, 23.98437], [121.62193, 23.98038], [121.62376, 23.97864], [121.6224, 23.97684], [121.62561, 23.97341], [121.61974, 23.9785], [121.60839, 23.96266], [121.60624, 23.95728], [121.60619, 23.95087], [121.6092, 23.94496], [121.61132, 23.93345], [121.60532, 23.91584], [121.60442, 23.89351], [121.59802, 23.86053], [121.58747, 23.82834], [121.58588, 23.82983], [121.58483, 23.8288], [121.58333, 23.82098], [121.57609, 23.81096], [121.57303, 23.80289], [121.57016, 23.7808], [121.57024, 23.76593], [121.57289, 23.7601], [121.56002, 23.7294], [121.55653, 23.7248], [121.55278, 23.7241], [121.54917, 23.71561], [121.54924, 23.70305], [121.55093, 23.69933], [121.55345, 23.69926], [121.5482, 23.68768], [121.54586, 23.67693], [121.54643, 23.67323], [121.54361, 23.66868], [121.54454, 23.66582], [121.54114, 23.66041], [121.54292, 23.65451], [121.53583, 23.64906], [121.53093, 23.63029], [121.52962, 23.59694], [121.52584, 23.58208], [121.52608, 23.57778], [121.5223, 23.57211], [121.52173, 23.56799], [121.51808, 23.56483], [121.51115, 23.55316], [121.50636, 23.53501], [121.50783, 23.53186], [121.50459, 23.52933], [121.50446, 23.52399], [121.5025, 23.51972], [121.50468, 23.51262], [121.50356, 23.50821], [121.50524, 23.49713], [121.50729, 23.49588], [121.5053, 23.49656], [121.50492, 23.49425], [121.5065, 23.49159], [121.50674, 23.49516], [121.50805, 23.49135], [121.51145, 23.49269], [121.51181, 23.49102], [121.51327, 23.49147], [121.51305, 23.48903], [121.51453, 23.48855], [121.51217, 23.4849], [121.51406, 23.48511], [121.51234, 23.48421], [121.51369, 23.48331], [121.50875, 23.4791], [121.50754, 23.47199], [121.50491, 23.47098], [121.50223, 23.46532], [121.49758, 23.44969], [121.49582, 23.43468], [121.49067, 23.43517], [121.48258, 23.43012], [121.47974, 23.43126], [121.47329, 23.44057], [121.4633, 23.43875], [121.46153, 23.44155], [121.45395, 23.44115], [121.44694, 23.44374], [121.44013, 23.4332], [121.43326, 23.43278], [121.42024, 23.42062], [121.42003, 23.41698], [121.41251, 23.40238], [121.40002, 23.38537], [121.40348, 23.37619], [121.40428, 23.36733], [121.4074, 23.3646], [121.41001, 23.36492], [121.41775, 23.36063], [121.42269, 23.36006], [121.4222, 23.35523], [121.41641, 23.34919], [121.40975, 23.34587], [121.4021, 23.33395], [121.39952, 23.32684], [121.39991, 23.3232], [121.3902, 23.32059], [121.38788, 23.31067], [121.38361, 23.30795], [121.37784, 23.30089], [121.37643, 23.29558], [121.37722, 23.28353]]]]}}, {"type": "Feature", "properties": {"COUNTYNAME": "高雄市", "name": "高雄市", "COUNTYSN": "10012001"}, "geometry": {"type": "Polygon", "coordinates": [[[120.45431, 22.77177], [120.45374, 22.75585], [120.45577, 22.71856], [120.44873, 22.69089], [120.44259, 22.68445], [120.43959, 22.67835], [120.44002, 22.67321], [120.43608, 22.66142], [120.43593, 22.63128], [120.43348, 22.62325], [120.43407, 22.61544], [120.43666, 22.60884], [120.44594, 22.59822], [120.44704, 22.58651], [120.44438, 22.56989], [120.4366, 22.54757], [120.43087, 22.54393], [120.42285, 22.51842], [120.42575, 22.49815], [120.42406, 22.47703], [120.41735, 22.47721], [120.41307, 22.47559], [120.4014, 22.47939], [120.39966, 22.47709], [120.40067, 22.47996], [120.39876, 22.48067], [120.39852, 22.47863], [120.39766, 22.48087], [120.39672, 22.47755], [120.39666, 22.48196], [120.3802, 22.49331], [120.38233, 22.49807], [120.38005, 22.49372], [120.3783, 22.49439], [120.36917, 22.50084], [120.36887, 22.5026], [120.368, 22.50174], [120.36027, 22.50771], [120.35871, 22.50688], [120.35412, 22.51304], [120.34495, 22.52006], [120.34287, 22.52073], [120.33958, 22.51789], [120.33465, 22.52202], [120.33806, 22.52523], [120.33496, 22.52953], [120.32959, 22.52627], [120.3255, 22.52927], [120.32985, 22.53295], [120.33333, 22.53276], [120.33017, 22.53425], [120.32505, 22.52975], [120.33174, 22.53512], [120.32822, 22.53507], [120.31461, 22.54722], [120.30683, 22.54514], [120.29857, 22.54743], [120.30265, 22.54579], [120.30964, 22.54574], [120.31453, 22.5476], [120.30869, 22.548], [120.31479, 22.54772], [120.31685, 22.55136], [120.30822, 22.55816], [120.30067, 22.55104], [120.307, 22.55736], [120.30396, 22.56103], [120.30341, 22.56447], [120.28509, 22.58469], [120.26843, 22.60769], [120.2648, 22.61127], [120.2632, 22.61034], [120.26226, 22.61399], [120.25516, 22.61892], [120.25478, 22.62023], [120.2633, 22.624], [120.26347, 22.62628], [120.25149, 22.64528], [120.24991, 22.65084], [120.25032, 22.65665], [120.25299, 22.66494], [120.26328, 22.67325], [120.26433, 22.67778], [120.26349, 22.68892], [120.25451, 22.69136], [120.25348, 22.6944], [120.25463, 22.69158], [120.26179, 22.68953], [120.26035, 22.69223], [120.26462, 22.69011], [120.26738, 22.68092], [120.27008, 22.68003], [120.27454, 22.68383], [120.2712, 22.68792], [120.27378, 22.69064], [120.27346, 22.6947], [120.27137, 22.69491], [120.27124, 22.7009], [120.27454, 22.70087], [120.27471, 22.7068], [120.26834, 22.7093], [120.26464, 22.70856], [120.26686, 22.70697], [120.26285, 22.7003], [120.26336, 22.69697], [120.26028, 22.69498], [120.25643, 22.69584], [120.26112, 22.69634], [120.2621, 22.6981], [120.25684, 22.7125], [120.25924, 22.71422], [120.25579, 22.71417], [120.2563, 22.71721], [120.25329, 22.72363], [120.24983, 22.72417], [120.25304, 22.7243], [120.25247, 22.72561], [120.25095, 22.72475], [120.25205, 22.72561], [120.25072, 22.72703], [120.24932, 22.72568], [120.25029, 22.72788], [120.24113, 22.74792], [120.23439, 22.76015], [120.23125, 22.76072], [120.23497, 22.76035], [120.23386, 22.76288], [120.23094, 22.7619], [120.2324, 22.76247], [120.23259, 22.76549], [120.21401, 22.80534], [120.21224, 22.8076], [120.1979, 22.80524], [120.19332, 22.80745], [120.19017, 22.81357], [120.1905, 22.81538], [120.19354, 22.80757], [120.19798, 22.80546], [120.20353, 22.80639], [120.19846, 22.80643], [120.1973, 22.80924], [120.19873, 22.8065], [120.20352, 22.8069], [120.20259, 22.81265], [120.20773, 22.8138], [120.20875, 22.8191], [120.20741, 22.82116], [120.20594, 22.82021], [120.20724, 22.82282], [120.19817, 22.84354], [120.20016, 22.84431], [120.1898, 22.84173], [120.19809, 22.84459], [120.19423, 22.84741], [120.19669, 22.84502], [120.1985, 22.84605], [120.19623, 22.85031], [120.19292, 22.8484], [120.19533, 22.85011], [120.19532, 22.85392], [120.19409, 22.85682], [120.19111, 22.85541], [120.19416, 22.85702], [120.19316, 22.85862], [120.19418, 22.85904], [120.18969, 22.86068], [120.19342, 22.86021], [120.19344, 22.86172], [120.19191, 22.86147], [120.19497, 22.86232], [120.19143, 22.86207], [120.19284, 22.86384], [120.19018, 22.86382], [120.19286, 22.8647], [120.19161, 22.86976], [120.17939, 22.89799], [120.17504, 22.91175], [120.18645, 22.91956], [120.19205, 22.9212], [120.20275, 22.91528], [120.20807, 22.91524], [120.21265, 22.91137], [120.21764, 22.90966], [120.22084, 22.90986], [120.22637, 22.91603], [120.22952, 22.91691], [120.23171, 22.91539], [120.2328, 22.90563], [120.24288, 22.9035], [120.24753, 22.89825], [120.25399, 22.89431], [120.25875, 22.89527], [120.25685, 22.89943], [120.25893, 22.90187], [120.27314, 22.89538], [120.2795, 22.89629], [120.27794, 22.90433], [120.28446, 22.90474], [120.3017, 22.90059], [120.31429, 22.89975], [120.3197, 22.89494], [120.32491, 22.90043], [120.3322, 22.88935], [120.34912, 22.89056], [120.35179, 22.88748], [120.3518, 22.88914], [120.35516, 22.89041], [120.35335, 22.89244], [120.35546, 22.89197], [120.35534, 22.89393], [120.35691, 22.89293], [120.35794, 22.89582], [120.36107, 22.89781], [120.36162, 22.90053], [120.35977, 22.89976], [120.35946, 22.90139], [120.3659, 22.9022], [120.36613, 22.90494], [120.36813, 22.90388], [120.37068, 22.90707], [120.37249, 22.90665], [120.37313, 22.90935], [120.37117, 22.91226], [120.37654, 22.91439], [120.37724, 22.91794], [120.38025, 22.91851], [120.38159, 22.92114], [120.3868, 22.91827], [120.39225, 22.9223], [120.39858, 22.92244], [120.40118, 22.91846], [120.40543, 22.91811], [120.4087, 22.91234], [120.41607, 22.91602], [120.42494, 22.93321], [120.42588, 22.93895], [120.42856, 22.94063], [120.433, 22.95604], [120.4373, 22.96231], [120.44263, 22.97735], [120.44491, 22.97953], [120.44958, 22.97722], [120.45161, 22.97861], [120.45294, 22.97771], [120.45473, 22.98084], [120.4532, 22.98479], [120.45471, 22.99063], [120.46113, 22.99077], [120.4591, 22.99567], [120.46149, 22.99809], [120.45952, 23.001], [120.46034, 23.00339], [120.47989, 23.00268], [120.48099, 23.01154], [120.48404, 23.01703], [120.50374, 23.02865], [120.51984, 23.04514], [120.52267, 23.04606], [120.52299, 23.04953], [120.52999, 23.05575], [120.55455, 23.06891], [120.55914, 23.07354], [120.55879, 23.07555], [120.56698, 23.08192], [120.57446, 23.09083], [120.57414, 23.09486], [120.58813, 23.11418], [120.58846, 23.12344], [120.59475, 23.13174], [120.60106, 23.14412], [120.61178, 23.15162], [120.61115, 23.15595], [120.61657, 23.16313], [120.62136, 23.163], [120.62523, 23.16775], [120.63068, 23.17008], [120.62927, 23.17434], [120.63605, 23.17502], [120.63729, 23.18044], [120.64109, 23.18295], [120.63814, 23.18621], [120.63695, 23.19132], [120.63903, 23.19271], [120.64352, 23.20361], [120.64829, 23.20854], [120.65144, 23.20845], [120.65625, 23.21785], [120.65519, 23.22345], [120.64955, 23.22834], [120.6513, 23.23578], [120.64788, 23.24463], [120.64922, 23.2468], [120.64854, 23.24912], [120.64217, 23.25667], [120.64073, 23.26635], [120.63826, 23.2693], [120.64117, 23.27113], [120.6406, 23.27406], [120.64316, 23.27604], [120.6419, 23.27848], [120.64405, 23.2822], [120.64186, 23.28756], [120.6437, 23.28939], [120.64202, 23.29273], [120.64366, 23.29602], [120.64711, 23.29737], [120.65197, 23.29116], [120.65511, 23.29175], [120.65842, 23.29593], [120.66263, 23.29352], [120.66704, 23.2941], [120.67135, 23.28996], [120.675, 23.29071], [120.67727, 23.28785], [120.6789, 23.28881], [120.69366, 23.28448], [120.6996, 23.28446], [120.7035, 23.28917], [120.70293, 23.29776], [120.70674, 23.30464], [120.71233, 23.3087], [120.72084, 23.30832], [120.73058, 23.3056], [120.73014, 23.31067], [120.73224, 23.31373], [120.73951, 23.31689], [120.7409, 23.32103], [120.74815, 23.32209], [120.75286, 23.32698], [120.75245, 23.33111], [120.7562, 23.33257], [120.75879, 23.3365], [120.7571, 23.33857], [120.75852, 23.34099], [120.75794, 23.34418], [120.76448, 23.34167], [120.7685, 23.34382], [120.77328, 23.34183], [120.77711, 23.34351], [120.78333, 23.34221], [120.78801, 23.34704], [120.78841, 23.35278], [120.79188, 23.35361], [120.79202, 23.3573], [120.79606, 23.35679], [120.7982, 23.36056], [120.80066, 23.36068], [120.80087, 23.36336], [120.80476, 23.36727], [120.80388, 23.37041], [120.80583, 23.3709], [120.80843, 23.36838], [120.81615, 23.37144], [120.82106, 23.37051], [120.82539, 23.37165], [120.82906, 23.37578], [120.83074, 23.3863], [120.83461, 23.38666], [120.83413, 23.38967], [120.83562, 23.38989], [120.83671, 23.39328], [120.841, 23.39493], [120.83834, 23.39798], [120.84392, 23.4039], [120.84472, 23.40816], [120.84938, 23.41208], [120.84953, 23.42013], [120.85389, 23.42318], [120.85716, 23.42197], [120.85877, 23.42505], [120.86001, 23.42377], [120.86452, 23.42391], [120.86629, 23.42612], [120.86956, 23.42631], [120.87541, 23.43279], [120.88136, 23.43285], [120.88376, 23.43621], [120.88675, 23.43484], [120.8918, 23.44661], [120.89302, 23.44517], [120.8952, 23.44602], [120.89628, 23.45054], [120.90047, 23.45223], [120.90068, 23.4542], [120.90561, 23.45321], [120.90991, 23.45778], [120.92124, 23.45914], [120.92849, 23.45548], [120.92847, 23.45693], [120.93462, 23.45832], [120.93455, 23.46146], [120.93661, 23.46373], [120.94835, 23.4641], [120.95576, 23.46719], [120.95758, 23.4695], [120.96669, 23.47168], [120.97066, 23.46901], [120.98094, 23.46904], [120.98463, 23.46649], [120.99908, 23.46224], [121.00812, 23.46237], [121.01585, 23.45143], [121.01036, 23.44588], [121.01058, 23.44083], [121.01513, 23.43519], [121.01292, 23.43285], [121.01411, 23.43077], [121.02103, 23.42927], [121.02256, 23.42477], [121.02942, 23.42233], [121.02774, 23.4162], [121.02488, 23.41462], [121.02707, 23.41275], [121.02665, 23.40584], [121.02839, 23.40386], [121.02173, 23.39991], [121.01914, 23.4014], [121.01572, 23.39729], [121.01076, 23.39515], [121.00768, 23.39664], [121.00321, 23.3948], [121.00113, 23.39166], [121.00735, 23.38703], [121.00772, 23.38478], [120.99991, 23.38225], [120.99149, 23.37172], [120.98801, 23.37058], [120.98704, 23.35892], [121.00274, 23.35512], [121.00755, 23.35206], [121.0078, 23.34848], [121.01029, 23.34584], [121.01544, 23.34648], [121.01825, 23.35024], [121.02004, 23.35045], [121.02683, 23.33771], [121.03095, 23.33697], [121.0325, 23.33402], [121.03668, 23.33329], [121.03965, 23.32897], [121.04879, 23.32531], [121.04714, 23.31995], [121.04804, 23.31375], [121.04588, 23.30824], [121.03637, 23.30375], [121.03212, 23.30372], [121.02992, 23.29836], [121.02387, 23.29374], [121.0199, 23.29456], [121.0182, 23.29302], [121.00997, 23.29253], [121.00107, 23.28722], [120.99059, 23.28407], [120.98662, 23.2803], [120.97901, 23.28228], [120.97213, 23.28193], [120.96344, 23.27216], [120.9596, 23.27074], [120.95747, 23.26423], [120.95093, 23.25929], [120.94662, 23.25306], [120.9413, 23.25197], [120.93774, 23.2448], [120.93133, 23.24249], [120.92621, 23.24446], [120.9158, 23.238], [120.91157, 23.22786], [120.9116, 23.20919], [120.90677, 23.20548], [120.90735, 23.20125], [120.90588, 23.19939], [120.91153, 23.19013], [120.91247, 23.18668], [120.9111, 23.1823], [120.90921, 23.17984], [120.90596, 23.18062], [120.89854, 23.17647], [120.89851, 23.17351], [120.8959, 23.17163], [120.89497, 23.16069], [120.88727, 23.15818], [120.88355, 23.15352], [120.87639, 23.15135], [120.88111, 23.14637], [120.88568, 23.14445], [120.8879, 23.13668], [120.88601, 23.12758], [120.88806, 23.12245], [120.88497, 23.11928], [120.88939, 23.11006], [120.88812, 23.10421], [120.88915, 23.10052], [120.8855, 23.09248], [120.88556, 23.08892], [120.87796, 23.07812], [120.87542, 23.06863], [120.86916, 23.05969], [120.87448, 23.05097], [120.87975, 23.04771], [120.88137, 23.04253], [120.88009, 23.03602], [120.87906, 23.03446], [120.872, 23.03447], [120.86187, 23.03106], [120.8606, 23.00797], [120.85821, 23.00505], [120.85106, 23.00511], [120.85208, 22.99993], [120.84895, 22.99462], [120.84199, 22.99104], [120.84115, 22.98402], [120.83244, 22.98035], [120.82901, 22.97416], [120.83018, 22.97003], [120.82241, 22.96482], [120.8208, 22.96189], [120.82473, 22.95256], [120.82184, 22.94537], [120.82182, 22.93521], [120.8269, 22.92808], [120.82913, 22.9208], [120.83145, 22.91977], [120.83327, 22.91229], [120.82998, 22.90953], [120.8286, 22.90416], [120.83338, 22.90001], [120.83482, 22.89336], [120.83813, 22.89009], [120.84042, 22.88201], [120.85179, 22.87816], [120.85971, 22.87834], [120.86489, 22.87246], [120.86554, 22.86962], [120.8641, 22.86654], [120.85916, 22.8634], [120.86955, 22.85768], [120.8666, 22.85376], [120.86836, 22.85073], [120.86465, 22.8431], [120.85946, 22.84908], [120.85987, 22.85149], [120.85316, 22.8576], [120.8474, 22.85191], [120.84312, 22.85402], [120.84121, 22.85992], [120.83741, 22.86411], [120.8329, 22.86627], [120.8253, 22.86644], [120.8193, 22.86242], [120.8156, 22.86195], [120.81354, 22.85738], [120.80102, 22.851], [120.79338, 22.85201], [120.79167, 22.84843], [120.79258, 22.84102], [120.7859, 22.83987], [120.77881, 22.83519], [120.77433, 22.83772], [120.76994, 22.84447], [120.76411, 22.84899], [120.76222, 22.85659], [120.7551, 22.86464], [120.74909, 22.86585], [120.74246, 22.87371], [120.73134, 22.87606], [120.72504, 22.8808], [120.72045, 22.882], [120.70434, 22.88054], [120.692, 22.86844], [120.69054, 22.86486], [120.67908, 22.86291], [120.67686, 22.85736], [120.67223, 22.85637], [120.66847, 22.85875], [120.66056, 22.85997], [120.65867, 22.86606], [120.65968, 22.87017], [120.65799, 22.87983], [120.6552, 22.88157], [120.65106, 22.87725], [120.64852, 22.87709], [120.64493, 22.88516], [120.62115, 22.8757], [120.61536, 22.87681], [120.60536, 22.873], [120.57438, 22.84782], [120.56339, 22.83509], [120.55323, 22.82838], [120.53646, 22.82926], [120.53107, 22.83078], [120.52977, 22.8317], [120.53059, 22.83299], [120.51548, 22.83154], [120.51001, 22.82853], [120.50494, 22.83153], [120.49785, 22.83163], [120.49273, 22.83728], [120.49148, 22.83692], [120.49273, 22.83565], [120.48446, 22.83553], [120.48147, 22.83761], [120.47889, 22.83677], [120.47619, 22.83817], [120.46877, 22.83068], [120.4692, 22.8251], [120.4655, 22.81276], [120.46405, 22.80031], [120.45744, 22.78537], [120.45431, 22.77177]]]}}, {"type": "Feature", "properties": {"COUNTYNAME": "彰化縣", "name": "彰化縣", "COUNTYSN": "10007001"}, "geometry": {"type": "MultiPolygon", "coordinates": [[[[120.26482, 23.87243], [120.26486, 23.87246], [120.26491, 23.87247], [120.26491, 23.87243], [120.26488, 23.87234], [120.2638, 23.87108], [120.26365, 23.87094], [120.26359, 23.87088], [120.26347, 23.8708], [120.26301, 23.87038], [120.26267, 23.86999], [120.26232, 23.86965], [120.26216, 23.86946], [120.26189, 23.8691], [120.26181, 23.86903], [120.26174, 23.86901], [120.2617, 23.86901], [120.26167, 23.86904], [120.26165, 23.86909], [120.26169, 23.86917], [120.26208, 23.86967], [120.26223, 23.86975], [120.2623, 23.86981], [120.26245, 23.87], [120.26254, 23.87009], [120.26268, 23.87016], [120.26277, 23.87029], [120.26285, 23.87039], [120.26289, 23.87042], [120.26314, 23.8706], [120.26325, 23.87067], [120.26333, 23.87075], [120.26404, 23.87149], [120.26482, 23.87243]]], [[[120.2693, 23.87133], [120.27001, 23.86964], [120.26852, 23.87056], [120.2693, 23.87133]]], [[[120.27083, 23.86914], [120.27091, 23.86914], [120.27102, 23.86911], [120.27117, 23.86904], [120.27161, 23.86874], [120.27166, 23.86872], [120.27171, 23.86871], [120.27177, 23.86864], [120.27186, 23.86859], [120.27191, 23.86853], [120.27192, 23.86848], [120.27191, 23.86845], [120.27181, 23.86833], [120.27176, 23.8683], [120.27171, 23.86829], [120.27168, 23.86832], [120.27167, 23.86836], [120.27173, 23.86845], [120.27174, 23.8685], [120.27173, 23.86853], [120.27169, 23.86857], [120.27114, 23.86898], [120.27108, 23.86902], [120.27102, 23.86904], [120.27086, 23.86906], [120.27081, 23.86908], [120.27079, 23.86912], [120.27083, 23.86914]]], [[[120.26581, 23.86784], [120.26584, 23.8678], [120.26585, 23.86775], [120.26582, 23.86763], [120.26569, 23.86733], [120.26555, 23.86712], [120.26538, 23.8669], [120.26526, 23.86678], [120.26469, 23.86643], [120.26464, 23.86641], [120.26459, 23.86643], [120.26459, 23.86646], [120.2646, 23.86652], [120.26476, 23.86676], [120.26489, 23.86684], [120.26493, 23.86687], [120.26497, 23.86694], [120.26504, 23.86701], [120.26552, 23.86754], [120.26575, 23.86781], [120.26577, 23.86783], [120.26581, 23.86785], [120.26581, 23.86784]]], [[[120.26638, 23.86722], [120.2664, 23.8672], [120.26641, 23.86715], [120.2664, 23.8671], [120.26637, 23.86705], [120.26636, 23.86702], [120.26631, 23.86698], [120.26624, 23.86681], [120.26614, 23.86665], [120.26613, 23.8666], [120.26613, 23.86652], [120.26612, 23.86648], [120.26568, 23.86583], [120.26558, 23.86569], [120.26548, 23.8656], [120.26546, 23.86555], [120.26542, 23.8655], [120.26539, 23.86549], [120.26539, 23.86553], [120.2654, 23.86558], [120.26566, 23.86604], [120.26583, 23.86628], [120.26602, 23.86666], [120.2661, 23.86684], [120.26629, 23.86717], [120.26631, 23.8672], [120.26635, 23.86722], [120.26638, 23.86722], [120.26638, 23.86722]]], [[[120.26486, 23.86625], [120.26492, 23.86625], [120.26496, 23.86621], [120.26497, 23.86615], [120.26496, 23.86608], [120.26493, 23.86604], [120.26476, 23.86589], [120.26473, 23.86586], [120.26472, 23.86581], [120.26472, 23.86566], [120.2647, 23.86562], [120.26467, 23.86559], [120.26463, 23.86558], [120.26459, 23.86559], [120.26456, 23.86561], [120.26453, 23.8657], [120.26451, 23.866], [120.26451, 23.86604], [120.26454, 23.86607], [120.26475, 23.86623], [120.2648, 23.86625], [120.26486, 23.86625]]], [[[120.6283, 23.93148], [120.63744, 23.92387], [120.63699, 23.92184], [120.63521, 23.92159], [120.63625, 23.91946], [120.63334, 23.91961], [120.63504, 23.91798], [120.63322, 23.91612], [120.6346, 23.91312], [120.63308, 23.91413], [120.6326, 23.91087], [120.62931, 23.91082], [120.63299, 23.90955], [120.63062, 23.90829], [120.63409, 23.90772], [120.63314, 23.90616], [120.63209, 23.90686], [120.63301, 23.9042], [120.63134, 23.90342], [120.63483, 23.90136], [120.63362, 23.90031], [120.63487, 23.8978], [120.63289, 23.89618], [120.63438, 23.89343], [120.6322, 23.89246], [120.63411, 23.89182], [120.63255, 23.88959], [120.62736, 23.88966], [120.62928, 23.88916], [120.62946, 23.88482], [120.62743, 23.88346], [120.62474, 23.87701], [120.62547, 23.87264], [120.62376, 23.87139], [120.62392, 23.86887], [120.62149, 23.86979], [120.61989, 23.86828], [120.62061, 23.86368], [120.62356, 23.86193], [120.62225, 23.86009], [120.62785, 23.85739], [120.62626, 23.8547], [120.62522, 23.85517], [120.62595, 23.85203], [120.62447, 23.85223], [120.62351, 23.84894], [120.61942, 23.84961], [120.62337, 23.84817], [120.62331, 23.8467], [120.6216, 23.84656], [120.62117, 23.84443], [120.61831, 23.84457], [120.61965, 23.84349], [120.61832, 23.84262], [120.61983, 23.84252], [120.61555, 23.84037], [120.61723, 23.83765], [120.62099, 23.84173], [120.62216, 23.84086], [120.62096, 23.8394], [120.62304, 23.83999], [120.62228, 23.83869], [120.62617, 23.84195], [120.62652, 23.8399], [120.62911, 23.83872], [120.62498, 23.83661], [120.62997, 23.83738], [120.62833, 23.83585], [120.63108, 23.83568], [120.62916, 23.83442], [120.63363, 23.83397], [120.62419, 23.83172], [120.62362, 23.82943], [120.63036, 23.83239], [120.63043, 23.83121], [120.6334, 23.83295], [120.63705, 23.83278], [120.63839, 23.83137], [120.63436, 23.83111], [120.63731, 23.83052], [120.63816, 23.8289], [120.63608, 23.82786], [120.63941, 23.82751], [120.63776, 23.82631], [120.64003, 23.82513], [120.63377, 23.82585], [120.63925, 23.82454], [120.63775, 23.82179], [120.63948, 23.82214], [120.63996, 23.82031], [120.64799, 23.81663], [120.65089, 23.8125], [120.66503, 23.81498], [120.66476, 23.81627], [120.6743, 23.82001], [120.67634, 23.81922], [120.67878, 23.81626], [120.67897, 23.80593], [120.68245, 23.80607], [120.68389, 23.80336], [120.68384, 23.80133], [120.67499, 23.79974], [120.66392, 23.79219], [120.64252, 23.78573], [120.63515, 23.78671], [120.63313, 23.7889], [120.6282, 23.78999], [120.58693, 23.79192], [120.57801, 23.7953], [120.56028, 23.79814], [120.55137, 23.80112], [120.53533, 23.8013], [120.52789, 23.79906], [120.50883, 23.80042], [120.48313, 23.80657], [120.45208, 23.81722], [120.43315, 23.83016], [120.42517, 23.83022], [120.41841, 23.82698], [120.41035, 23.82637], [120.37031, 23.82856], [120.35814, 23.82281], [120.30814, 23.8203], [120.25616, 23.83379], [120.24224, 23.84233], [120.24561, 23.84308], [120.25959, 23.86032], [120.26196, 23.86791], [120.26488, 23.86403], [120.26713, 23.86854], [120.26777, 23.86718], [120.26753, 23.86881], [120.26988, 23.86838], [120.26829, 23.86959], [120.2719, 23.86798], [120.27093, 23.86666], [120.27382, 23.86881], [120.2733, 23.86753], [120.27607, 23.86654], [120.28709, 23.87469], [120.28921, 23.88175], [120.29442, 23.88812], [120.29689, 23.89559], [120.30456, 23.90678], [120.31154, 23.92096], [120.31044, 23.92255], [120.31408, 23.92748], [120.31261, 23.92844], [120.31456, 23.92843], [120.3191, 23.93584], [120.30545, 23.93802], [120.3044, 23.94063], [120.32114, 23.96565], [120.32367, 23.96647], [120.32308, 23.97056], [120.33045, 23.98927], [120.34405, 23.99023], [120.34635, 23.98876], [120.34899, 23.99044], [120.34753, 23.99412], [120.34944, 24.00262], [120.35352, 24.00962], [120.35202, 24.01104], [120.35368, 24.00992], [120.35887, 24.02052], [120.36752, 24.03097], [120.36378, 24.03515], [120.3676, 24.03119], [120.37012, 24.03216], [120.36931, 24.03601], [120.37152, 24.03982], [120.37461, 24.04027], [120.38, 24.04415], [120.37599, 24.04697], [120.38168, 24.04468], [120.39968, 24.05418], [120.40174, 24.05335], [120.4067, 24.0555], [120.40743, 24.05688], [120.40558, 24.05772], [120.39922, 24.0585], [120.37799, 24.05799], [120.37753, 24.07652], [120.38314, 24.08042], [120.39554, 24.08328], [120.39642, 24.08588], [120.41953, 24.08609], [120.42721, 24.08386], [120.42647, 24.08464], [120.42989, 24.08746], [120.43515, 24.08982], [120.43253, 24.08941], [120.43082, 24.09165], [120.43534, 24.09361], [120.43104, 24.09504], [120.43651, 24.12143], [120.41761, 24.12137], [120.41192, 24.1033], [120.40205, 24.10303], [120.3942, 24.10635], [120.38655, 24.09768], [120.3886, 24.09723], [120.38184, 24.09686], [120.38027, 24.09271], [120.3799, 24.09503], [120.40402, 24.12587], [120.41403, 24.13188], [120.41078, 24.13448], [120.41411, 24.13264], [120.41984, 24.13682], [120.43917, 24.15865], [120.45952, 24.15899], [120.46383, 24.16127], [120.46746, 24.1656], [120.4622, 24.16822], [120.46911, 24.17802], [120.47094, 24.17755], [120.46713, 24.17926], [120.46925, 24.1825], [120.46741, 24.17928], [120.47109, 24.17776], [120.47481, 24.18226], [120.47323, 24.18349], [120.47495, 24.18249], [120.47702, 24.184], [120.4859, 24.19742], [120.50445, 24.19109], [120.50834, 24.18677], [120.52578, 24.14902], [120.52363, 24.13957], [120.53274, 24.12629], [120.54083, 24.12372], [120.54542, 24.11647], [120.54983, 24.11382], [120.57281, 24.10826], [120.58354, 24.10954], [120.58834, 24.10624], [120.59998, 24.10514], [120.60265, 24.10289], [120.61251, 24.10254], [120.61504, 24.08481], [120.6185, 24.07548], [120.62545, 24.06874], [120.62574, 24.05691], [120.62347, 24.05203], [120.62817, 24.03836], [120.62423, 24.03321], [120.62513, 24.03018], [120.63608, 24.03108], [120.63734, 24.02866], [120.64468, 24.02586], [120.64627, 24.02675], [120.6445, 24.03262], [120.64649, 24.03397], [120.65179, 24.02847], [120.65578, 24.03064], [120.67866, 24.01403], [120.67608, 24.01072], [120.67008, 24.00993], [120.67365, 24.00812], [120.67255, 24.0058], [120.66395, 24.008], [120.64608, 24.00912], [120.64236, 24.00892], [120.6403, 24.0057], [120.63804, 24.00744], [120.63656, 23.99494], [120.64543, 23.98946], [120.65019, 23.9838], [120.6463, 23.97326], [120.64686, 23.96341], [120.64451, 23.96258], [120.64221, 23.95797], [120.63659, 23.95275], [120.63531, 23.95237], [120.63092, 23.95635], [120.62684, 23.95642], [120.63352, 23.95378], [120.63387, 23.95224], [120.63117, 23.95341], [120.62735, 23.95201], [120.63455, 23.9437], [120.63334, 23.94287], [120.6307, 23.94477], [120.63022, 23.94297], [120.63763, 23.93551], [120.63487, 23.93709], [120.632, 23.93285], [120.6283, 23.93148]]]]}}, {"type": "Feature", "properties": {"COUNTYNAME": "嘉義縣", "name": "嘉義縣", "COUNTYSN": "10010001"}, "geometry": {"type": "MultiPolygon", "coordinates": [[[[120.13537, 23.4369], [120.13549, 23.43682], [120.13564, 23.43671], [120.13583, 23.43652], [120.13611, 23.43627], [120.13631, 23.43604], [120.1367, 23.43579], [120.13698, 23.43562], [120.13715, 23.43548], [120.13722, 23.43541], [120.13739, 23.43511], [120.13751, 23.43496], [120.13763, 23.43485], [120.13774, 23.43479], [120.13776, 23.43476], [120.13776, 23.43472], [120.13771, 23.4347], [120.13764, 23.4347], [120.13754, 23.43473], [120.13741, 23.43478], [120.13709, 23.43501], [120.13678, 23.43527], [120.13612, 23.43583], [120.13585, 23.43608], [120.1355, 23.43636], [120.13542, 23.43647], [120.13529, 23.43666], [120.13523, 23.43676], [120.13522, 23.43683], [120.13525, 23.43689], [120.13531, 23.43691], [120.13537, 23.4369]]], [[[120.13579, 23.42546], [120.1369, 23.42134], [120.13517, 23.42313], [120.13579, 23.42546]]], [[[120.14173, 23.4118], [120.14913, 23.3911], [120.14541, 23.39792], [120.14173, 23.4118]]], [[[120.14893, 23.4787], [120.14838, 23.47879], [120.14835, 23.47879], [120.14833, 23.47881], [120.14834, 23.47885], [120.14841, 23.47903], [120.14843, 23.47906], [120.14846, 23.47906], [120.14849, 23.47906], [120.14872, 23.47898], [120.149, 23.47887], [120.14903, 23.47883], [120.14904, 23.4788], [120.14903, 23.47875], [120.14901, 23.47872], [120.14898, 23.47871], [120.14893, 23.4787]]], [[[120.14835, 23.47836], [120.14836, 23.47833], [120.14836, 23.4783], [120.14828, 23.47813], [120.14797, 23.47768], [120.14793, 23.47766], [120.14786, 23.47767], [120.14783, 23.4777], [120.14783, 23.47774], [120.14787, 23.47793], [120.1479, 23.47798], [120.14807, 23.47815], [120.14811, 23.47817], [120.14817, 23.47818], [120.1482, 23.4782], [120.14829, 23.47834], [120.14832, 23.47836], [120.14835, 23.47836]]], [[[120.14046, 23.4772], [120.1405, 23.47717], [120.14052, 23.47711], [120.14052, 23.47704], [120.14047, 23.47698], [120.14038, 23.47695], [120.13987, 23.47706], [120.13983, 23.47709], [120.13984, 23.47716], [120.13986, 23.47721], [120.13995, 23.47725], [120.14046, 23.4772]]], [[[120.14138, 23.47653], [120.14146, 23.4765], [120.14195, 23.47613], [120.14196, 23.47609], [120.14198, 23.47602], [120.14198, 23.47596], [120.14194, 23.47592], [120.1419, 23.47591], [120.14144, 23.47613], [120.1412, 23.47639], [120.14121, 23.47644], [120.14123, 23.47648], [120.14128, 23.47651], [120.14138, 23.47653]]], [[[120.14281, 23.47539], [120.14284, 23.47538], [120.14286, 23.47535], [120.14287, 23.47532], [120.14286, 23.47523], [120.14285, 23.47519], [120.14283, 23.47516], [120.1428, 23.47516], [120.14277, 23.47516], [120.14275, 23.47518], [120.14272, 23.47521], [120.14271, 23.47523], [120.14271, 23.47528], [120.14269, 23.4753], [120.14263, 23.47534], [120.14261, 23.47536], [120.14261, 23.47538], [120.14262, 23.47541], [120.14265, 23.47542], [120.14267, 23.47542], [120.14271, 23.47542], [120.14281, 23.47539]]], [[[120.65197, 23.29116], [120.64711, 23.29737], [120.6435, 23.29582], [120.64202, 23.29273], [120.6437, 23.28939], [120.64186, 23.28756], [120.64405, 23.2822], [120.6419, 23.27848], [120.64316, 23.27604], [120.6406, 23.27406], [120.64117, 23.27113], [120.63826, 23.2693], [120.64073, 23.26635], [120.64217, 23.25667], [120.64854, 23.24912], [120.64922, 23.2468], [120.64788, 23.24463], [120.6513, 23.23578], [120.64947, 23.22872], [120.65312, 23.22432], [120.64689, 23.22712], [120.64415, 23.22532], [120.63403, 23.22925], [120.62829, 23.22944], [120.61831, 23.22562], [120.61677, 23.22354], [120.60983, 23.22263], [120.60656, 23.22578], [120.59726, 23.229], [120.59592, 23.23648], [120.59249, 23.23985], [120.58665, 23.22418], [120.57973, 23.21903], [120.57824, 23.21478], [120.57488, 23.2177], [120.56535, 23.22098], [120.56138, 23.21741], [120.55502, 23.21745], [120.54843, 23.22405], [120.54147, 23.22782], [120.53211, 23.22959], [120.52971, 23.23254], [120.52636, 23.23107], [120.51899, 23.23921], [120.52784, 23.24528], [120.53229, 23.25515], [120.52932, 23.25787], [120.52612, 23.26647], [120.52044, 23.27171], [120.52232, 23.27425], [120.52096, 23.27967], [120.52291, 23.28193], [120.52186, 23.28813], [120.52595, 23.29214], [120.52628, 23.29541], [120.52253, 23.31176], [120.53087, 23.31711], [120.5321, 23.3213], [120.53998, 23.32791], [120.53371, 23.33647], [120.52706, 23.33934], [120.52477, 23.33817], [120.52321, 23.3406], [120.51558, 23.34373], [120.50793, 23.34298], [120.50508, 23.34482], [120.50357, 23.35023], [120.50474, 23.35472], [120.50614, 23.35533], [120.50805, 23.35277], [120.51247, 23.35636], [120.51055, 23.3643], [120.50496, 23.36741], [120.50485, 23.3689], [120.49951, 23.36801], [120.49431, 23.36947], [120.49151, 23.37248], [120.49002, 23.37112], [120.48846, 23.37306], [120.48395, 23.36957], [120.4831, 23.37324], [120.48456, 23.37966], [120.49024, 23.38307], [120.49675, 23.38423], [120.49892, 23.38718], [120.49492, 23.39435], [120.4901, 23.39554], [120.48917, 23.39243], [120.48554, 23.39304], [120.48566, 23.39143], [120.47938, 23.3876], [120.47752, 23.39065], [120.47543, 23.39092], [120.47614, 23.39378], [120.47333, 23.39812], [120.46768, 23.40113], [120.46495, 23.40076], [120.46191, 23.40236], [120.46098, 23.40468], [120.4533, 23.40646], [120.43988, 23.41373], [120.43222, 23.41079], [120.43004, 23.4064], [120.42197, 23.40706], [120.42004, 23.40344], [120.41636, 23.41034], [120.41034, 23.41023], [120.40811, 23.41342], [120.40333, 23.40974], [120.3811, 23.40343], [120.34863, 23.4011], [120.34303, 23.39823], [120.3339, 23.38614], [120.32895, 23.38486], [120.32867, 23.38613], [120.32343, 23.38358], [120.32164, 23.38361], [120.31784, 23.38843], [120.31485, 23.3885], [120.31103, 23.38565], [120.31097, 23.37544], [120.29288, 23.37537], [120.28583, 23.36714], [120.28367, 23.36012], [120.28623, 23.35029], [120.27777, 23.3477], [120.27378, 23.35249], [120.26739, 23.3534], [120.26072, 23.34447], [120.26749, 23.34475], [120.26708, 23.34066], [120.25753, 23.33177], [120.24584, 23.32683], [120.23788, 23.3269], [120.22082, 23.29596], [120.21235, 23.29167], [120.21181, 23.29271], [120.20601, 23.29148], [120.18843, 23.30124], [120.18579, 23.29659], [120.18939, 23.29231], [120.18926, 23.29044], [120.18007, 23.29112], [120.17584, 23.29411], [120.17388, 23.29995], [120.16857, 23.30683], [120.16055, 23.31065], [120.15622, 23.31004], [120.1542, 23.31308], [120.14971, 23.3132], [120.1475, 23.32069], [120.11741, 23.34084], [120.11973, 23.33976], [120.12171, 23.34077], [120.12041, 23.34355], [120.11735, 23.34247], [120.1229, 23.35464], [120.1384, 23.37382], [120.14424, 23.37257], [120.15656, 23.37548], [120.15709, 23.37958], [120.15433, 23.37611], [120.14729, 23.37649], [120.14845, 23.38259], [120.14442, 23.38258], [120.14339, 23.37784], [120.14351, 23.38424], [120.13942, 23.38461], [120.14733, 23.38455], [120.15236, 23.38798], [120.15567, 23.38458], [120.1564, 23.3798], [120.15812, 23.37967], [120.15722, 23.38334], [120.16372, 23.39306], [120.16625, 23.39324], [120.16185, 23.39452], [120.15997, 23.40611], [120.15414, 23.40424], [120.15383, 23.39913], [120.15164, 23.39851], [120.14941, 23.40613], [120.1482, 23.41484], [120.15126, 23.41827], [120.14954, 23.41979], [120.14953, 23.42301], [120.156, 23.42728], [120.15573, 23.42855], [120.15361, 23.42838], [120.149, 23.42551], [120.14885, 23.42741], [120.15047, 23.42769], [120.14551, 23.42858], [120.14689, 23.43835], [120.1556, 23.44825], [120.15096, 23.44896], [120.15278, 23.45214], [120.15224, 23.45484], [120.15114, 23.45566], [120.13869, 23.44892], [120.13992, 23.45066], [120.13877, 23.45265], [120.13539, 23.45111], [120.13642, 23.44847], [120.13819, 23.44902], [120.13539, 23.44769], [120.13325, 23.45157], [120.13905, 23.45803], [120.14481, 23.45981], [120.14695, 23.46516], [120.14557, 23.46422], [120.14608, 23.4661], [120.14432, 23.46803], [120.14486, 23.47339], [120.14584, 23.47407], [120.1459, 23.47227], [120.14784, 23.4737], [120.14603, 23.47421], [120.14689, 23.47498], [120.14901, 23.47474], [120.14904, 23.47812], [120.15579, 23.48405], [120.15664, 23.48752], [120.15523, 23.49106], [120.16009, 23.49183], [120.16936, 23.48987], [120.1684, 23.49056], [120.16995, 23.49173], [120.16073, 23.49291], [120.15785, 23.49502], [120.13356, 23.48814], [120.12467, 23.48871], [120.11943, 23.49547], [120.11944, 23.51717], [120.12487, 23.52047], [120.14245, 23.51742], [120.14584, 23.51847], [120.14584, 23.5208], [120.15812, 23.51592], [120.16457, 23.51581], [120.16656, 23.51722], [120.18094, 23.50987], [120.18993, 23.51004], [120.19932, 23.51305], [120.22304, 23.50431], [120.23909, 23.50768], [120.24389, 23.51078], [120.24706, 23.51514], [120.24191, 23.5395], [120.24355, 23.54376], [120.25611, 23.54608], [120.26342, 23.53355], [120.2684, 23.53027], [120.27196, 23.53076], [120.27641, 23.5435], [120.29088, 23.55075], [120.28913, 23.55752], [120.29021, 23.56242], [120.29548, 23.56459], [120.30657, 23.56287], [120.3106, 23.56448], [120.3103, 23.56714], [120.30647, 23.57205], [120.30738, 23.57463], [120.31151, 23.57503], [120.31956, 23.57236], [120.32716, 23.57427], [120.33311, 23.57912], [120.33448, 23.59269], [120.34306, 23.59187], [120.35898, 23.59498], [120.36565, 23.60237], [120.3665, 23.6078], [120.37999, 23.61], [120.38338, 23.61291], [120.38283, 23.61467], [120.38607, 23.6207], [120.40263, 23.62694], [120.40087, 23.63217], [120.40461, 23.63419], [120.40633, 23.6328], [120.40662, 23.62519], [120.41296, 23.62396], [120.41583, 23.62138], [120.42065, 23.62517], [120.42184, 23.61951], [120.42522, 23.61801], [120.42703, 23.61928], [120.43063, 23.61863], [120.43367, 23.62287], [120.43685, 23.62179], [120.43528, 23.62551], [120.44107, 23.62594], [120.44455, 23.63054], [120.44998, 23.62939], [120.45316, 23.63062], [120.45408, 23.62956], [120.45102, 23.62716], [120.45422, 23.6263], [120.46614, 23.63027], [120.474, 23.63106], [120.47693, 23.6295], [120.47906, 23.63292], [120.48739, 23.63058], [120.48733, 23.63497], [120.48875, 23.63592], [120.49321, 23.63312], [120.50376, 23.63528], [120.50754, 23.63111], [120.50639, 23.62617], [120.51025, 23.61934], [120.51958, 23.60909], [120.52768, 23.60326], [120.52954, 23.59984], [120.53689, 23.59475], [120.55617, 23.59298], [120.55811, 23.58906], [120.56562, 23.58944], [120.56708, 23.58774], [120.57084, 23.588], [120.57677, 23.58349], [120.5813, 23.58211], [120.58599, 23.58264], [120.5898, 23.58573], [120.6003, 23.58312], [120.60636, 23.58422], [120.61033, 23.58274], [120.61551, 23.58533], [120.61889, 23.58413], [120.6234, 23.5901], [120.63104, 23.59007], [120.64855, 23.59342], [120.6471, 23.58688], [120.64929, 23.58591], [120.6492, 23.58358], [120.64406, 23.57901], [120.64342, 23.57597], [120.64752, 23.57658], [120.65083, 23.57244], [120.65703, 23.57248], [120.66052, 23.57588], [120.66999, 23.5785], [120.67621, 23.57051], [120.69354, 23.57632], [120.70903, 23.57564], [120.7104, 23.57099], [120.71606, 23.57107], [120.71766, 23.56905], [120.72433, 23.57189], [120.72802, 23.5703], [120.73615, 23.57045], [120.73508, 23.57513], [120.73212, 23.57721], [120.73397, 23.58416], [120.72989, 23.59366], [120.73264, 23.59716], [120.72872, 23.59909], [120.72484, 23.60381], [120.73002, 23.61053], [120.73724, 23.60962], [120.74455, 23.61267], [120.74797, 23.61146], [120.75254, 23.61483], [120.75815, 23.61245], [120.76375, 23.61248], [120.76942, 23.60842], [120.76992, 23.60617], [120.77513, 23.60492], [120.778, 23.60214], [120.791, 23.60095], [120.795, 23.59718], [120.80338, 23.59661], [120.80512, 23.59857], [120.80953, 23.59865], [120.81376, 23.60099], [120.81759, 23.59959], [120.81852, 23.59823], [120.81687, 23.59561], [120.81986, 23.59038], [120.82551, 23.5864], [120.81984, 23.57758], [120.81974, 23.57429], [120.8219, 23.57098], [120.82064, 23.56244], [120.81409, 23.55619], [120.81602, 23.55334], [120.81156, 23.55108], [120.80891, 23.546], [120.80861, 23.53602], [120.82029, 23.52144], [120.81956, 23.5153], [120.82288, 23.5116], [120.82408, 23.5052], [120.82288, 23.49851], [120.82543, 23.49501], [120.82712, 23.48312], [120.83276, 23.47459], [120.83916, 23.47113], [120.84237, 23.47329], [120.84907, 23.47206], [120.8634, 23.47357], [120.87343, 23.46839], [120.88045, 23.4676], [120.88429, 23.47432], [120.88675, 23.47559], [120.91039, 23.47621], [120.92115, 23.47486], [120.93084, 23.47065], [120.93733, 23.47311], [120.94761, 23.46708], [120.95735, 23.46875], [120.94835, 23.4641], [120.93661, 23.46373], [120.93455, 23.46146], [120.93462, 23.45832], [120.92847, 23.45693], [120.92849, 23.45548], [120.92124, 23.45914], [120.90991, 23.45778], [120.90561, 23.45321], [120.90068, 23.4542], [120.90047, 23.45223], [120.89628, 23.45054], [120.8952, 23.44602], [120.89302, 23.44517], [120.8918, 23.44661], [120.88675, 23.43484], [120.88376, 23.43621], [120.88136, 23.43285], [120.87541, 23.43279], [120.86956, 23.42631], [120.86629, 23.42612], [120.86452, 23.42391], [120.86001, 23.42377], [120.85877, 23.42505], [120.85716, 23.42197], [120.85389, 23.42318], [120.84987, 23.42043], [120.84938, 23.41208], [120.84472, 23.40816], [120.84392, 23.4039], [120.83834, 23.39798], [120.841, 23.39493], [120.83671, 23.39328], [120.83562, 23.38989], [120.83413, 23.38967], [120.83461, 23.38666], [120.83074, 23.3863], [120.82906, 23.37578], [120.82539, 23.37165], [120.82106, 23.37051], [120.81615, 23.37144], [120.80843, 23.36838], [120.80583, 23.3709], [120.80388, 23.37041], [120.80476, 23.36727], [120.80087, 23.36336], [120.80066, 23.36068], [120.7982, 23.36056], [120.79606, 23.35679], [120.79202, 23.3573], [120.79188, 23.35361], [120.78841, 23.35278], [120.78801, 23.34704], [120.78333, 23.34221], [120.77711, 23.34351], [120.77328, 23.34183], [120.7685, 23.34382], [120.76448, 23.34167], [120.75794, 23.34418], [120.75852, 23.34099], [120.7571, 23.33857], [120.75879, 23.3365], [120.7562, 23.33257], [120.75245, 23.33111], [120.75286, 23.32698], [120.74815, 23.32209], [120.7409, 23.32103], [120.73951, 23.31689], [120.73224, 23.31373], [120.73014, 23.31067], [120.73058, 23.3056], [120.72084, 23.30832], [120.71233, 23.3087], [120.70674, 23.30464], [120.70293, 23.29776], [120.7035, 23.28917], [120.6996, 23.28446], [120.69366, 23.28448], [120.6789, 23.28881], [120.67727, 23.28785], [120.675, 23.29071], [120.67135, 23.28996], [120.66704, 23.2941], [120.66263, 23.29352], [120.65842, 23.29593], [120.65511, 23.29175], [120.65197, 23.29116]], [[120.39414, 23.46253], [120.41133, 23.46478], [120.41517, 23.46026], [120.4293, 23.46104], [120.43018, 23.45223], [120.43285, 23.45009], [120.43445, 23.4507], [120.43796, 23.44658], [120.43826, 23.44482], [120.43585, 23.4436], [120.43969, 23.43956], [120.45255, 23.44457], [120.45472, 23.45031], [120.46103, 23.45534], [120.46457, 23.45563], [120.46454, 23.45823], [120.46869, 23.4616], [120.47679, 23.46199], [120.48962, 23.45226], [120.49523, 23.45289], [120.50066, 23.46097], [120.49974, 23.46543], [120.50377, 23.46719], [120.50705, 23.47161], [120.50858, 23.47134], [120.50936, 23.4743], [120.50374, 23.47881], [120.50411, 23.48093], [120.50179, 23.48093], [120.50373, 23.48501], [120.50194, 23.48624], [120.50122, 23.48994], [120.48935, 23.49135], [120.48441, 23.49505], [120.48471, 23.50179], [120.48317, 23.50537], [120.48008, 23.50432], [120.47356, 23.50686], [120.46981, 23.49984], [120.46546, 23.49874], [120.46274, 23.50058], [120.4606, 23.5063], [120.45687, 23.51029], [120.45688, 23.51571], [120.44679, 23.51833], [120.44415, 23.51718], [120.4406, 23.51823], [120.44204, 23.51323], [120.44096, 23.51198], [120.43888, 23.51216], [120.43635, 23.51615], [120.43352, 23.51709], [120.43317, 23.50889], [120.42774, 23.50922], [120.42474, 23.50627], [120.41667, 23.50532], [120.41189, 23.49899], [120.40836, 23.49855], [120.40882, 23.50657], [120.40104, 23.50188], [120.40037, 23.4988], [120.39454, 23.50087], [120.38944, 23.49873], [120.38976, 23.49134], [120.39471, 23.49066], [120.39366, 23.4826], [120.39479, 23.48094], [120.39775, 23.48097], [120.39911, 23.4787], [120.39927, 23.47103], [120.39424, 23.46641], [120.39414, 23.46253]]]]}}, {"type": "Feature", "properties": {"COUNTYNAME": "金門縣", "name": "金門縣", "COUNTYSN": "09020001"}, "geometry": {"type": "MultiPolygon", "coordinates": [[[[118.36483, 24.42842], [118.35178, 24.42222], [118.34484, 24.41524], [118.33641, 24.40297], [118.33085, 24.38874], [118.32772, 24.38711], [118.32552, 24.38761], [118.3238, 24.38546], [118.32012, 24.38592], [118.31533, 24.38972], [118.30929, 24.39057], [118.30448, 24.39569], [118.2959, 24.39592], [118.29658, 24.39784], [118.29486, 24.40012], [118.29068, 24.40207], [118.28933, 24.40526], [118.28637, 24.40615], [118.27815, 24.41358], [118.27978, 24.41545], [118.28464, 24.41493], [118.28667, 24.4164], [118.28719, 24.41505], [118.28904, 24.4165], [118.29149, 24.41404], [118.29572, 24.41405], [118.29949, 24.4163], [118.30167, 24.4201], [118.30089, 24.42434], [118.30476, 24.42709], [118.30826, 24.42648], [118.31079, 24.42837], [118.30858, 24.43303], [118.30792, 24.44381], [118.30184, 24.45464], [118.30143, 24.45885], [118.30304, 24.46162], [118.28726, 24.46991], [118.29174, 24.47845], [118.29935, 24.48135], [118.30513, 24.48766], [118.30965, 24.48738], [118.3099, 24.49001], [118.31443, 24.4899], [118.33346, 24.47423], [118.34492, 24.46697], [118.35115, 24.46447], [118.35423, 24.46514], [118.3687, 24.46115], [118.37357, 24.46136], [118.3797, 24.46604], [118.38039, 24.46995], [118.38083, 24.46554], [118.38433, 24.46754], [118.38633, 24.4728], [118.38501, 24.47822], [118.37894, 24.48347], [118.38701, 24.48344], [118.38728, 24.48598], [118.39503, 24.49095], [118.394, 24.4962], [118.39151, 24.49835], [118.39396, 24.49962], [118.39246, 24.50923], [118.39409, 24.51072], [118.39986, 24.51117], [118.40555, 24.51552], [118.41116, 24.51695], [118.41199, 24.51979], [118.40941, 24.52291], [118.4101, 24.52541], [118.40706, 24.52736], [118.40791, 24.52948], [118.4109, 24.52792], [118.41145, 24.52512], [118.41423, 24.52426], [118.41724, 24.52758], [118.42088, 24.52692], [118.42328, 24.52882], [118.42259, 24.52673], [118.42734, 24.52609], [118.42553, 24.52317], [118.43265, 24.5087], [118.43536, 24.50958], [118.4412, 24.50768], [118.44391, 24.50955], [118.44895, 24.50785], [118.44879, 24.49791], [118.44991, 24.49569], [118.45245, 24.49498], [118.45893, 24.48013], [118.46071, 24.47909], [118.46314, 24.48174], [118.4666, 24.48182], [118.46921, 24.47927], [118.46681, 24.47928], [118.46156, 24.47469], [118.4617, 24.47225], [118.46316, 24.47185], [118.46183, 24.47076], [118.46441, 24.45675], [118.46719, 24.4524], [118.46971, 24.45134], [118.47236, 24.45236], [118.47293, 24.45043], [118.47044, 24.44621], [118.47092, 24.44425], [118.4734, 24.44504], [118.47142, 24.44348], [118.47273, 24.44129], [118.46927, 24.43981], [118.46508, 24.44133], [118.4612, 24.43674], [118.46304, 24.43413], [118.46289, 24.42975], [118.46566, 24.42859], [118.46112, 24.42478], [118.4559, 24.42529], [118.45389, 24.42226], [118.45433, 24.41785], [118.45173, 24.41476], [118.44895, 24.41535], [118.44321, 24.41105], [118.43736, 24.41056], [118.43777, 24.40851], [118.42799, 24.40686], [118.42629, 24.40931], [118.43194, 24.40885], [118.43299, 24.4126], [118.426, 24.41092], [118.43421, 24.41403], [118.42841, 24.42484], [118.41091, 24.42887], [118.40931, 24.42768], [118.41088, 24.43125], [118.4089, 24.42895], [118.40323, 24.43428], [118.39524, 24.43624], [118.38601, 24.43502], [118.36483, 24.42842]]], [[[118.2634, 24.42534], [118.26225, 24.42224], [118.26, 24.42222], [118.25962, 24.42482], [118.2569, 24.42532], [118.24949, 24.42314], [118.24606, 24.41951], [118.24598, 24.41716], [118.24786, 24.4164], [118.24559, 24.41369], [118.24169, 24.41144], [118.24063, 24.41448], [118.23476, 24.4139], [118.22997, 24.41059], [118.22567, 24.40472], [118.2219, 24.40907], [118.21428, 24.40942], [118.21136, 24.41268], [118.21447, 24.41202], [118.21965, 24.41538], [118.21712, 24.42564], [118.22425, 24.42744], [118.22725, 24.43042], [118.22994, 24.44765], [118.23566, 24.4497], [118.24363, 24.44919], [118.24387, 24.45211], [118.24622, 24.45326], [118.25145, 24.45275], [118.26274, 24.44423], [118.26709, 24.44331], [118.26651, 24.43632], [118.26339, 24.43378], [118.26491, 24.42902], [118.26261, 24.42606], [118.2634, 24.42534]]], [[[118.43552, 24.52329], [118.43896, 24.52487], [118.43667, 24.52222], [118.43486, 24.52222], [118.43552, 24.52329]]], [[[118.22896, 24.40451], [118.23139, 24.40309], [118.22889, 24.40282], [118.22896, 24.40451]]], [[[118.41142, 24.52921], [118.41145, 24.52931], [118.41147, 24.52935], [118.41147, 24.52938], [118.41146, 24.52942], [118.41142, 24.52949], [118.41135, 24.52958], [118.4113, 24.52965], [118.41128, 24.5297], [118.41127, 24.52975], [118.41128, 24.5298], [118.4113, 24.52996], [118.41134, 24.53011], [118.41135, 24.53015], [118.41138, 24.53017], [118.41141, 24.53019], [118.41146, 24.5302], [118.41152, 24.5302], [118.4116, 24.53019], [118.41166, 24.53016], [118.41183, 24.53006], [118.41195, 24.52997], [118.41209, 24.52989], [118.41225, 24.52981], [118.41235, 24.52978], [118.4125, 24.52978], [118.41271, 24.52979], [118.41278, 24.52979], [118.41284, 24.52977], [118.4129, 24.52974], [118.41294, 24.52971], [118.413, 24.52964], [118.41305, 24.52957], [118.41312, 24.5295], [118.41317, 24.52941], [118.41327, 24.52926], [118.41335, 24.5291], [118.41338, 24.52905], [118.41342, 24.52899], [118.41344, 24.52896], [118.41345, 24.52892], [118.41345, 24.52889], [118.41345, 24.52884], [118.41344, 24.52883], [118.41342, 24.52881], [118.4134, 24.52879], [118.41337, 24.52878], [118.41327, 24.52875], [118.41317, 24.52872], [118.41305, 24.5287], [118.41301, 24.52869], [118.41295, 24.52867], [118.4129, 24.52864], [118.41287, 24.52861], [118.41285, 24.52857], [118.41282, 24.5285], [118.4128, 24.52842], [118.41279, 24.52837], [118.41278, 24.52833], [118.41276, 24.52829], [118.41274, 24.52826], [118.4127, 24.52823], [118.41267, 24.52821], [118.41262, 24.52818], [118.41257, 24.52817], [118.41245, 24.52816], [118.4122, 24.52816], [118.41205, 24.52816], [118.41194, 24.52817], [118.41189, 24.52817], [118.41184, 24.52818], [118.41181, 24.52819], [118.41177, 24.52822], [118.41172, 24.52828], [118.41169, 24.52833], [118.41166, 24.5284], [118.41161, 24.5285], [118.41159, 24.52857], [118.4116, 24.52865], [118.41161, 24.52875], [118.41161, 24.5288], [118.41161, 24.52882], [118.41159, 24.52885], [118.41152, 24.52894], [118.41145, 24.52904], [118.41143, 24.5291], [118.41142, 24.52915], [118.41142, 24.52919], [118.41142, 24.52921]]], [[[118.45702, 24.41512], [118.45711, 24.41511], [118.45719, 24.41508], [118.45729, 24.41503], [118.45736, 24.41498], [118.45743, 24.41494], [118.45749, 24.41488], [118.45754, 24.41481], [118.45759, 24.41473], [118.4576, 24.41466], [118.45761, 24.41458], [118.45762, 24.41448], [118.45761, 24.41441], [118.4576, 24.41433], [118.45756, 24.41421], [118.45752, 24.4141], [118.45746, 24.414], [118.45736, 24.41387], [118.45718, 24.41366], [118.45709, 24.41355], [118.45691, 24.41335], [118.45674, 24.41319], [118.45659, 24.41305], [118.45647, 24.41296], [118.4564, 24.41291], [118.45631, 24.41287], [118.45618, 24.41281], [118.4561, 24.41279], [118.45602, 24.41278], [118.45599, 24.41279], [118.45596, 24.41281], [118.4559, 24.41287], [118.45587, 24.41292], [118.45583, 24.413], [118.4558, 24.41313], [118.45579, 24.41323], [118.4558, 24.41337], [118.45582, 24.41355], [118.45585, 24.41367], [118.4559, 24.41376], [118.45598, 24.41386], [118.45613, 24.41397], [118.45619, 24.41404], [118.45625, 24.41412], [118.45629, 24.41422], [118.45632, 24.41431], [118.45636, 24.41444], [118.4564, 24.41458], [118.45646, 24.41471], [118.45652, 24.41483], [118.45657, 24.41491], [118.45662, 24.41496], [118.45667, 24.41501], [118.45675, 24.41506], [118.45682, 24.41509], [118.4569, 24.41511], [118.45696, 24.41512], [118.45702, 24.41512]]], [[[118.47559, 24.44788], [118.47572, 24.44796], [118.4758, 24.44804], [118.47588, 24.44815], [118.47595, 24.44827], [118.47603, 24.44838], [118.47609, 24.44846], [118.47614, 24.4485], [118.47619, 24.44854], [118.47627, 24.44856], [118.47636, 24.44857], [118.47642, 24.44857], [118.47653, 24.44856], [118.47661, 24.44853], [118.47668, 24.4485], [118.47673, 24.44847], [118.47676, 24.44844], [118.47679, 24.44839], [118.4768, 24.44836], [118.4768, 24.44829], [118.4768, 24.44823], [118.47679, 24.44814], [118.47676, 24.44806], [118.47673, 24.448], [118.47668, 24.44792], [118.47661, 24.44785], [118.47656, 24.44781], [118.4765, 24.44778], [118.47641, 24.44777], [118.4763, 24.44774], [118.47607, 24.44771], [118.47591, 24.44769], [118.47582, 24.44767], [118.47561, 24.4476], [118.4754, 24.44754], [118.47525, 24.4475], [118.47505, 24.44742], [118.4749, 24.44736], [118.47478, 24.44732], [118.47456, 24.44726], [118.47427, 24.44717], [118.47388, 24.44704], [118.47376, 24.44701], [118.47366, 24.447], [118.47351, 24.44699], [118.47335, 24.44698], [118.47321, 24.44697], [118.47313, 24.44697], [118.47307, 24.44699], [118.47302, 24.44701], [118.47299, 24.44704], [118.47294, 24.44708], [118.47288, 24.44716], [118.47285, 24.44722], [118.47283, 24.44729], [118.47283, 24.44732], [118.47283, 24.44736], [118.47284, 24.44739], [118.47287, 24.44746], [118.47291, 24.44751], [118.47296, 24.44757], [118.47302, 24.44762], [118.47312, 24.44765], [118.47326, 24.44768], [118.47338, 24.4477], [118.47349, 24.4477], [118.47362, 24.44768], [118.47378, 24.44763], [118.47392, 24.4476], [118.47408, 24.44757], [118.47418, 24.44756], [118.47431, 24.44755], [118.47451, 24.44755], [118.47466, 24.44755], [118.47475, 24.44757], [118.47494, 24.44761], [118.47514, 24.44767], [118.47532, 24.44774], [118.47548, 24.44782], [118.47559, 24.44788]]], [[[118.34678, 24.40958], [118.34682, 24.40953], [118.3468, 24.40948], [118.34679, 24.40938], [118.3468, 24.40931], [118.34684, 24.40923], [118.34686, 24.40913], [118.34685, 24.40905], [118.3468, 24.40898], [118.34663, 24.40885], [118.34654, 24.40877], [118.34648, 24.40873], [118.3464, 24.40858], [118.34628, 24.40845], [118.34608, 24.40834], [118.34595, 24.4083], [118.34583, 24.40826], [118.34573, 24.40825], [118.34564, 24.40817], [118.34548, 24.40806], [118.34539, 24.40803], [118.34524, 24.40803], [118.34507, 24.40805], [118.34501, 24.40809], [118.34501, 24.40815], [118.34504, 24.40826], [118.34519, 24.40843], [118.34528, 24.40852], [118.34543, 24.40858], [118.34568, 24.40871], [118.34574, 24.40876], [118.34579, 24.40883], [118.34583, 24.409], [118.34585, 24.40909], [118.34591, 24.40914], [118.34607, 24.4092], [118.34625, 24.40928], [118.34654, 24.40947], [118.34672, 24.40957], [118.34678, 24.40958]]], [[[118.45804, 24.41665], [118.45806, 24.4168], [118.45807, 24.41692], [118.45807, 24.41702], [118.45806, 24.41712], [118.45806, 24.41722], [118.45806, 24.41731], [118.45807, 24.41735], [118.45809, 24.41739], [118.45812, 24.41741], [118.45817, 24.41743], [118.45824, 24.41744], [118.45828, 24.41744], [118.45836, 24.41744], [118.45842, 24.41743], [118.45848, 24.41741], [118.45854, 24.41738], [118.45859, 24.41734], [118.45864, 24.41729], [118.45868, 24.41724], [118.45869, 24.41717], [118.45871, 24.41705], [118.45871, 24.41695], [118.45871, 24.41679], [118.45868, 24.41662], [118.45861, 24.41641], [118.45852, 24.41623], [118.45844, 24.41609], [118.45828, 24.41587], [118.45822, 24.4158], [118.45817, 24.41576], [118.45811, 24.41574], [118.45804, 24.41572], [118.45799, 24.4157], [118.45792, 24.4157], [118.45789, 24.41571], [118.45786, 24.41573], [118.45782, 24.41577], [118.4578, 24.41582], [118.45778, 24.41587], [118.45778, 24.41594], [118.4578, 24.41603], [118.45785, 24.41617], [118.45793, 24.41637], [118.45799, 24.41651], [118.45804, 24.41665]]], [[[118.33771, 24.39547], [118.33776, 24.39545], [118.33786, 24.39537], [118.33792, 24.39526], [118.33796, 24.39511], [118.33799, 24.39493], [118.33802, 24.39479], [118.33802, 24.3947], [118.33799, 24.39457], [118.33794, 24.39448], [118.33788, 24.39442], [118.33776, 24.39436], [118.33766, 24.39433], [118.33758, 24.39434], [118.33749, 24.39439], [118.3374, 24.39452], [118.33737, 24.39463], [118.33737, 24.39476], [118.33736, 24.39483], [118.33732, 24.39496], [118.33732, 24.39507], [118.33737, 24.39528], [118.33747, 24.39547], [118.33753, 24.39552], [118.33757, 24.39553], [118.33762, 24.39551], [118.33771, 24.39547]]], [[[118.47804, 24.44861], [118.47809, 24.44866], [118.47812, 24.44867], [118.47815, 24.44868], [118.47817, 24.44868], [118.4782, 24.44867], [118.47824, 24.44866], [118.47827, 24.44863], [118.47831, 24.44858], [118.47835, 24.44852], [118.47837, 24.44846], [118.47839, 24.44841], [118.47839, 24.44837], [118.4784, 24.44828], [118.4784, 24.44821], [118.47839, 24.44808], [118.47838, 24.44797], [118.47837, 24.44786], [118.47836, 24.44776], [118.47836, 24.44771], [118.47836, 24.44764], [118.47834, 24.44755], [118.47829, 24.44736], [118.47828, 24.44726], [118.47826, 24.44716], [118.47825, 24.44701], [118.47825, 24.44692], [118.47824, 24.44685], [118.47821, 24.44677], [118.47817, 24.4467], [118.47813, 24.44665], [118.47811, 24.44663], [118.47806, 24.44662], [118.47802, 24.44662], [118.47799, 24.44663], [118.47796, 24.44664], [118.47793, 24.44666], [118.47791, 24.4467], [118.47789, 24.44677], [118.47788, 24.44683], [118.47788, 24.44688], [118.4779, 24.44695], [118.47797, 24.44708], [118.47803, 24.44724], [118.47809, 24.44741], [118.4781, 24.44747], [118.47811, 24.44751], [118.47809, 24.44762], [118.47805, 24.44796], [118.47801, 24.44822], [118.47799, 24.44837], [118.478, 24.44848], [118.478, 24.44853], [118.47802, 24.44858], [118.47804, 24.44861]]], [[[118.24166, 24.46003], [118.24168, 24.46013], [118.24172, 24.46023], [118.24177, 24.46031], [118.24183, 24.46038], [118.24192, 24.46044], [118.24199, 24.46048], [118.24206, 24.4605], [118.24221, 24.46053], [118.2423, 24.46054], [118.24239, 24.46054], [118.24245, 24.46052], [118.24249, 24.4605], [118.24251, 24.46046], [118.24252, 24.46041], [118.24251, 24.46034], [118.24248, 24.46028], [118.24238, 24.46009], [118.24232, 24.46001], [118.24223, 24.45993], [118.24216, 24.45988], [118.24208, 24.45985], [118.242, 24.45983], [118.24189, 24.45983], [118.24181, 24.45984], [118.24177, 24.45985], [118.24174, 24.45987], [118.24168, 24.45994], [118.24167, 24.45997], [118.24166, 24.46], [118.24166, 24.46003]]], [[[118.33853, 24.38998], [118.33856, 24.38996], [118.33861, 24.38992], [118.33867, 24.38981], [118.3387, 24.38971], [118.33871, 24.38966], [118.33871, 24.38961], [118.3387, 24.38957], [118.33864, 24.38948], [118.33857, 24.38939], [118.33848, 24.38931], [118.33841, 24.38925], [118.33822, 24.38912], [118.33815, 24.38908], [118.33812, 24.38907], [118.33808, 24.38908], [118.33806, 24.3891], [118.33804, 24.38914], [118.33803, 24.38922], [118.33802, 24.38935], [118.33803, 24.38944], [118.33805, 24.38951], [118.33811, 24.38964], [118.33819, 24.38976], [118.33832, 24.38991], [118.33841, 24.38999], [118.33843, 24.39], [118.33847, 24.39], [118.3385, 24.39], [118.33853, 24.38998]]], [[[118.46727, 24.46258], [118.4673, 24.46262], [118.46732, 24.46265], [118.46735, 24.46269], [118.46739, 24.46272], [118.46741, 24.46274], [118.46744, 24.46276], [118.46747, 24.46276], [118.4675, 24.46276], [118.46754, 24.46274], [118.46758, 24.46271], [118.46762, 24.46268], [118.46764, 24.46264], [118.46765, 24.4626], [118.46764, 24.46257], [118.46763, 24.46254], [118.46755, 24.46245], [118.46747, 24.46237], [118.46742, 24.4623], [118.46739, 24.46224], [118.46735, 24.46216], [118.46731, 24.46206], [118.46729, 24.462], [118.46728, 24.46193], [118.46725, 24.46186], [118.46721, 24.46183], [118.46717, 24.4618], [118.46714, 24.46178], [118.46712, 24.46178], [118.46709, 24.46179], [118.46708, 24.4618], [118.46707, 24.46182], [118.46706, 24.46185], [118.46707, 24.4619], [118.46707, 24.46196], [118.46708, 24.46202], [118.46706, 24.46207], [118.46705, 24.46211], [118.46701, 24.46215], [118.46699, 24.46218], [118.46698, 24.46222], [118.46697, 24.46229], [118.46696, 24.46233], [118.46696, 24.46238], [118.46697, 24.46241], [118.46699, 24.46244], [118.467, 24.46246], [118.46704, 24.46247], [118.46708, 24.46248], [118.46714, 24.4625], [118.46717, 24.46251], [118.46721, 24.46253], [118.46727, 24.46258]]], [[[118.23157, 24.45774], [118.23157, 24.45776], [118.23158, 24.4578], [118.2316, 24.45783], [118.23163, 24.45786], [118.23172, 24.45792], [118.23177, 24.45793], [118.23184, 24.45795], [118.23192, 24.45795], [118.232, 24.45794], [118.23207, 24.45793], [118.23224, 24.45786], [118.23231, 24.45782], [118.23233, 24.4578], [118.23234, 24.45777], [118.23235, 24.45773], [118.23234, 24.45769], [118.23232, 24.45765], [118.2323, 24.45761], [118.23224, 24.45756], [118.23218, 24.45752], [118.23213, 24.45749], [118.23207, 24.45748], [118.23191, 24.45748], [118.23183, 24.45748], [118.23175, 24.4575], [118.23169, 24.45753], [118.23164, 24.45757], [118.23161, 24.45762], [118.23157, 24.45774]]], [[[118.2316, 24.46861], [118.23178, 24.46862], [118.23181, 24.46861], [118.23183, 24.4686], [118.23185, 24.46858], [118.23186, 24.46856], [118.23187, 24.46843], [118.23186, 24.46839], [118.23185, 24.46836], [118.23182, 24.46833], [118.23176, 24.4683], [118.23171, 24.46829], [118.23166, 24.46828], [118.23161, 24.46828], [118.23155, 24.46829], [118.23148, 24.46831], [118.23147, 24.46833], [118.23146, 24.46834], [118.23144, 24.46844], [118.23144, 24.46848], [118.23144, 24.46851], [118.23146, 24.46852], [118.23152, 24.46859], [118.23155, 24.4686], [118.23157, 24.46861], [118.2316, 24.46861]]], [[[118.33623, 24.3866], [118.33626, 24.38658], [118.33629, 24.38654], [118.33632, 24.3865], [118.33633, 24.38645], [118.33632, 24.38637], [118.3363, 24.38631], [118.33625, 24.38626], [118.33622, 24.38624], [118.33618, 24.38624], [118.33612, 24.38625], [118.33606, 24.38629], [118.33601, 24.38634], [118.33599, 24.3864], [118.33599, 24.38643], [118.33601, 24.38651], [118.33604, 24.38659], [118.33608, 24.38663], [118.33611, 24.38664], [118.33614, 24.38664], [118.33616, 24.38663], [118.33623, 24.3866]]]]}}, {"type": "Feature", "properties": {"COUNTYNAME": "新竹市", "name": "新竹市", "COUNTYSN": "10018001"}, "geometry": {"type": "Polygon", "coordinates": [[[120.9109, 24.8272], [120.92101, 24.84318], [120.91324, 24.85192], [120.92326, 24.84462], [120.92407, 24.84593], [120.92227, 24.84693], [120.92366, 24.84635], [120.92471, 24.84811], [120.92344, 24.84879], [120.92478, 24.84826], [120.92542, 24.85], [120.92313, 24.85125], [120.92064, 24.84862], [120.92141, 24.84778], [120.91986, 24.84859], [120.92069, 24.85017], [120.91418, 24.85406], [120.91758, 24.85217], [120.91858, 24.85372], [120.91808, 24.85196], [120.9201, 24.85075], [120.92364, 24.85232], [120.92825, 24.85197], [120.93044, 24.85056], [120.93076, 24.84585], [120.93317, 24.84358], [120.93503, 24.84558], [120.93365, 24.85276], [120.93556, 24.85227], [120.94085, 24.84953], [120.9448, 24.84107], [120.9553, 24.83434], [120.97492, 24.82992], [120.98302, 24.83096], [120.98786, 24.82547], [121.00053, 24.82197], [121.01816, 24.80734], [121.0213, 24.80161], [121.02571, 24.7991], [121.02061, 24.7988], [121.02313, 24.79608], [121.02063, 24.79399], [121.02181, 24.79046], [121.02456, 24.7891], [121.02506, 24.78623], [121.023, 24.78517], [121.0275, 24.78274], [121.0249, 24.78008], [121.02798, 24.77877], [121.02767, 24.77704], [121.0297, 24.77704], [121.02815, 24.77319], [121.03035, 24.77209], [121.02916, 24.76893], [121.03005, 24.76626], [121.03338, 24.76438], [121.03277, 24.76207], [121.02775, 24.75804], [121.02062, 24.75661], [121.01829, 24.76387], [121.01359, 24.77091], [120.99298, 24.78057], [120.99032, 24.77692], [120.98582, 24.77693], [120.98323, 24.77331], [120.98624, 24.77277], [120.98835, 24.76806], [120.98205, 24.76747], [120.9795, 24.76331], [120.96982, 24.76515], [120.96739, 24.75645], [120.9629, 24.75509], [120.96148, 24.75127], [120.95742, 24.74957], [120.95767, 24.74542], [120.954, 24.7434], [120.94814, 24.74522], [120.94416, 24.74428], [120.93986, 24.73269], [120.94233, 24.73043], [120.94181, 24.72854], [120.93803, 24.72949], [120.93927, 24.7254], [120.93863, 24.71665], [120.93543, 24.7126], [120.93109, 24.71466], [120.93028, 24.71662], [120.92374, 24.71454], [120.92087, 24.71663], [120.91366, 24.71736], [120.91626, 24.72151], [120.91383, 24.72412], [120.91417, 24.72706], [120.90859, 24.73635], [120.90784, 24.74107], [120.89526, 24.73268], [120.89232, 24.73313], [120.89096, 24.73177], [120.88748, 24.73387], [120.8848, 24.73278], [120.88361, 24.73451], [120.88104, 24.73327], [120.87852, 24.73521], [120.88333, 24.74062], [120.88352, 24.74388], [120.88756, 24.74605], [120.89952, 24.75979], [120.89705, 24.76759], [120.89513, 24.7656], [120.89136, 24.77476], [120.89315, 24.78031], [120.89251, 24.7884], [120.89535, 24.7988], [120.90043, 24.80562], [120.90359, 24.81738], [120.9109, 24.8272]]]}}]}